validation_sample_id,case_category,recommended_priority,model_name,direction_forward,gamma,alpha_index_forward,alpha,segment_initial_phi_forward,segment_peak_phi_forward,final_phi_forward,transport_retention_forward,final_sync_forward,final_energy_forward,initial_coupling_entropy_global_forward,segment_initial_coupling_entropy_forward,final_coupling_entropy_forward,coupling_entropy_drop_forward,final_coupling_spectral_radius_forward,coupling_concentration_forward,final_M_saturation_fraction_forward,final_C_saturation_fraction_forward,segment_M_saturation_max_forward,segment_C_saturation_max_forward,memory_regime_forward,direction_backward,alpha_index_backward,segment_initial_phi_backward,segment_peak_phi_backward,final_phi_backward,transport_retention_backward,final_sync_backward,final_energy_backward,initial_coupling_entropy_global_backward,segment_initial_coupling_entropy_backward,final_coupling_entropy_backward,coupling_entropy_drop_backward,final_coupling_spectral_radius_backward,coupling_concentration_backward,final_M_saturation_fraction_backward,final_C_saturation_fraction_backward,segment_M_saturation_max_backward,segment_C_saturation_max_backward,memory_regime_backward,H_phi,H_sync,H_entropy,H_spectral_radius,saturation_warning_forward,saturation_warning_backward,saturation_warning_any,memory_strength,hysteresis_detected,topology_only_memory_soft,topology_only_memory_strict,transport_memory_dominant,coupled_transport_topology_memory,low_memory,delta_final_phi_abs,delta_spectral_radius_abs,topology_only_score
n10_ring10_two_edges_removed_cut_e0_e3_probe_e2_e6,self_reinforced_transport,C,base_stabilized_coupling,forward,0.2,6,0.4,0.0,0.0,0.0,0.0,0.0,0.0252881960795594,2.4570351352126023,0.6645708447037152,0.1712072866417337,0.4933635580619814,0.0012361566893144,15.622306427548436,0.0,0.0,0.0,0.0,memory_decay_or_suppression,backward,0,0.0029838625790902,0.0602410301791937,0.0,0.0,0.0,0.2692637264817154,2.4570351352126023,2.4570351352126023,2.614321081390377,-0.1572859461777742,0.2376471012289978,1.4989239164532009,0.0,0.0,0.0,0.0,memory_decay_or_suppression,0.0,0.0,2.4431137947486428,0.9947983514887564,False,False,False,0.498261912802161,True,True,True,False,False,False,0.0,0.2364109445396834,1.9874019017846143
n10_ring10_two_edges_removed_cut_e0_e1_probe_e3_e7,self_reinforced_transport,C,base_stabilized_coupling,forward,0.2,6,0.4,0.0,0.0,0.0,0.0,0.0,0.0252881960795594,2.4570351352126023,0.6645708447037152,0.1712072866417337,0.4933635580619814,0.0012361566893144,15.622306427548436,0.0,0.0,0.0,0.0,memory_decay_or_suppression,backward,0,0.0029838625790902,0.0602410301791937,0.0,0.0,0.0,0.2692637264817154,2.4570351352126023,2.4570351352126023,2.614321081390377,-0.1572859461777742,0.2376471012289978,1.4989239164532009,0.0,0.0,0.0,0.0,memory_decay_or_suppression,0.0,0.0,2.4431137947486428,0.9947983514887564,False,False,False,0.498261912802161,True,True,True,False,False,False,0.0,0.2364109445396834,1.9874019017846143
n10_ring10_two_edges_removed_cut_e0_e1_probe_e3_e7,mixed_adaptive_topology_response,B,base_stabilized_coupling,forward,0.2,6,0.4,0.0,0.0,0.0,0.0,0.0,0.0252881960795594,2.4570351352126023,0.6645708447037152,0.1712072866417337,0.4933635580619814,0.0012361566893144,15.622306427548436,0.0,0.0,0.0,0.0,memory_decay_or_suppression,backward,0,0.0029838625790902,0.0602410301791937,0.0,0.0,0.0,0.2692637264817154,2.4570351352126023,2.4570351352126023,2.614321081390377,-0.1572859461777742,0.2376471012289978,1.4989239164532009,0.0,0.0,0.0,0.0,memory_decay_or_suppression,0.0,0.0,2.4431137947486428,0.9947983514887564,False,False,False,0.498261912802161,True,True,True,False,False,False,0.0,0.2364109445396834,1.9874019017846143
n10_ring10_two_edges_removed_cut_e0_e3_probe_e2_e6,mixed_adaptive_topology_response,B,base_stabilized_coupling,forward,0.2,6,0.4,0.0,0.0,0.0,0.0,0.0,0.0252881960795594,2.4570351352126023,0.6645708447037152,0.1712072866417337,0.4933635580619814,0.0012361566893144,15.622306427548436,0.0,0.0,0.0,0.0,memory_decay_or_suppression,backward,0,0.0029838625790902,0.0602410301791937,0.0,0.0,0.0,0.2692637264817154,2.4570351352126023,2.4570351352126023,2.614321081390377,-0.1572859461777742,0.2376471012289978,1.4989239164532009,0.0,0.0,0.0,0.0,memory_decay_or_suppression,0.0,0.0,2.4431137947486428,0.9947983514887564,False,False,False,0.498261912802161,True,True,True,False,False,False,0.0,0.2364109445396834,1.9874019017846143
n10_ring10_two_edges_removed_cut_e0_e1_probe_e3_e7,stable_synchronization_island,B,base_stabilized_coupling,forward,0.2,6,0.4,0.0,0.0,0.0,0.0,0.0,0.0252881960795594,2.4570351352126023,0.6645708447037152,0.1712072866417337,0.4933635580619814,0.0012361566893144,15.622306427548436,0.0,0.0,0.0,0.0,memory_decay_or_suppression,backward,0,0.0029838625790902,0.0602410301791937,0.0,0.0,0.0,0.2692637264817154,2.4570351352126023,2.4570351352126023,2.614321081390377,-0.1572859461777742,0.2376471012289978,1.4989239164532009,0.0,0.0,0.0,0.0,memory_decay_or_suppression,0.0,0.0,2.4431137947486428,0.9947983514887564,False,False,False,0.498261912802161,True,True,True,False,False,False,0.0,0.2364109445396834,1.9874019017846143
n10_ring10_two_edges_removed_cut_e0_e3_probe_e2_e6,stable_synchronization_island,B,base_stabilized_coupling,forward,0.2,6,0.4,0.0,0.0,0.0,0.0,0.0,0.0252881960795594,2.4570351352126023,0.6645708447037152,0.1712072866417337,0.4933635580619814,0.0012361566893144,15.622306427548436,0.0,0.0,0.0,0.0,memory_decay_or_suppression,backward,0,0.0029838625790902,0.0602410301791937,0.0,0.0,0.0,0.2692637264817154,2.4570351352126023,2.4570351352126023,2.614321081390377,-0.1572859461777742,0.2376471012289978,1.4989239164532009,0.0,0.0,0.0,0.0,memory_decay_or_suppression,0.0,0.0,2.4431137947486428,0.9947983514887564,False,False,False,0.498261912802161,True,True,True,False,False,False,0.0,0.2364109445396834,1.9874019017846143
n10_ring10_two_edges_removed_cut_e0_e3_probe_e2_e6,mixed_adaptive_topology_response,B,gradient_driven_coupling,forward,0.2,6,0.4,0.0,0.0,0.0,0.0,0.0,0.0253743396270859,2.347284191955556,0.6595355539546505,0.1726061339326671,0.4869294200219833,0.0012511198465702,15.61310226388376,0.0,0.0,0.0,0.0,memory_decay_or_suppression,backward,0,0.0029838625790902,0.0480183479931178,0.0,0.0,0.0,0.2805432776626073,2.347284191955556,2.347284191955556,2.5208669970209514,-0.1735828050653953,0.2477565169359663,1.6763930424528255,0.0,0.0,0.0,0.0,memory_decay_or_suppression,0.0,0.0,2.348260863088284,0.9949502040832754,False,False,False,0.497599595838746,True,True,True,False,False,False,0.0,0.2465053970893961,1.9757194348525062
n10_ring10_two_edges_removed_cut_e0_e1_probe_e3_e7,mixed_adaptive_topology_response,B,gradient_driven_coupling,forward,0.2,6,0.4,0.0,0.0,0.0,0.0,0.0,0.0253743396270859,2.347284191955556,0.6595355539546505,0.1726061339326671,0.4869294200219833,0.0012511198465702,15.61310226388376,0.0,0.0,0.0,0.0,memory_decay_or_suppression,backward,0,0.0029838625790902,0.0480183479931178,0.0,0.0,0.0,0.2805432776626073,2.347284191955556,2.347284191955556,2.5208669970209514,-0.1735828050653953,0.2477565169359663,1.6763930424528255,0.0,0.0,0.0,0.0,memory_decay_or_suppression,0.0,0.0,2.348260863088284,0.9949502040832754,False,False,False,0.497599595838746,True,True,True,False,False,False,0.0,0.2465053970893961,1.9757194348525062
n10_ring10_two_edges_removed_cut_e0_e3_probe_e2_e6,mixed_adaptive_topology_response,B,base_stabilized_coupling,forward,0.2,5,0.3,0.0,0.0,0.0,0.0,0.0,0.0260456846186178,2.4570351352126023,1.7878491074392762,0.6645708447037152,1.1232782627355609,0.000999572475489,14.09615963962145,0.0,0.0,0.0,0.0,memory_decay_or_suppression,backward,1,0.0,0.0,0.0,0.0,0.0,0.1388017821085317,2.4570351352126023,2.614321081390377,2.522971232122139,0.0913498492682376,0.0867860848910416,1.7743720459435368,0.0,0.0,0.0,0.0,memory_decay_or_suppression,0.0,0.0,1.858400387418424,0.9884823416365368,False,False,False,0.4952823501150165,True,True,True,False,False,False,0.0,0.0857865124155526,1.9574172528791403
n10_ring10_two_edges_removed_cut_e0_e1_probe_e3_e7,mixed_adaptive_topology_response,B,base_stabilized_coupling,forward,0.2,5,0.3,0.0,0.0,0.0,0.0,0.0,0.0260456846186178,2.4570351352126023,1.7878491074392762,0.6645708447037152,1.1232782627355609,0.000999572475489,14.09615963962145,0.0,0.0,0.0,0.0,memory_decay_or_suppression,backward,1,0.0,0.0,0.0,0.0,0.0,0.1388017821085317,2.4570351352126023,2.614321081390377,2.522971232122139,0.0913498492682376,0.0867860848910416,1.7743720459435368,0.0,0.0,0.0,0.0,memory_decay_or_suppression,0.0,0.0,1.858400387418424,0.9884823416365368,False,False,False,0.4952823501150165,True,True,True,False,False,False,0.0,0.0857865124155526,1.9574172528791403
n10_ring10_two_edges_removed_cut_e0_e1_probe_e3_e7,self_reinforced_transport,C,base_stabilized_coupling,forward,0.2,5,0.3,0.0,0.0,0.0,0.0,0.0,0.0260456846186178,2.4570351352126023,1.7878491074392762,0.6645708447037152,1.1232782627355609,0.000999572475489,14.09615963962145,0.0,0.0,0.0,0.0,memory_decay_or_suppression,backward,1,0.0,0.0,0.0,0.0,0.0,0.1388017821085317,2.4570351352126023,2.614321081390377,2.522971232122139,0.0913498492682376,0.0867860848910416,1.7743720459435368,0.0,0.0,0.0,0.0,memory_decay_or_suppression,0.0,0.0,1.858400387418424,0.9884823416365368,False,False,False,0.4952823501150165,True,True,True,False,False,False,0.0,0.0857865124155526,1.9574172528791403
n10_ring10_two_edges_removed_cut_e0_e3_probe_e2_e6,self_reinforced_transport,C,base_stabilized_coupling,forward,0.2,5,0.3,0.0,0.0,0.0,0.0,0.0,0.0260456846186178,2.4570351352126023,1.7878491074392762,0.6645708447037152,1.1232782627355609,0.000999572475489,14.09615963962145,0.0,0.0,0.0,0.0,memory_decay_or_suppression,backward,1,0.0,0.0,0.0,0.0,0.0,0.1388017821085317,2.4570351352126023,2.614321081390377,2.522971232122139,0.0913498492682376,0.0867860848910416,1.7743720459435368,0.0,0.0,0.0,0.0,memory_decay_or_suppression,0.0,0.0,1.858400387418424,0.9884823416365368,False,False,False,0.4952823501150165,True,True,True,False,False,False,0.0,0.0857865124155526,1.9574172528791403
n10_ring10_two_edges_removed_cut_e0_e1_probe_e3_e7,stable_synchronization_island,B,base_stabilized_coupling,forward,0.2,5,0.3,0.0,0.0,0.0,0.0,0.0,0.0260456846186178,2.4570351352126023,1.7878491074392762,0.6645708447037152,1.1232782627355609,0.000999572475489,14.09615963962145,0.0,0.0,0.0,0.0,memory_decay_or_suppression,backward,1,0.0,0.0,0.0,0.0,0.0,0.1388017821085317,2.4570351352126023,2.614321081390377,2.522971232122139,0.0913498492682376,0.0867860848910416,1.7743720459435368,0.0,0.0,0.0,0.0,memory_decay_or_suppression,0.0,0.0,1.858400387418424,0.9884823416365368,False,False,False,0.4952823501150165,True,True,True,False,False,False,0.0,0.0857865124155526,1.9574172528791403
n10_ring10_two_edges_removed_cut_e0_e3_probe_e2_e6,stable_synchronization_island,B,base_stabilized_coupling,forward,0.2,5,0.3,0.0,0.0,0.0,0.0,0.0,0.0260456846186178,2.4570351352126023,1.7878491074392762,0.6645708447037152,1.1232782627355609,0.000999572475489,14.09615963962145,0.0,0.0,0.0,0.0,memory_decay_or_suppression,backward,1,0.0,0.0,0.0,0.0,0.0,0.1388017821085317,2.4570351352126023,2.614321081390377,2.522971232122139,0.0913498492682376,0.0867860848910416,1.7743720459435368,0.0,0.0,0.0,0.0,memory_decay_or_suppression,0.0,0.0,1.858400387418424,0.9884823416365368,False,False,False,0.4952823501150165,True,True,True,False,False,False,0.0,0.0857865124155526,1.9574172528791403
n10_ring10_two_edges_removed_cut_e0_e1_probe_e3_e7,mixed_adaptive_topology_response,B,gradient_driven_coupling,forward,0.2,5,0.3,0.0,0.0,0.0,0.0,0.0,0.0262334632515376,2.347284191955556,1.7411342968411263,0.6595355539546505,1.081598742886476,0.001024650819033,14.075500627053414,0.0,0.0,0.0,0.0,memory_decay_or_suppression,backward,1,0.0,0.0,0.0,0.0,0.0,0.1456119742961162,2.347284191955556,2.5208669970209514,2.435934081208643,0.0849329158123084,0.0921227642044622,1.8603834917123336,0.0,0.0,0.0,0.0,memory_decay_or_suppression,0.0,0.0,1.7763985272539924,0.9888773331014282,False,False,False,0.4946808178691946,True,True,True,False,False,False,0.0,0.09109811338542921,1.9459779248174045
n10_ring10_two_edges_removed_cut_e0_e3_probe_e2_e6,mixed_adaptive_topology_response,B,gradient_driven_coupling,forward,0.2,5,0.3,0.0,0.0,0.0,0.0,0.0,0.0262334632515376,2.347284191955556,1.7411342968411263,0.6595355539546505,1.081598742886476,0.001024650819033,14.075500627053414,0.0,0.0,0.0,0.0,memory_decay_or_suppression,backward,1,0.0,0.0,0.0,0.0,0.0,0.1456119742961162,2.347284191955556,2.5208669970209514,2.435934081208643,0.0849329158123084,0.0921227642044622,1.8603834917123336,0.0,0.0,0.0,0.0,memory_decay_or_suppression,0.0,0.0,1.7763985272539924,0.9888773331014282,False,False,False,0.4946808178691946,True,True,True,False,False,False,0.0,0.09109811338542921,1.9459779248174045
n10_ring10_two_edges_removed_cut_e0_e1_probe_e3_e7,mixed_adaptive_topology_response,B,base_stabilized_coupling,forward,0.2,4,0.2,0.0,0.0,0.0,0.0,0.0,0.0277505817506635,2.4570351352126023,2.542286180775955,1.7878491074392762,0.7544370733366788,0.000793324520726,8.995723696649032,0.0,0.0,0.0,0.0,memory_decay_or_suppression,backward,2,0.0,0.0,0.0,0.0,0.0,0.0657516020399773,2.4570351352126023,2.522971232122139,2.4703507078870324,0.0526205242351065,0.0250907951529095,2.17708410784352,0.0,0.0,0.0,0.0,memory_decay_or_suppression,0.0,0.0,0.6825016004477562,0.9683818501223388,False,False,False,0.4853552664521533,True,True,True,False,False,False,0.0,0.0242974706321835,1.913648122311688
n10_ring10_two_edges_removed_cut_e0_e3_probe_e2_e6,mixed_adaptive_topology_response,B,base_stabilized_coupling,forward,0.2,4,0.2,0.0,0.0,0.0,0.0,0.0,0.0277505817506635,2.4570351352126023,2.542286180775955,1.7878491074392762,0.7544370733366788,0.000793324520726,8.995723696649032,0.0,0.0,0.0,0.0,memory_decay_or_suppression,backward,2,0.0,0.0,0.0,0.0,0.0,0.0657516020399773,2.4570351352126023,2.522971232122139,2.4703507078870324,0.0526205242351065,0.0250907951529095,2.17708410784352,0.0,0.0,0.0,0.0,memory_decay_or_suppression,0.0,0.0,0.6825016004477562,0.9683818501223388,False,False,False,0.4853552664521533,True,True,True,False,False,False,0.0,0.0242974706321835,1.913648122311688
n10_ring10_two_edges_removed_cut_e0_e3_probe_e2_e6,self_reinforced_transport,C,base_stabilized_coupling,forward,0.2,4,0.2,0.0,0.0,0.0,0.0,0.0,0.0277505817506635,2.4570351352126023,2.542286180775955,1.7878491074392762,0.7544370733366788,0.000793324520726,8.995723696649032,0.0,0.0,0.0,0.0,memory_decay_or_suppression,backward,2,0.0,0.0,0.0,0.0,0.0,0.0657516020399773,2.4570351352126023,2.522971232122139,2.4703507078870324,0.0526205242351065,0.0250907951529095,2.17708410784352,0.0,0.0,0.0,0.0,memory_decay_or_suppression,0.0,0.0,0.6825016004477562,0.9683818501223388,False,False,False,0.4853552664521533,True,True,True,False,False,False,0.0,0.0242974706321835,1.913648122311688
n10_ring10_two_edges_removed_cut_e0_e3_probe_e2_e6,stable_synchronization_island,B,base_stabilized_coupling,forward,0.2,4,0.2,0.0,0.0,0.0,0.0,0.0,0.0277505817506635,2.4570351352126023,2.542286180775955,1.7878491074392762,0.7544370733366788,0.000793324520726,8.995723696649032,0.0,0.0,0.0,0.0,memory_decay_or_suppression,backward,2,0.0,0.0,0.0,0.0,0.0,0.0657516020399773,2.4570351352126023,2.522971232122139,2.4703507078870324,0.0526205242351065,0.0250907951529095,2.17708410784352,0.0,0.0,0.0,0.0,memory_decay_or_suppression,0.0,0.0,0.6825016004477562,0.9683818501223388,False,False,False,0.4853552664521533,True,True,True,False,False,False,0.0,0.0242974706321835,1.913648122311688
n10_ring10_two_edges_removed_cut_e0_e1_probe_e3_e7,stable_synchronization_island,B,base_stabilized_coupling,forward,0.2,4,0.2,0.0,0.0,0.0,0.0,0.0,0.0277505817506635,2.4570351352126023,2.542286180775955,1.7878491074392762,0.7544370733366788,0.000793324520726,8.995723696649032,0.0,0.0,0.0,0.0,memory_decay_or_suppression,backward,2,0.0,0.0,0.0,0.0,0.0,0.0657516020399773,2.4570351352126023,2.522971232122139,2.4703507078870324,0.0526205242351065,0.0250907951529095,2.17708410784352,0.0,0.0,0.0,0.0,memory_decay_or_suppression,0.0,0.0,0.6825016004477562,0.9683818501223388,False,False,False,0.4853552664521533,True,True,True,False,False,False,0.0,0.0242974706321835,1.913648122311688
n10_ring10_two_edges_removed_cut_e0_e1_probe_e3_e7,self_reinforced_transport,C,base_stabilized_coupling,forward,0.2,4,0.2,0.0,0.0,0.0,0.0,0.0,0.0277505817506635,2.4570351352126023,2.542286180775955,1.7878491074392762,0.7544370733366788,0.000793324520726,8.995723696649032,0.0,0.0,0.0,0.0,memory_decay_or_suppression,backward,2,0.0,0.0,0.0,0.0,0.0,0.0657516020399773,2.4570351352126023,2.522971232122139,2.4703507078870324,0.0526205242351065,0.0250907951529095,2.17708410784352,0.0,0.0,0.0,0.0,memory_decay_or_suppression,0.0,0.0,0.6825016004477562,0.9683818501223388,False,False,False,0.4853552664521533,True,True,True,False,False,False,0.0,0.0242974706321835,1.913648122311688
n10_ring10_two_edges_removed_cut_e0_e3_probe_e2_e6,mixed_adaptive_topology_response,B,gradient_driven_coupling,forward,0.2,4,0.2,0.0,0.0,0.0,0.0,0.0,0.0281631816662925,2.347284191955556,2.461001180883508,1.7411342968411263,0.7198668840423812,0.0008405531881077,9.03849797050427,0.0,0.0,0.0,0.0,memory_decay_or_suppression,backward,2,0.0,0.0,0.0,0.0,0.0,0.0689862596553138,2.347284191955556,2.435934081208643,2.389281304485633,0.0466527767230098,0.0269639024858351,2.2423721260319485,0.0,0.0,0.0,0.0,memory_decay_or_suppression,0.0,0.0,0.6481470076445066,0.9688267234493192,False,False,False,0.4837157845037864,True,True,True,False,False,False,0.0,0.0261233492977274,1.9022586761120412
n10_ring10_two_edges_removed_cut_e0_e1_probe_e3_e7,mixed_adaptive_topology_response,B,gradient_driven_coupling,forward,0.2,4,0.2,0.0,0.0,0.0,0.0,0.0,0.0281631816662925,2.347284191955556,2.461001180883508,1.7411342968411263,0.7198668840423812,0.0008405531881077,9.03849797050427,0.0,0.0,0.0,0.0,memory_decay_or_suppression,backward,2,0.0,0.0,0.0,0.0,0.0,0.0689862596553138,2.347284191955556,2.435934081208643,2.389281304485633,0.0466527767230098,0.0269639024858351,2.2423721260319485,0.0,0.0,0.0,0.0,memory_decay_or_suppression,0.0,0.0,0.6481470076445066,0.9688267234493192,False,False,False,0.4837157845037864,True,True,True,False,False,False,0.0,0.0261233492977274,1.9022586761120412
n10_ring10_two_edges_removed_cut_e0_e3_probe_e2_e6,self_reinforced_transport,C,base_stabilized_coupling,forward,0.2,1,0.02,0.0,0.0,0.0,0.0,0.0,0.0728392080217116,2.4570351352126023,2.467252168755457,2.5334817236782445,-0.0662295549227875,0.0136744518685442,1.6565382695832451,0.0,0.0,0.0,0.0,memory_decay_or_suppression,backward,5,0.0,0.0,0.0,0.0,0.0,0.0277353308219183,2.4570351352126023,2.4007644506557755,2.3418283897381578,0.0589360609176177,0.0003697378594215,4.17459950149936,0.0,0.0,0.0,0.0,memory_decay_or_suppression,0.0,0.0,0.1916533339400867,0.9729614127170214,False,False,False,0.3996654232072665,True,True,True,False,False,False,0.0,0.013304714009122701,1.8708904067998615
n10_ring10_two_edges_removed_cut_e0_e1_probe_e3_e7,stable_synchronization_island,B,base_stabilized_coupling,forward,0.2,1,0.02,0.0,0.0,0.0,0.0,0.0,0.0728392080217116,2.4570351352126023,2.467252168755457,2.5334817236782445,-0.0662295549227875,0.0136744518685442,1.6565382695832451,0.0,0.0,0.0,0.0,memory_decay_or_suppression,backward,5,0.0,0.0,0.0,0.0,0.0,0.0277353308219183,2.4570351352126023,2.4007644506557755,2.3418283897381578,0.0589360609176177,0.0003697378594215,4.17459950149936,0.0,0.0,0.0,0.0,memory_decay_or_suppression,0.0,0.0,0.1916533339400867,0.9729614127170214,False,False,False,0.3996654232072665,True,True,True,False,False,False,0.0,0.013304714009122701,1.8708904067998615
n10_ring10_two_edges_removed_cut_e0_e3_probe_e2_e6,stable_synchronization_island,B,base_stabilized_coupling,forward,0.2,1,0.02,0.0,0.0,0.0,0.0,0.0,0.0728392080217116,2.4570351352126023,2.467252168755457,2.5334817236782445,-0.0662295549227875,0.0136744518685442,1.6565382695832451,0.0,0.0,0.0,0.0,memory_decay_or_suppression,backward,5,0.0,0.0,0.0,0.0,0.0,0.0277353308219183,2.4570351352126023,2.4007644506557755,2.3418283897381578,0.0589360609176177,0.0003697378594215,4.17459950149936,0.0,0.0,0.0,0.0,memory_decay_or_suppression,0.0,0.0,0.1916533339400867,0.9729614127170214,False,False,False,0.3996654232072665,True,True,True,False,False,False,0.0,0.013304714009122701,1.8708904067998615
n10_ring10_two_edges_removed_cut_e0_e1_probe_e3_e7,self_reinforced_transport,C,base_stabilized_coupling,forward,0.2,1,0.02,0.0,0.0,0.0,0.0,0.0,0.0728392080217116,2.4570351352126023,2.467252168755457,2.5334817236782445,-0.0662295549227875,0.0136744518685442,1.6565382695832451,0.0,0.0,0.0,0.0,memory_decay_or_suppression,backward,5,0.0,0.0,0.0,0.0,0.0,0.0277353308219183,2.4570351352126023,2.4007644506557755,2.3418283897381578,0.0589360609176177,0.0003697378594215,4.17459950149936,0.0,0.0,0.0,0.0,memory_decay_or_suppression,0.0,0.0,0.1916533339400867,0.9729614127170214,False,False,False,0.3996654232072665,True,True,True,False,False,False,0.0,0.013304714009122701,1.8708904067998615
n10_ring10_two_edges_removed_cut_e0_e1_probe_e3_e7,mixed_adaptive_topology_response,B,base_stabilized_coupling,forward,0.2,1,0.02,0.0,0.0,0.0,0.0,0.0,0.0728392080217116,2.4570351352126023,2.467252168755457,2.5334817236782445,-0.0662295549227875,0.0136744518685442,1.6565382695832451,0.0,0.0,0.0,0.0,memory_decay_or_suppression,backward,5,0.0,0.0,0.0,0.0,0.0,0.0277353308219183,2.4570351352126023,2.4007644506557755,2.3418283897381578,0.0589360609176177,0.0003697378594215,4.17459950149936,0.0,0.0,0.0,0.0,memory_decay_or_suppression,0.0,0.0,0.1916533339400867,0.9729614127170214,False,False,False,0.3996654232072665,True,True,True,False,False,False,0.0,0.013304714009122701,1.8708904067998615
n10_ring10_two_edges_removed_cut_e0_e3_probe_e2_e6,mixed_adaptive_topology_response,B,base_stabilized_coupling,forward,0.2,1,0.02,0.0,0.0,0.0,0.0,0.0,0.0728392080217116,2.4570351352126023,2.467252168755457,2.5334817236782445,-0.0662295549227875,0.0136744518685442,1.6565382695832451,0.0,0.0,0.0,0.0,memory_decay_or_suppression,backward,5,0.0,0.0,0.0,0.0,0.0,0.0277353308219183,2.4570351352126023,2.4007644506557755,2.3418283897381578,0.0589360609176177,0.0003697378594215,4.17459950149936,0.0,0.0,0.0,0.0,memory_decay_or_suppression,0.0,0.0,0.1916533339400867,0.9729614127170214,False,False,False,0.3996654232072665,True,True,True,False,False,False,0.0,0.013304714009122701,1.8708904067998615
n10_ring10_two_edges_removed_cut_e0_e1_probe_e3_e7,mixed_adaptive_topology_response,B,gradient_driven_coupling,forward,0.2,1,0.02,0.0,0.0,0.0,0.0,0.0,0.0801175312851231,2.347284191955556,2.3944083056024383,2.4575894028890106,-0.0631810972865722,0.0145808525743241,2.203765425421583,0.0,0.0,0.0,0.0,memory_decay_or_suppression,backward,5,0.0,0.0,0.0,0.0,0.0,0.0279124366831587,2.347284191955556,2.3254946903320777,2.2718239410143752,0.0536707493177024,0.0003940052367875,4.201516195158135,0.0,0.0,0.0,0.0,memory_decay_or_suppression,0.0,0.0,0.1857654618746353,0.9729779012748304,False,False,False,0.3970434949265507,True,True,True,False,False,False,0.0,0.0141868473375366,1.8590725758310436
n10_ring10_two_edges_removed_cut_e0_e3_probe_e2_e6,mixed_adaptive_topology_response,B,gradient_driven_coupling,forward,0.2,1,0.02,0.0,0.0,0.0,0.0,0.0,0.0801175312851231,2.347284191955556,2.3944083056024383,2.4575894028890106,-0.0631810972865722,0.0145808525743241,2.203765425421583,0.0,0.0,0.0,0.0,memory_decay_or_suppression,backward,5,0.0,0.0,0.0,0.0,0.0,0.0279124366831587,2.347284191955556,2.3254946903320777,2.2718239410143752,0.0536707493177024,0.0003940052367875,4.201516195158135,0.0,0.0,0.0,0.0,memory_decay_or_suppression,0.0,0.0,0.1857654618746353,0.9729779012748304,False,False,False,0.3970434949265507,True,True,True,False,False,False,0.0,0.0141868473375366,1.8590725758310436
n10_ring10_two_edges_removed_cut_e0_e2_probe_e5_e6,self_reinforced_transport,C,suppression_sensitive_coupling,forward,0.1,0,0.0,0.0008023551437997,0.0014671411435275,0.0,0.0,0.0,0.006311442395595,2.4135607587745005,2.4135607587745005,2.456846540041107,-0.0432857812666065,0.1486023033860199,1.6951815037752167,0.0,0.0,0.0,0.0,memory_decay_or_suppression,backward,6,0.0,0.0,0.0,0.0,0.0,0.0,2.4135607587745005,2.5992605518603176,2.5992641652595623,-3.613399244706272e-06,0.0019739589269707,1.658979086938456,0.0,0.0,0.0,0.0,memory_decay_or_suppression,0.0,0.0,0.1424176252184552,0.9867164984459912,False,False,False,0.3805201610260635,True,True,True,False,False,False,0.0,0.1466283444590492,1.801805255842441
n10_ring10_two_edges_removed_cut_e0_e2_probe_e5_e6,stable_synchronization_island,B,suppression_sensitive_coupling,forward,0.1,0,0.0,0.0008023551437997,0.0014671411435275,0.0,0.0,0.0,0.006311442395595,2.4135607587745005,2.4135607587745005,2.456846540041107,-0.0432857812666065,0.1486023033860199,1.6951815037752167,0.0,0.0,0.0,0.0,memory_decay_or_suppression,backward,6,0.0,0.0,0.0,0.0,0.0,0.0,2.4135607587745005,2.5992605518603176,2.5992641652595623,-3.613399244706272e-06,0.0019739589269707,1.658979086938456,0.0,0.0,0.0,0.0,memory_decay_or_suppression,0.0,0.0,0.1424176252184552,0.9867164984459912,False,False,False,0.3805201610260635,True,True,True,False,False,False,0.0,0.1466283444590492,1.801805255842441
n10_ring10_two_edges_removed_cut_e0_e2_probe_e5_e6,self_reinforced_transport,C,gradient_driven_coupling,forward,0.1,0,0.0,0.0008023551437997,0.0013217344456023,0.0,0.0,0.0,0.006258681922084,2.347284191955556,2.347284191955556,2.410481748987044,-0.0631975570314877,0.1211822442273848,2.0969159641982014,0.0,0.0,0.0,0.0,memory_decay_or_suppression,backward,6,0.0,0.0,0.0,0.0,0.0,0.0,2.347284191955556,2.5513709641041835,2.551377038675524,-6.074571340164425e-06,0.0017589433772471,1.9509127292239496,0.0,0.0,0.0,0.0,memory_decay_or_suppression,0.0,0.0,0.1408952896884798,0.9854851394323726,False,False,False,0.3786366910205581,True,True,True,False,False,False,0.0,0.1194233008501377,1.7828224175388816
n10_ring10_two_edges_removed_cut_e0_e2_probe_e5_e6,stable_synchronization_island,B,gradient_driven_coupling,forward,0.1,0,0.0,0.0008023551437997,0.0013217344456023,0.0,0.0,0.0,0.006258681922084,2.347284191955556,2.347284191955556,2.410481748987044,-0.0631975570314877,0.1211822442273848,2.0969159641982014,0.0,0.0,0.0,0.0,memory_decay_or_suppression,backward,6,0.0,0.0,0.0,0.0,0.0,0.0,2.347284191955556,2.5513709641041835,2.551377038675524,-6.074571340164425e-06,0.0017589433772471,1.9509127292239496,0.0,0.0,0.0,0.0,memory_decay_or_suppression,0.0,0.0,0.1408952896884798,0.9854851394323726,False,False,False,0.3786366910205581,True,True,True,False,False,False,0.0,0.1194233008501377,1.7828224175388816
n10_ring10_two_edges_removed_cut_e0_e2_probe_e5_e6,stable_synchronization_island,B,suppression_sensitive_coupling,forward,0.05,0,0.0,0.0008023551437997,0.0014671411435275,0.0,0.0,0.0,0.0075561251445634,2.4135607587745005,2.4135607587745005,2.462741313567191,-0.0491805547926906,0.2004477659315126,1.6487702088042198,0.0,0.0,0.0,0.0,memory_decay_or_suppression,backward,6,0.0,0.0,0.0,0.0,0.0,0.0,2.4135607587745005,2.619273262238469,2.6194101477639857,-0.0001368855255168,0.0215596541902189,1.4673509539546574,0.0,0.0,0.0,0.0,memory_decay_or_suppression,0.0,0.0,0.1566688341967945,0.8924425318939314,False,False,False,0.3634292604244632,True,True,True,False,False,False,0.0,0.17888811174129368,1.7430342478702627
n10_ring10_two_edges_removed_cut_e0_e2_probe_e5_e6,self_reinforced_transport,C,suppression_sensitive_coupling,forward,0.05,0,0.0,0.0008023551437997,0.0014671411435275,0.0,0.0,0.0,0.0075561251445634,2.4135607587745005,2.4135607587745005,2.462741313567191,-0.0491805547926906,0.2004477659315126,1.6487702088042198,0.0,0.0,0.0,0.0,memory_decay_or_suppression,backward,6,0.0,0.0,0.0,0.0,0.0,0.0,2.4135607587745005,2.619273262238469,2.6194101477639857,-0.0001368855255168,0.0215596541902189,1.4673509539546574,0.0,0.0,0.0,0.0,memory_decay_or_suppression,0.0,0.0,0.1566688341967945,0.8924425318939314,False,False,False,0.3634292604244632,True,True,True,False,False,False,0.0,0.17888811174129368,1.7430342478702627
n10_ring10_two_edges_removed_cut_e0_e2_probe_e5_e6,stable_synchronization_island,B,gradient_driven_coupling,forward,0.05,0,0.0,0.0008023551437997,0.0013217344456023,0.0,0.0,0.0,0.0074910874669064,2.347284191955556,2.347284191955556,2.421005157417661,-0.0737209654621051,0.1655625852071759,2.0109834838190164,0.0,0.0,0.0,0.0,memory_decay_or_suppression,backward,6,0.0,0.0,0.0,0.0,0.0,0.0,2.347284191955556,2.587766447848459,2.5880291866471987,-0.0002627387987397,0.0193907746586994,1.685242094644846,0.0,0.0,0.0,0.0,memory_decay_or_suppression,0.0,0.0,0.1670240292295375,0.8828794885310727,False,False,False,0.3668158105081183,True,True,True,False,False,False,0.0,0.1461718105484765,1.7393883642707175
n10_ring10_two_edges_removed_cut_e0_e2_probe_e5_e6,self_reinforced_transport,C,gradient_driven_coupling,forward,0.05,0,0.0,0.0008023551437997,0.0013217344456023,0.0,0.0,0.0,0.0074910874669064,2.347284191955556,2.347284191955556,2.421005157417661,-0.0737209654621051,0.1655625852071759,2.0109834838190164,0.0,0.0,0.0,0.0,memory_decay_or_suppression,backward,6,0.0,0.0,0.0,0.0,0.0,0.0,2.347284191955556,2.587766447848459,2.5880291866471987,-0.0002627387987397,0.0193907746586994,1.685242094644846,0.0,0.0,0.0,0.0,memory_decay_or_suppression,0.0,0.0,0.1670240292295375,0.8828794885310727,False,False,False,0.3668158105081183,True,True,True,False,False,False,0.0,0.1461718105484765,1.7393883642707175
n10_ring10_two_edges_removed_cut_e0_e2_probe_e5_e6,self_reinforced_transport,C,suppression_sensitive_coupling,forward,0.1,5,0.3,0.0,0.0,0.0,0.0,0.0,0.0,2.4135607587745005,2.4616477524258285,2.46165560369,-7.8512641712436e-06,0.0032546750662763,1.6576233549509012,0.0,0.0,0.0,0.0,memory_decay_or_suppression,backward,1,0.0,0.0,0.0,0.0,0.0,0.0,2.4135607587745005,2.588796641000398,2.59728097140065,-0.0084843304002522,0.0861744508374722,1.6767868340880925,0.0,0.0,0.0,0.0,memory_decay_or_suppression,0.0,0.0,0.1356253677106504,0.962231554299348,False,False,False,0.3693218941770779,True,True,True,False,False,False,0.0,0.0829197757711959,1.724065873825975
n10_ring10_two_edges_removed_cut_e0_e2_probe_e5_e6,stable_synchronization_island,B,suppression_sensitive_coupling,forward,0.1,5,0.3,0.0,0.0,0.0,0.0,0.0,0.0,2.4135607587745005,2.4616477524258285,2.46165560369,-7.8512641712436e-06,0.0032546750662763,1.6576233549509012,0.0,0.0,0.0,0.0,memory_decay_or_suppression,backward,1,0.0,0.0,0.0,0.0,0.0,0.0,2.4135607587745005,2.588796641000398,2.59728097140065,-0.0084843304002522,0.0861744508374722,1.6767868340880925,0.0,0.0,0.0,0.0,memory_decay_or_suppression,0.0,0.0,0.1356253677106504,0.962231554299348,False,False,False,0.3693218941770779,True,True,True,False,False,False,0.0,0.0829197757711959,1.724065873825975
n10_ring10_two_edges_removed_cut_e0_e2_probe_e5_e6,self_reinforced_transport,C,suppression_sensitive_coupling,forward,0.1,1,0.02,0.0,0.0,0.0,0.0,0.0,0.0,2.4135607587745005,2.456846540041107,2.460709300452302,-0.0038627604111951,0.0667228217175597,1.6652017011600455,0.0,0.0,0.0,0.0,memory_decay_or_suppression,backward,5,0.0,0.0,0.0,0.0,0.0,0.0,2.4135607587745005,2.599244289699453,2.5992605518603176,-1.6262160864144448e-05,0.0041868717698789,1.6590116322276218,0.0,0.0,0.0,0.0,memory_decay_or_suppression,0.0,0.0,0.1385512514080153,0.9372497795650876,False,False,False,0.3648271507736249,True,True,True,False,False,False,0.0,0.06253594994768079,1.7227527381449692
n10_ring10_two_edges_removed_cut_e0_e2_probe_e5_e6,stable_synchronization_island,B,suppression_sensitive_coupling,forward,0.1,1,0.02,0.0,0.0,0.0,0.0,0.0,0.0,2.4135607587745005,2.456846540041107,2.460709300452302,-0.0038627604111951,0.0667228217175597,1.6652017011600455,0.0,0.0,0.0,0.0,memory_decay_or_suppression,backward,5,0.0,0.0,0.0,0.0,0.0,0.0,2.4135607587745005,2.599244289699453,2.5992605518603176,-1.6262160864144448e-05,0.0041868717698789,1.6590116322276218,0.0,0.0,0.0,0.0,memory_decay_or_suppression,0.0,0.0,0.1385512514080153,0.9372497795650876,False,False,False,0.3648271507736249,True,True,True,False,False,False,0.0,0.06253594994768079,1.7227527381449692
n10_ring10_two_edges_removed_cut_e1_e4_probe_e7_e8,mixed_adaptive_topology_response,B,base_stabilized_coupling,forward,0.05,0,0.0,0.0012438979875798,0.007164435222164,0.0,0.0,0.0,0.0273879812171296,2.4570351352126023,2.4570351352126023,2.473541957149284,-0.0165068219366815,0.1654533135669748,1.6568843026132758,0.0,0.0,0.0,0.0,memory_decay_or_suppression,backward,6,0.0,0.0,0.0,0.0,0.0,0.0,2.4570351352126023,2.6190015695829296,2.619177994525428,-0.0001764249424982,0.0217066577144207,1.5892415675121223,0.0,0.0,0.0,0.0,memory_decay_or_suppression,0.0,0.0,0.145636037376144,0.868804938098125,False,False,False,0.3531431112752315,True,True,True,False,False,False,0.0,0.14374665585255408,1.695728015021202
n10_ring10_two_edges_removed_cut_e2_e5_probe_e8_e9,mixed_adaptive_topology_response,B,base_stabilized_coupling,forward,0.05,0,0.0,0.0012438979875798,0.007164435222164,0.0,0.0,0.0,0.0273879812171296,2.4570351352126023,2.4570351352126023,2.473541957149284,-0.0165068219366815,0.1654533135669748,1.6568843026132758,0.0,0.0,0.0,0.0,memory_decay_or_suppression,backward,6,0.0,0.0,0.0,0.0,0.0,0.0,2.4570351352126023,2.6190015695829296,2.619177994525428,-0.0001764249424982,0.0217066577144207,1.5892415675121223,0.0,0.0,0.0,0.0,memory_decay_or_suppression,0.0,0.0,0.145636037376144,0.868804938098125,False,False,False,0.3531431112752315,True,True,True,False,False,False,0.0,0.14374665585255408,1.695728015021202
n10_ring10_two_edges_removed_cut_e0_e2_probe_e5_e6,self_reinforced_transport,C,gradient_driven_coupling,forward,0.1,5,0.3,0.0,0.0,0.0,0.0,0.0,0.0,2.347284191955556,2.418987747021474,2.419002128095127,-1.4381073652813823e-05,0.0026814999575743,2.0273922917494165,0.0,0.0,0.0,0.0,memory_decay_or_suppression,backward,1,0.0,0.0,0.0,0.0,0.0,0.0,2.347284191955556,2.5341030546026824,2.5480558793204136,-0.0139528247177311,0.0767665354750738,1.9746069376296884,0.0,0.0,0.0,0.0,memory_decay_or_suppression,0.0,0.0,0.1290537512252867,0.9650694154432682,False,False,False,0.3660047488188002,True,True,True,False,False,False,0.0,0.0740850355174995,1.6914007763900138
n10_ring10_two_edges_removed_cut_e0_e2_probe_e5_e6,stable_synchronization_island,B,gradient_driven_coupling,forward,0.1,5,0.3,0.0,0.0,0.0,0.0,0.0,0.0,2.347284191955556,2.418987747021474,2.419002128095127,-1.4381073652813823e-05,0.0026814999575743,2.0273922917494165,0.0,0.0,0.0,0.0,memory_decay_or_suppression,backward,1,0.0,0.0,0.0,0.0,0.0,0.0,2.347284191955556,2.5341030546026824,2.5480558793204136,-0.0139528247177311,0.0767665354750738,1.9746069376296884,0.0,0.0,0.0,0.0,memory_decay_or_suppression,0.0,0.0,0.1290537512252867,0.9650694154432682,False,False,False,0.3660047488188002,True,True,True,False,False,False,0.0,0.0740850355174995,1.6914007763900138
n10_ring10_two_edges_removed_cut_e0_e2_probe_e5_e6,stable_synchronization_island,B,suppression_sensitive_coupling,forward,0.1,6,0.4,0.0,0.0,0.0,0.0,0.0,0.0,2.4135607587745005,2.46165560369,2.461657348389995,-1.7446999951431508e-06,0.0015344729060824,1.657609287106586,0.0,0.0,0.0,0.0,memory_decay_or_suppression,backward,0,0.0008023551437997,0.0014671411435275,0.0,0.0,0.0,0.0294573231161949,2.4135607587745005,2.4135607587745005,2.588796641000398,-0.1752358822258974,0.1952245977945513,1.752580837696342,0.0,0.0,0.0,0.0,memory_decay_or_suppression,0.0,0.0,0.1271392926104031,0.9921399612322962,False,False,False,0.3706715449299227,True,True,True,False,False,False,0.0,0.1936901248884689,1.6888855233624738
n10_ring10_two_edges_removed_cut_e0_e2_probe_e5_e6,self_reinforced_transport,C,suppression_sensitive_coupling,forward,0.1,6,0.4,0.0,0.0,0.0,0.0,0.0,0.0,2.4135607587745005,2.46165560369,2.461657348389995,-1.7446999951431508e-06,0.0015344729060824,1.657609287106586,0.0,0.0,0.0,0.0,memory_decay_or_suppression,backward,0,0.0008023551437997,0.0014671411435275,0.0,0.0,0.0,0.0294573231161949,2.4135607587745005,2.4135607587745005,2.588796641000398,-0.1752358822258974,0.1952245977945513,1.752580837696342,0.0,0.0,0.0,0.0,memory_decay_or_suppression,0.0,0.0,0.1271392926104031,0.9921399612322962,False,False,False,0.3706715449299227,True,True,True,False,False,False,0.0,0.1936901248884689,1.6888855233624738
n10_ring10_two_edges_removed_cut_e0_e2_probe_e5_e6,self_reinforced_transport,C,gradient_driven_coupling,forward,0.1,1,0.02,0.0,0.0,0.0,0.0,0.0,0.0,2.347284191955556,2.410481748987044,2.4172807302916293,-0.0067989813045854,0.0548558048817241,2.0414371785375445,0.0,0.0,0.0,0.0,memory_decay_or_suppression,backward,5,0.0,0.0,0.0,0.0,0.0,0.0,2.347284191955556,2.551343626485383,2.5513709641041835,-2.733761880069352e-05,0.0037308102387005,1.9509561443328949,0.0,0.0,0.0,0.0,memory_decay_or_suppression,0.0,0.0,0.1340902338125542,0.9319887795343332,False,False,False,0.3610609203737793,True,True,True,False,False,False,0.0,0.0511249946430236,1.6819887795343331
n10_ring10_two_edges_removed_cut_e0_e2_probe_e5_e6,stable_synchronization_island,B,gradient_driven_coupling,forward,0.1,1,0.02,0.0,0.0,0.0,0.0,0.0,0.0,2.347284191955556,2.410481748987044,2.4172807302916293,-0.0067989813045854,0.0548558048817241,2.0414371785375445,0.0,0.0,0.0,0.0,memory_decay_or_suppression,backward,5,0.0,0.0,0.0,0.0,0.0,0.0,2.347284191955556,2.551343626485383,2.5513709641041835,-2.733761880069352e-05,0.0037308102387005,1.9509561443328949,0.0,0.0,0.0,0.0,memory_decay_or_suppression,0.0,0.0,0.1340902338125542,0.9319887795343332,False,False,False,0.3610609203737793,True,True,True,False,False,False,0.0,0.0511249946430236,1.6819887795343331
n10_ring10_two_edges_removed_cut_e0_e1_probe_e3_e7,mixed_adaptive_topology_response,B,base_stabilized_coupling,forward,0.2,0,0.0,0.0029838625790902,0.0542941701142961,0.0,0.0,0.0,0.178438007975651,2.4570351352126023,2.4570351352126023,2.467252168755457,-0.0102170335428546,0.0592480222859038,1.7438813519399945,0.0,0.0,0.0,0.0,memory_decay_or_suppression,backward,6,0.0,0.0,0.0,0.0,0.0,0.0259908333791937,2.4570351352126023,2.3418283897381578,2.3418286009666422,-2.112284844812962e-07,8.187906999992353e-05,4.17459693402628,0.0,0.0,0.0,0.0,memory_decay_or_suppression,0.0,0.0,0.1254235677888147,0.9986180286220622,False,False,False,0.3668638909090169,True,True,True,False,False,False,0.0,0.059166143215903876,1.6716949516989854
n10_ring10_two_edges_removed_cut_e0_e3_probe_e2_e6,mixed_adaptive_topology_response,B,base_stabilized_coupling,forward,0.2,0,0.0,0.0029838625790902,0.0542941701142961,0.0,0.0,0.0,0.178438007975651,2.4570351352126023,2.4570351352126023,2.467252168755457,-0.0102170335428546,0.0592480222859038,1.7438813519399945,0.0,0.0,0.0,0.0,memory_decay_or_suppression,backward,6,0.0,0.0,0.0,0.0,0.0,0.0259908333791937,2.4570351352126023,2.3418283897381578,2.3418286009666422,-2.112284844812962e-07,8.187906999992353e-05,4.17459693402628,0.0,0.0,0.0,0.0,memory_decay_or_suppression,0.0,0.0,0.1254235677888147,0.9986180286220622,False,False,False,0.3668638909090169,True,True,True,False,False,False,0.0,0.059166143215903876,1.6716949516989854
n10_ring10_two_edges_removed_cut_e0_e1_probe_e3_e7,self_reinforced_transport,C,base_stabilized_coupling,forward,0.2,0,0.0,0.0029838625790902,0.0542941701142961,0.0,0.0,0.0,0.178438007975651,2.4570351352126023,2.4570351352126023,2.467252168755457,-0.0102170335428546,0.0592480222859038,1.7438813519399945,0.0,0.0,0.0,0.0,memory_decay_or_suppression,backward,6,0.0,0.0,0.0,0.0,0.0,0.0259908333791937,2.4570351352126023,2.3418283897381578,2.3418286009666422,-2.112284844812962e-07,8.187906999992353e-05,4.17459693402628,0.0,0.0,0.0,0.0,memory_decay_or_suppression,0.0,0.0,0.1254235677888147,0.9986180286220622,False,False,False,0.3668638909090169,True,True,True,False,False,False,0.0,0.059166143215903876,1.6716949516989854
n10_ring10_two_edges_removed_cut_e0_e3_probe_e2_e6,self_reinforced_transport,C,base_stabilized_coupling,forward,0.2,0,0.0,0.0029838625790902,0.0542941701142961,0.0,0.0,0.0,0.178438007975651,2.4570351352126023,2.4570351352126023,2.467252168755457,-0.0102170335428546,0.0592480222859038,1.7438813519399945,0.0,0.0,0.0,0.0,memory_decay_or_suppression,backward,6,0.0,0.0,0.0,0.0,0.0,0.0259908333791937,2.4570351352126023,2.3418283897381578,2.3418286009666422,-2.112284844812962e-07,8.187906999992353e-05,4.17459693402628,0.0,0.0,0.0,0.0,memory_decay_or_suppression,0.0,0.0,0.1254235677888147,0.9986180286220622,False,False,False,0.3668638909090169,True,True,True,False,False,False,0.0,0.059166143215903876,1.6716949516989854
n10_ring10_two_edges_removed_cut_e0_e1_probe_e3_e7,stable_synchronization_island,B,base_stabilized_coupling,forward,0.2,0,0.0,0.0029838625790902,0.0542941701142961,0.0,0.0,0.0,0.178438007975651,2.4570351352126023,2.4570351352126023,2.467252168755457,-0.0102170335428546,0.0592480222859038,1.7438813519399945,0.0,0.0,0.0,0.0,memory_decay_or_suppression,backward,6,0.0,0.0,0.0,0.0,0.0,0.0259908333791937,2.4570351352126023,2.3418283897381578,2.3418286009666422,-2.112284844812962e-07,8.187906999992353e-05,4.17459693402628,0.0,0.0,0.0,0.0,memory_decay_or_suppression,0.0,0.0,0.1254235677888147,0.9986180286220622,False,False,False,0.3668638909090169,True,True,True,False,False,False,0.0,0.059166143215903876,1.6716949516989854
n10_ring10_two_edges_removed_cut_e0_e3_probe_e2_e6,stable_synchronization_island,B,base_stabilized_coupling,forward,0.2,0,0.0,0.0029838625790902,0.0542941701142961,0.0,0.0,0.0,0.178438007975651,2.4570351352126023,2.4570351352126023,2.467252168755457,-0.0102170335428546,0.0592480222859038,1.7438813519399945,0.0,0.0,0.0,0.0,memory_decay_or_suppression,backward,6,0.0,0.0,0.0,0.0,0.0,0.0259908333791937,2.4570351352126023,2.3418283897381578,2.3418286009666422,-2.112284844812962e-07,8.187906999992353e-05,4.17459693402628,0.0,0.0,0.0,0.0,memory_decay_or_suppression,0.0,0.0,0.1254235677888147,0.9986180286220622,False,False,False,0.3668638909090169,True,True,True,False,False,False,0.0,0.059166143215903876,1.6716949516989854
n10_ring10_two_edges_removed_cut_e0_e3_probe_e2_e6,mixed_adaptive_topology_response,B,gradient_driven_coupling,forward,0.2,0,0.0,0.0029838625790902,0.0435432060846258,0.0,0.0,0.0,0.1931264134076402,2.347284191955556,2.347284191955556,2.3944083056024383,-0.0471241136468822,0.062035994022587,2.229097729035829,0.0,0.0,0.0,0.0,memory_decay_or_suppression,backward,6,0.0,0.0,0.0,0.0,0.0,0.0260708354433309,2.347284191955556,2.2718239410143752,2.2718241567350583,-2.157206830943892e-07,8.725311815004462e-05,4.201513431933278,0.0,0.0,0.0,0.0,memory_decay_or_suppression,0.0,0.0,0.12258414886738,0.9985935081637144,False,False,False,0.3656322705983515,True,True,True,False,False,False,0.0,0.06194874090443695,1.6598361117140104
n10_ring10_two_edges_removed_cut_e0_e1_probe_e3_e7,mixed_adaptive_topology_response,B,gradient_driven_coupling,forward,0.2,0,0.0,0.0029838625790902,0.0435432060846258,0.0,0.0,0.0,0.1931264134076402,2.347284191955556,2.347284191955556,2.3944083056024383,-0.0471241136468822,0.062035994022587,2.229097729035829,0.0,0.0,0.0,0.0,memory_decay_or_suppression,backward,6,0.0,0.0,0.0,0.0,0.0,0.0260708354433309,2.347284191955556,2.2718239410143752,2.2718241567350583,-2.157206830943892e-07,8.725311815004462e-05,4.201513431933278,0.0,0.0,0.0,0.0,memory_decay_or_suppression,0.0,0.0,0.12258414886738,0.9985935081637144,False,False,False,0.3656322705983515,True,True,True,False,False,False,0.0,0.06194874090443695,1.6598361117140104
n10_ring10_two_edges_removed_cut_e0_e1_probe_e3_e7,mixed_adaptive_topology_response,B,gradient_driven_coupling,forward,0.05,0,0.0,0.0029838625790902,0.0544624073841268,0.0,0.0,0.0,0.2219716477667297,2.347284191955556,2.347284191955556,2.421005157417661,-0.0737209654621051,0.1655625852071759,2.0109834838190164,0.0,0.0,0.0,0.0,memory_decay_or_suppression,backward,6,0.0,0.0,0.0,0.0,0.0,0.0346625285551808,2.347284191955556,2.622533761698455,2.624103931651436,-0.0015701699529806,0.0453497539821391,1.571145523547607,0.0,0.0,0.0,0.0,memory_decay_or_suppression,0.0,0.0,0.2030987742337746,0.726086942130572,False,False,False,0.3452997467371248,True,True,True,False,False,False,0.0,0.1202128312250368,1.6536017350299803
n10_ring10_two_edges_removed_cut_e0_e3_probe_e2_e6,mixed_adaptive_topology_response,B,gradient_driven_coupling,forward,0.05,0,0.0,0.0029838625790902,0.0544624073841268,0.0,0.0,0.0,0.2219716477667297,2.347284191955556,2.347284191955556,2.421005157417661,-0.0737209654621051,0.1655625852071759,2.0109834838190164,0.0,0.0,0.0,0.0,memory_decay_or_suppression,backward,6,0.0,0.0,0.0,0.0,0.0,0.0346625285551808,2.347284191955556,2.622533761698455,2.624103931651436,-0.0015701699529806,0.0453497539821391,1.571145523547607,0.0,0.0,0.0,0.0,memory_decay_or_suppression,0.0,0.0,0.2030987742337746,0.726086942130572,False,False,False,0.3452997467371248,True,True,True,False,False,False,0.0,0.1202128312250368,1.6536017350299803
n10_ring10_two_edges_removed_cut_e0_e2_probe_e5_e6,self_reinforced_transport,C,suppression_sensitive_coupling,forward,0.2,0,0.0,0.0008023551437997,0.0014671411435275,0.0,0.0,0.0,0.0042644712920648,2.4135607587745005,2.4135607587745005,2.4469911435333307,-0.0334303847588302,0.0774623312130328,1.7666657285452902,0.0,0.0,0.0,0.0,memory_decay_or_suppression,backward,6,0.0,0.0,0.0,0.0,0.0,0.0,2.4135607587745005,2.568173699829768,2.568173700582922,-7.531544277128431e-10,1.2579230075123998e-05,1.91324255022518,0.0,0.0,0.0,0.0,memory_decay_or_suppression,0.0,0.0,0.1211825570495914,0.9998376084107208,False,False,False,0.3652430155480583,True,True,True,False,False,False,0.0,0.07744975198295767,1.6492458924343896
n10_ring10_two_edges_removed_cut_e0_e2_probe_e5_e6,stable_synchronization_island,B,suppression_sensitive_coupling,forward,0.2,0,0.0,0.0008023551437997,0.0014671411435275,0.0,0.0,0.0,0.0042644712920648,2.4135607587745005,2.4135607587745005,2.4469911435333307,-0.0334303847588302,0.0774623312130328,1.7666657285452902,0.0,0.0,0.0,0.0,memory_decay_or_suppression,backward,6,0.0,0.0,0.0,0.0,0.0,0.0,2.4135607587745005,2.568173699829768,2.568173700582922,-7.531544277128431e-10,1.2579230075123998e-05,1.91324255022518,0.0,0.0,0.0,0.0,memory_decay_or_suppression,0.0,0.0,0.1211825570495914,0.9998376084107208,False,False,False,0.3652430155480583,True,True,True,False,False,False,0.0,0.07744975198295767,1.6492458924343896
n10_ring10_two_edges_removed_cut_e0_e2_probe_e5_e6,stable_synchronization_island,B,suppression_sensitive_coupling,forward,0.2,1,0.02,0.0,0.0,0.0,0.0,0.0,0.0,2.4135607587745005,2.4469911435333307,2.44792409243932,-0.0009329489059894,0.0170022423667842,1.7601512113399735,0.0,0.0,0.0,0.0,memory_decay_or_suppression,backward,5,0.0,0.0,0.0,0.0,0.0,0.0,2.4135607587745005,2.568173684472086,2.568173699829768,-1.5357681792949052e-08,5.680347079449411e-05,1.9132430752032157,0.0,0.0,0.0,0.0,memory_decay_or_suppression,0.0,0.0,0.1202496073904475,0.996659059989515,False,False,False,0.3632228882466785,True,True,True,False,False,False,0.0,0.016945438895989706,1.64015018424987
n10_ring10_two_edges_removed_cut_e0_e2_probe_e5_e6,self_reinforced_transport,C,suppression_sensitive_coupling,forward,0.2,1,0.02,0.0,0.0,0.0,0.0,0.0,0.0,2.4135607587745005,2.4469911435333307,2.44792409243932,-0.0009329489059894,0.0170022423667842,1.7601512113399735,0.0,0.0,0.0,0.0,memory_decay_or_suppression,backward,5,0.0,0.0,0.0,0.0,0.0,0.0,2.4135607587745005,2.568173684472086,2.568173699829768,-1.5357681792949052e-08,5.680347079449411e-05,1.9132430752032157,0.0,0.0,0.0,0.0,memory_decay_or_suppression,0.0,0.0,0.1202496073904475,0.996659059989515,False,False,False,0.3632228882466785,True,True,True,False,False,False,0.0,0.016945438895989706,1.64015018424987
n10_ring10_two_edges_removed_cut_e1_e4_probe_e7_e8,mixed_adaptive_topology_response,B,base_stabilized_coupling,forward,0.1,0,0.0,0.0012438979875798,0.0068455920359289,0.0,0.0,0.0,0.0254554474125448,2.4570351352126023,2.4570351352126023,2.4710526425515806,-0.0140175073389783,0.1190518520386252,1.6933445561176348,0.0,0.0,0.0,0.0,memory_decay_or_suppression,backward,6,0.0,0.0,0.0,0.0,0.0,0.0,2.4570351352126023,2.592395371234617,2.592400955780989,-5.584546371562027e-06,0.0019962444923974,1.8680128671604728,0.0,0.0,0.0,0.0,memory_decay_or_suppression,0.0,0.0,0.1213483132294084,0.9832321424723992,False,False,False,0.3614417891195003,True,True,True,False,False,False,0.0,0.1170556075462278,1.6385575862593815
n10_ring10_two_edges_removed_cut_e2_e5_probe_e8_e9,mixed_adaptive_topology_response,B,base_stabilized_coupling,forward,0.1,0,0.0,0.0012438979875798,0.0068455920359289,0.0,0.0,0.0,0.0254554474125448,2.4570351352126023,2.4570351352126023,2.4710526425515806,-0.0140175073389783,0.1190518520386252,1.6933445561176348,0.0,0.0,0.0,0.0,memory_decay_or_suppression,backward,6,0.0,0.0,0.0,0.0,0.0,0.0,2.4570351352126023,2.592395371234617,2.592400955780989,-5.584546371562027e-06,0.0019962444923974,1.8680128671604728,0.0,0.0,0.0,0.0,memory_decay_or_suppression,0.0,0.0,0.1213483132294084,0.9832321424723992,False,False,False,0.3614417891195003,True,True,True,False,False,False,0.0,0.1170556075462278,1.6385575862593815
n10_ring10_two_edges_removed_cut_e0_e1_probe_e3_e7,self_reinforced_transport,C,base_stabilized_coupling,forward,0.05,0,0.0,0.0029838625790902,0.0680298744825147,0.0,0.0,0.0,0.2005651260560997,2.4570351352126023,2.4570351352126023,2.473541957149284,-0.0165068219366815,0.1654533135669748,1.6568843026132758,0.0,0.0,0.0,0.0,memory_decay_or_suppression,backward,6,0.0,0.0,0.0,0.0,0.0,0.034430618321318,2.4570351352126023,2.6684831058444622,2.6696808009306707,-0.0011976950862084,0.0461369658809656,1.4790531438800447,0.0,0.0,0.0,0.0,memory_decay_or_suppression,0.0,0.0,0.1961388437813869,0.721148130025146,False,False,False,0.3391630829264546,True,True,True,False,False,False,0.0,0.11931634768600918,1.6368286033979271
n10_ring10_two_edges_removed_cut_e0_e1_probe_e3_e7,stable_synchronization_island,B,base_stabilized_coupling,forward,0.05,0,0.0,0.0029838625790902,0.0680298744825147,0.0,0.0,0.0,0.2005651260560997,2.4570351352126023,2.4570351352126023,2.473541957149284,-0.0165068219366815,0.1654533135669748,1.6568843026132758,0.0,0.0,0.0,0.0,memory_decay_or_suppression,backward,6,0.0,0.0,0.0,0.0,0.0,0.034430618321318,2.4570351352126023,2.6684831058444622,2.6696808009306707,-0.0011976950862084,0.0461369658809656,1.4790531438800447,0.0,0.0,0.0,0.0,memory_decay_or_suppression,0.0,0.0,0.1961388437813869,0.721148130025146,False,False,False,0.3391630829264546,True,True,True,False,False,False,0.0,0.11931634768600918,1.6368286033979271
n10_ring10_two_edges_removed_cut_e0_e1_probe_e3_e7,mixed_adaptive_topology_response,B,base_stabilized_coupling,forward,0.05,0,0.0,0.0029838625790902,0.0680298744825147,0.0,0.0,0.0,0.2005651260560997,2.4570351352126023,2.4570351352126023,2.473541957149284,-0.0165068219366815,0.1654533135669748,1.6568843026132758,0.0,0.0,0.0,0.0,memory_decay_or_suppression,backward,6,0.0,0.0,0.0,0.0,0.0,0.034430618321318,2.4570351352126023,2.6684831058444622,2.6696808009306707,-0.0011976950862084,0.0461369658809656,1.4790531438800447,0.0,0.0,0.0,0.0,memory_decay_or_suppression,0.0,0.0,0.1961388437813869,0.721148130025146,False,False,False,0.3391630829264546,True,True,True,False,False,False,0.0,0.11931634768600918,1.6368286033979271
n10_ring10_two_edges_removed_cut_e0_e3_probe_e2_e6,mixed_adaptive_topology_response,B,base_stabilized_coupling,forward,0.05,0,0.0,0.0029838625790902,0.0680298744825147,0.0,0.0,0.0,0.2005651260560997,2.4570351352126023,2.4570351352126023,2.473541957149284,-0.0165068219366815,0.1654533135669748,1.6568843026132758,0.0,0.0,0.0,0.0,memory_decay_or_suppression,backward,6,0.0,0.0,0.0,0.0,0.0,0.034430618321318,2.4570351352126023,2.6684831058444622,2.6696808009306707,-0.0011976950862084,0.0461369658809656,1.4790531438800447,0.0,0.0,0.0,0.0,memory_decay_or_suppression,0.0,0.0,0.1961388437813869,0.721148130025146,False,False,False,0.3391630829264546,True,True,True,False,False,False,0.0,0.11931634768600918,1.6368286033979271
n10_ring10_two_edges_removed_cut_e0_e3_probe_e2_e6,self_reinforced_transport,C,base_stabilized_coupling,forward,0.05,0,0.0,0.0029838625790902,0.0680298744825147,0.0,0.0,0.0,0.2005651260560997,2.4570351352126023,2.4570351352126023,2.473541957149284,-0.0165068219366815,0.1654533135669748,1.6568843026132758,0.0,0.0,0.0,0.0,memory_decay_or_suppression,backward,6,0.0,0.0,0.0,0.0,0.0,0.034430618321318,2.4570351352126023,2.6684831058444622,2.6696808009306707,-0.0011976950862084,0.0461369658809656,1.4790531438800447,0.0,0.0,0.0,0.0,memory_decay_or_suppression,0.0,0.0,0.1961388437813869,0.721148130025146,False,False,False,0.3391630829264546,True,True,True,False,False,False,0.0,0.11931634768600918,1.6368286033979271
n10_ring10_two_edges_removed_cut_e0_e3_probe_e2_e6,stable_synchronization_island,B,base_stabilized_coupling,forward,0.05,0,0.0,0.0029838625790902,0.0680298744825147,0.0,0.0,0.0,0.2005651260560997,2.4570351352126023,2.4570351352126023,2.473541957149284,-0.0165068219366815,0.1654533135669748,1.6568843026132758,0.0,0.0,0.0,0.0,memory_decay_or_suppression,backward,6,0.0,0.0,0.0,0.0,0.0,0.034430618321318,2.4570351352126023,2.6684831058444622,2.6696808009306707,-0.0011976950862084,0.0461369658809656,1.4790531438800447,0.0,0.0,0.0,0.0,memory_decay_or_suppression,0.0,0.0,0.1961388437813869,0.721148130025146,False,False,False,0.3391630829264546,True,True,True,False,False,False,0.0,0.11931634768600918,1.6368286033979271
n10_ring10_two_edges_removed_cut_e0_e2_probe_e5_e6,self_reinforced_transport,C,suppression_sensitive_coupling,forward,0.05,6,0.4,0.0,0.0,0.0,0.0,0.0,0.0,2.4135607587745005,2.472769880844681,2.4728479608068783,-7.807996219710844e-05,0.0174894581847138,1.5572735617250448,0.0,0.0,0.0,0.0,memory_decay_or_suppression,backward,0,0.0008023551437997,0.0014671411435275,0.0,0.0,0.0,0.0339180050472235,2.4135607587745005,2.4135607587745005,2.600253677337789,-0.1866929185632884,0.2562738707565855,1.6524890835654211,0.0,0.0,0.0,0.0,memory_decay_or_suppression,0.0,0.0,0.1274057165309106,0.9317548131847688,False,False,False,0.3559253979740633,True,True,True,False,False,False,0.0,0.23878441257187166,1.63441753507826
n10_ring10_two_edges_removed_cut_e0_e2_probe_e5_e6,stable_synchronization_island,B,suppression_sensitive_coupling,forward,0.05,6,0.4,0.0,0.0,0.0,0.0,0.0,0.0,2.4135607587745005,2.472769880844681,2.4728479608068783,-7.807996219710844e-05,0.0174894581847138,1.5572735617250448,0.0,0.0,0.0,0.0,memory_decay_or_suppression,backward,0,0.0008023551437997,0.0014671411435275,0.0,0.0,0.0,0.0339180050472235,2.4135607587745005,2.4135607587745005,2.600253677337789,-0.1866929185632884,0.2562738707565855,1.6524890835654211,0.0,0.0,0.0,0.0,memory_decay_or_suppression,0.0,0.0,0.1274057165309106,0.9317548131847688,False,False,False,0.3559253979740633,True,True,True,False,False,False,0.0,0.23878441257187166,1.63441753507826
n10_ring10_two_edges_removed_cut_e0_e2_probe_e5_e6,stable_synchronization_island,B,suppression_sensitive_coupling,forward,0.05,5,0.3,0.0,0.0,0.0,0.0,0.0,0.0,2.4135607587745005,2.472601816130552,2.472769880844681,-0.0001680647141291,0.0255073153751075,1.558072929347862,0.0,0.0,0.0,0.0,memory_decay_or_suppression,backward,1,0.0,0.0,0.0,0.0,0.0,0.0,2.4135607587745005,2.600253677337789,2.61303509769163,-0.012781420353841,0.1540181589706302,1.531341732610534,0.0,0.0,0.0,0.0,memory_decay_or_suppression,0.0,0.0,0.1402652168469487,0.8343876102245451,False,False,False,0.3405121686625788,True,True,True,False,False,False,0.0,0.1285108435955227,1.6258077285677404
n10_ring10_two_edges_removed_cut_e0_e2_probe_e5_e6,self_reinforced_transport,C,suppression_sensitive_coupling,forward,0.05,5,0.3,0.0,0.0,0.0,0.0,0.0,0.0,2.4135607587745005,2.472601816130552,2.472769880844681,-0.0001680647141291,0.0255073153751075,1.558072929347862,0.0,0.0,0.0,0.0,memory_decay_or_suppression,backward,1,0.0,0.0,0.0,0.0,0.0,0.0,2.4135607587745005,2.600253677337789,2.61303509769163,-0.012781420353841,0.1540181589706302,1.531341732610534,0.0,0.0,0.0,0.0,memory_decay_or_suppression,0.0,0.0,0.1402652168469487,0.8343876102245451,False,False,False,0.3405121686625788,True,True,True,False,False,False,0.0,0.1285108435955227,1.6258077285677404
n10_ring10_two_edges_removed_cut_e0_e2_probe_e5_e6,stable_synchronization_island,B,suppression_sensitive_coupling,forward,0.2,5,0.3,0.0,0.0,0.0,0.0,0.0,0.0,2.4135607587745005,2.447971095920212,2.4479711011871923,-5.266980185325565e-09,4.0872015174595526e-05,1.7598211738339211,0.0,0.0,0.0,0.0,memory_decay_or_suppression,backward,1,0.0,0.0,0.0,0.0,0.0,0.0,2.4135607587745005,2.5653143107497955,2.568036522464833,-0.0027222117150373,0.0236366313817408,1.9143551316282177,0.0,0.0,0.0,0.0,memory_decay_or_suppression,0.0,0.0,0.1200654212776406,0.9982708189033892,False,False,False,0.3622252677510574,True,True,True,False,False,False,0.0,0.023595759366566205,1.6240104638738035
n10_ring10_two_edges_removed_cut_e0_e2_probe_e5_e6,self_reinforced_transport,C,suppression_sensitive_coupling,forward,0.2,5,0.3,0.0,0.0,0.0,0.0,0.0,0.0,2.4135607587745005,2.447971095920212,2.4479711011871923,-5.266980185325565e-09,4.0872015174595526e-05,1.7598211738339211,0.0,0.0,0.0,0.0,memory_decay_or_suppression,backward,1,0.0,0.0,0.0,0.0,0.0,0.0,2.4135607587745005,2.5653143107497955,2.568036522464833,-0.0027222117150373,0.0236366313817408,1.9143551316282177,0.0,0.0,0.0,0.0,memory_decay_or_suppression,0.0,0.0,0.1200654212776406,0.9982708189033892,False,False,False,0.3622252677510574,True,True,True,False,False,False,0.0,0.023595759366566205,1.6240104638738035
n10_ring10_two_edges_removed_cut_e0_e2_probe_e5_e6,stable_synchronization_island,B,gradient_driven_coupling,forward,0.05,5,0.3,0.0,0.0,0.0,0.0,0.0,0.0,2.347284191955556,2.4412492984683345,2.441638218667908,-0.0003889201995734,0.0216863814665225,1.8408730258749544,0.0,0.0,0.0,0.0,memory_decay_or_suppression,backward,1,0.0,0.0,0.0,0.0,0.0,0.0,2.347284191955556,2.553885889182744,2.5761573609106296,-0.022271471727886,0.1378862470680711,1.7754515253663845,0.0,0.0,0.0,0.0,memory_decay_or_suppression,0.0,0.0,0.1345191422427216,0.8427226650337419,False,False,False,0.339094531804654,True,True,True,False,False,False,0.0,0.1161998656015486,1.5986398247970555
n10_ring10_two_edges_removed_cut_e0_e2_probe_e5_e6,self_reinforced_transport,C,gradient_driven_coupling,forward,0.05,5,0.3,0.0,0.0,0.0,0.0,0.0,0.0,2.347284191955556,2.4412492984683345,2.441638218667908,-0.0003889201995734,0.0216863814665225,1.8408730258749544,0.0,0.0,0.0,0.0,memory_decay_or_suppression,backward,1,0.0,0.0,0.0,0.0,0.0,0.0,2.347284191955556,2.553885889182744,2.5761573609106296,-0.022271471727886,0.1378862470680711,1.7754515253663845,0.0,0.0,0.0,0.0,memory_decay_or_suppression,0.0,0.0,0.1345191422427216,0.8427226650337419,False,False,False,0.339094531804654,True,True,True,False,False,False,0.0,0.1161998656015486,1.5986398247970555
n10_ring10_two_edges_removed_cut_e0_e2_probe_e5_e6,stable_synchronization_island,B,suppression_sensitive_coupling,forward,0.2,4,0.2,0.0,0.0,0.0,0.0,0.0,0.0,2.4135607587745005,2.447970988520197,2.447971095920212,-1.07400015547654e-07,0.0001845639530239,1.759821347047951,0.0,0.0,0.0,0.0,memory_decay_or_suppression,backward,2,0.0,0.0,0.0,0.0,0.0,0.0,2.4135607587745005,2.568036522464833,2.568166985003913,-0.0001304625390798,0.0052306221037062,1.913297652876188,0.0,0.0,0.0,0.0,memory_decay_or_suppression,0.0,0.0,0.1201958890837007,0.9647147222014288,False,False,False,0.3541863836315897,True,True,True,False,False,False,0.0,0.0050460581506823,1.5963715269351566
n10_ring10_two_edges_removed_cut_e0_e2_probe_e5_e6,self_reinforced_transport,C,suppression_sensitive_coupling,forward,0.2,4,0.2,0.0,0.0,0.0,0.0,0.0,0.0,2.4135607587745005,2.447970988520197,2.447971095920212,-1.07400015547654e-07,0.0001845639530239,1.759821347047951,0.0,0.0,0.0,0.0,memory_decay_or_suppression,backward,2,0.0,0.0,0.0,0.0,0.0,0.0,2.4135607587745005,2.568036522464833,2.568166985003913,-0.0001304625390798,0.0052306221037062,1.913297652876188,0.0,0.0,0.0,0.0,memory_decay_or_suppression,0.0,0.0,0.1201958890837007,0.9647147222014288,False,False,False,0.3541863836315897,True,True,True,False,False,False,0.0,0.0050460581506823,1.5963715269351566
n10_ring10_two_edges_removed_cut_e0_e2_probe_e5_e6,stable_synchronization_island,B,suppression_sensitive_coupling,forward,0.1,4,0.2,0.0,0.0,0.0,0.0,0.0,0.0,2.4135607587745005,2.461612380455153,2.4616477524258285,-3.537197067560172e-05,0.0069038743089118,1.6576866475353942,0.0,0.0,0.0,0.0,memory_decay_or_suppression,backward,2,0.0,0.0,0.0,0.0,0.0,0.0,2.4135607587745005,2.59728097140065,2.598838361008044,-0.0015573896073934,0.040095211307803,1.6628114834987782,0.0,0.0,0.0,0.0,memory_decay_or_suppression,0.0,0.0,0.1371906085822152,0.8278129960024421,False,False,False,0.3360673946588738,True,True,True,False,False,False,0.0,0.033191336998891194,1.5955644752923828
n10_ring10_two_edges_removed_cut_e0_e2_probe_e5_e6,self_reinforced_transport,C,suppression_sensitive_coupling,forward,0.1,4,0.2,0.0,0.0,0.0,0.0,0.0,0.0,2.4135607587745005,2.461612380455153,2.4616477524258285,-3.537197067560172e-05,0.0069038743089118,1.6576866475353942,0.0,0.0,0.0,0.0,memory_decay_or_suppression,backward,2,0.0,0.0,0.0,0.0,0.0,0.0,2.4135607587745005,2.59728097140065,2.598838361008044,-0.0015573896073934,0.040095211307803,1.6628114834987782,0.0,0.0,0.0,0.0,memory_decay_or_suppression,0.0,0.0,0.1371906085822152,0.8278129960024421,False,False,False,0.3360673946588738,True,True,True,False,False,False,0.0,0.033191336998891194,1.5955644752923828
n10_ring10_two_edges_removed_cut_e2_e5_probe_e8_e9,mixed_adaptive_topology_response,B,base_stabilized_coupling,forward,0.05,5,0.3,0.0,0.0,0.0,0.0,0.0,0.0,2.4570351352126023,2.478240361679699,2.478324219056941,-8.385737724170284e-05,0.0222962934891078,1.5770426325285198,0.0,0.0,0.0,0.0,memory_decay_or_suppression,backward,1,0.0,0.0,0.0,0.0,0.0,0.0,2.4570351352126023,2.593841108748072,2.610497526703053,-0.0166564179549806,0.1559718845801851,1.6961331049361827,0.0,0.0,0.0,0.0,memory_decay_or_suppression,0.0,0.0,0.132173307646112,0.8570492781440849,False,False,False,0.3412756248581501,True,True,True,False,False,False,0.0,0.1336755910910773,1.5952149586174578
n10_ring10_two_edges_removed_cut_e1_e4_probe_e7_e8,mixed_adaptive_topology_response,B,base_stabilized_coupling,forward,0.05,5,0.3,0.0,0.0,0.0,0.0,0.0,0.0,2.4570351352126023,2.478240361679699,2.478324219056941,-8.385737724170284e-05,0.0222962934891078,1.5770426325285198,0.0,0.0,0.0,0.0,memory_decay_or_suppression,backward,1,0.0,0.0,0.0,0.0,0.0,0.0,2.4570351352126023,2.593841108748072,2.610497526703053,-0.0166564179549806,0.1559718845801851,1.6961331049361827,0.0,0.0,0.0,0.0,memory_decay_or_suppression,0.0,0.0,0.132173307646112,0.8570492781440849,False,False,False,0.3412756248581501,True,True,True,False,False,False,0.0,0.1336755910910773,1.5952149586174578
n10_ring10_two_edges_removed_cut_e0_e2_probe_e5_e6,stable_synchronization_island,B,suppression_sensitive_coupling,forward,0.2,6,0.4,0.0,0.0,0.0,0.0,0.0,0.0,2.4135607587745005,2.4479711011871923,2.4479711014454897,-2.5829738348193127e-10,9.051180784776569e-06,1.7598205567667298,0.0,0.0,0.0,0.0,memory_decay_or_suppression,backward,0,0.0008023551437997,0.0014671411435275,0.0,0.0,0.0,0.0223696639377175,2.4135607587745005,2.4135607587745005,2.5653143107497955,-0.151753551975295,0.10832220751223,1.9369519762793257,0.0,0.0,0.0,0.0,memory_decay_or_suppression,0.0,0.0,0.1173432093043058,0.9999164420482876,False,False,False,0.3552837323608114,True,True,True,False,False,False,0.0,0.10831315633144523,1.59015312843882
n10_ring10_two_edges_removed_cut_e0_e2_probe_e5_e6,self_reinforced_transport,C,suppression_sensitive_coupling,forward,0.2,6,0.4,0.0,0.0,0.0,0.0,0.0,0.0,2.4135607587745005,2.4479711011871923,2.4479711014454897,-2.5829738348193127e-10,9.051180784776569e-06,1.7598205567667298,0.0,0.0,0.0,0.0,memory_decay_or_suppression,backward,0,0.0008023551437997,0.0014671411435275,0.0,0.0,0.0,0.0223696639377175,2.4135607587745005,2.4135607587745005,2.5653143107497955,-0.151753551975295,0.10832220751223,1.9369519762793257,0.0,0.0,0.0,0.0,memory_decay_or_suppression,0.0,0.0,0.1173432093043058,0.9999164420482876,False,False,False,0.3552837323608114,True,True,True,False,False,False,0.0,0.10831315633144523,1.59015312843882
n10_ring10_two_edges_removed_cut_e0_e2_probe_e5_e6,stable_synchronization_island,B,suppression_sensitive_coupling,forward,0.05,1,0.02,0.0,0.0,0.0,0.0,0.0,0.0,2.4135607587745005,2.462741313567191,2.4693014921536878,-0.0065601785864961,0.1234558463124082,1.5918010302492018,0.0,0.0,0.0,0.0,memory_decay_or_suppression,backward,5,0.0,0.0,0.0,0.0,0.0,0.0,2.4135607587745005,2.61897812427982,2.619273262238469,-0.0002951379586493,0.0314514527133415,1.4687685305927711,0.0,0.0,0.0,0.0,memory_decay_or_suppression,0.0,0.0,0.1499717700847815,0.7452412854187719,False,False,False,0.3240028983855053,True,True,True,False,False,False,0.0,0.0920043935990667,1.5839986818684761
n10_ring10_two_edges_removed_cut_e0_e2_probe_e5_e6,self_reinforced_transport,C,suppression_sensitive_coupling,forward,0.05,1,0.02,0.0,0.0,0.0,0.0,0.0,0.0,2.4135607587745005,2.462741313567191,2.4693014921536878,-0.0065601785864961,0.1234558463124082,1.5918010302492018,0.0,0.0,0.0,0.0,memory_decay_or_suppression,backward,5,0.0,0.0,0.0,0.0,0.0,0.0,2.4135607587745005,2.61897812427982,2.619273262238469,-0.0002951379586493,0.0314514527133415,1.4687685305927711,0.0,0.0,0.0,0.0,memory_decay_or_suppression,0.0,0.0,0.1499717700847815,0.7452412854187719,False,False,False,0.3240028983855053,True,True,True,False,False,False,0.0,0.0920043935990667,1.5839986818684761
n10_ring10_two_edges_removed_cut_e0_e2_probe_e5_e6,stable_synchronization_island,B,gradient_driven_coupling,forward,0.1,4,0.2,0.0,0.0,0.0,0.0,0.0,0.0,2.347284191955556,2.4189229775232786,2.418987747021474,-6.476949819544942e-05,0.0056879436026451,2.0275096381061206,0.0,0.0,0.0,0.0,memory_decay_or_suppression,backward,2,0.0,0.0,0.0,0.0,0.0,0.0,2.347284191955556,2.5480558793204136,2.55066180971191,-0.0026059303914962,0.0357254595199827,1.956022262217032,0.0,0.0,0.0,0.0,memory_decay_or_suppression,0.0,0.0,0.1316740626904358,0.8407873914034765,False,False,False,0.3368600131169755,True,True,True,False,False,False,0.0,0.030037515917337596,1.5730359121135358
n10_ring10_two_edges_removed_cut_e0_e2_probe_e5_e6,self_reinforced_transport,C,gradient_driven_coupling,forward,0.1,4,0.2,0.0,0.0,0.0,0.0,0.0,0.0,2.347284191955556,2.4189229775232786,2.418987747021474,-6.476949819544942e-05,0.0056879436026451,2.0275096381061206,0.0,0.0,0.0,0.0,memory_decay_or_suppression,backward,2,0.0,0.0,0.0,0.0,0.0,0.0,2.347284191955556,2.5480558793204136,2.55066180971191,-0.0026059303914962,0.0357254595199827,1.956022262217032,0.0,0.0,0.0,0.0,memory_decay_or_suppression,0.0,0.0,0.1316740626904358,0.8407873914034765,False,False,False,0.3368600131169755,True,True,True,False,False,False,0.0,0.030037515917337596,1.5730359121135358
n10_ring10_two_edges_removed_cut_e0_e2_probe_e5_e6,self_reinforced_transport,C,gradient_driven_coupling,forward,0.05,1,0.02,0.0,0.0,0.0,0.0,0.0,0.0,2.347284191955556,2.421005157417661,2.433972186328776,-0.012967028911115,0.1037572140094396,1.9046723315044896,0.0,0.0,0.0,0.0,memory_decay_or_suppression,backward,5,0.0,0.0,0.0,0.0,0.0,0.0,2.347284191955556,2.5872013052671585,2.587766447848459,-0.0005651425813004,0.0282839614472276,1.6872674192921338,0.0,0.0,0.0,0.0,memory_decay_or_suppression,0.0,0.0,0.1537942615196827,0.727402458537661,False,False,False,0.320768681861306,True,True,True,False,False,False,0.0,0.075473252562212,1.5720770147506786
n10_ring10_two_edges_removed_cut_e0_e2_probe_e5_e6,stable_synchronization_island,B,gradient_driven_coupling,forward,0.05,1,0.02,0.0,0.0,0.0,0.0,0.0,0.0,2.347284191955556,2.421005157417661,2.433972186328776,-0.012967028911115,0.1037572140094396,1.9046723315044896,0.0,0.0,0.0,0.0,memory_decay_or_suppression,backward,5,0.0,0.0,0.0,0.0,0.0,0.0,2.347284191955556,2.5872013052671585,2.587766447848459,-0.0005651425813004,0.0282839614472276,1.6872674192921338,0.0,0.0,0.0,0.0,memory_decay_or_suppression,0.0,0.0,0.1537942615196827,0.727402458537661,False,False,False,0.320768681861306,True,True,True,False,False,False,0.0,0.075473252562212,1.5720770147506786
n10_ring10_two_edges_removed_cut_e0_e2_probe_e5_e6,stable_synchronization_island,B,suppression_sensitive_coupling,forward,0.2,2,0.05,0.0,0.0,0.0,0.0,0.0,0.0,2.4135607587745005,2.44792409243932,2.44796879839827,-4.4705958949897706e-05,0.003763553833299,1.759837508269693,0.0,0.0,0.0,0.0,memory_decay_or_suppression,backward,4,0.0,0.0,0.0,0.0,0.0,0.0,2.4135607587745005,2.5681733713099946,2.568173684472086,-3.131620913698896e-07,0.0002565049318794,1.913243314601368,0.0,0.0,0.0,0.0,memory_decay_or_suppression,0.0,0.0,0.1202048860738158,0.931845020910352,False,False,False,0.3466692384208653,True,True,True,False,False,False,0.0,0.0035070489014196,1.5694189854073934
n10_ring10_two_edges_removed_cut_e0_e2_probe_e5_e6,self_reinforced_transport,C,suppression_sensitive_coupling,forward,0.2,2,0.05,0.0,0.0,0.0,0.0,0.0,0.0,2.4135607587745005,2.44792409243932,2.44796879839827,-4.4705958949897706e-05,0.003763553833299,1.759837508269693,0.0,0.0,0.0,0.0,memory_decay_or_suppression,backward,4,0.0,0.0,0.0,0.0,0.0,0.0,2.4135607587745005,2.5681733713099946,2.568173684472086,-3.131620913698896e-07,0.0002565049318794,1.913243314601368,0.0,0.0,0.0,0.0,memory_decay_or_suppression,0.0,0.0,0.1202048860738158,0.931845020910352,False,False,False,0.3466692384208653,True,True,True,False,False,False,0.0,0.0035070489014196,1.5694189854073934
n10_ring10_two_edges_removed_cut_e0_e2_probe_e5_e6,stable_synchronization_island,B,gradient_driven_coupling,forward,0.1,6,0.4,0.0,0.0,0.0,0.0,0.0,0.0,2.347284191955556,2.419002128095127,2.4190053240724154,-3.195977288594776e-06,0.0012642445934522,2.027366210167829,0.0,0.0,0.0,0.0,memory_decay_or_suppression,backward,0,0.0008023551437997,0.0013217344456023,0.0,0.0,0.0,0.0293732332160429,2.347284191955556,2.347284191955556,2.5341030546026824,-0.1868188626471263,0.1738134105984606,2.074184804681877,0.0,0.0,0.0,0.0,memory_decay_or_suppression,0.0,0.0,0.1150977305302669,0.99272642663134,False,False,False,0.3480590576382271,True,True,True,False,False,False,0.0,0.1725491660050084,1.5652116337319317
n10_ring10_two_edges_removed_cut_e0_e2_probe_e5_e6,self_reinforced_transport,C,gradient_driven_coupling,forward,0.1,6,0.4,0.0,0.0,0.0,0.0,0.0,0.0,2.347284191955556,2.419002128095127,2.4190053240724154,-3.195977288594776e-06,0.0012642445934522,2.027366210167829,0.0,0.0,0.0,0.0,memory_decay_or_suppression,backward,0,0.0008023551437997,0.0013217344456023,0.0,0.0,0.0,0.0293732332160429,2.347284191955556,2.347284191955556,2.5341030546026824,-0.1868188626471263,0.1738134105984606,2.074184804681877,0.0,0.0,0.0,0.0,memory_decay_or_suppression,0.0,0.0,0.1150977305302669,0.99272642663134,False,False,False,0.3480590576382271,True,True,True,False,False,False,0.0,0.1725491660050084,1.5652116337319317
n10_ring10_two_edges_removed_cut_e2_e5_probe_e8_e9,mixed_adaptive_topology_response,B,base_stabilized_coupling,forward,0.1,5,0.3,0.0,0.0,0.0,0.0,0.0,0.0,2.4570351352126023,2.4731776049388667,2.4731810020204312,-3.397081564493476e-06,0.0026713126850198,1.664025888269941,0.0,0.0,0.0,0.0,memory_decay_or_suppression,backward,1,0.0,0.0,0.0,0.0,0.0,0.0,2.4570351352126023,2.578217725939675,2.5892959410280225,-0.0110782150883474,0.0873659987407417,1.8987183663089524,0.0,0.0,0.0,0.0,memory_decay_or_suppression,0.0,0.0,0.1161149390075912,0.9694238865864012,False,False,False,0.3432838427950597,True,True,True,False,False,False,0.0,0.0846946860557219,1.55374341321362
n10_ring10_two_edges_removed_cut_e1_e4_probe_e7_e8,mixed_adaptive_topology_response,B,base_stabilized_coupling,forward,0.1,5,0.3,0.0,0.0,0.0,0.0,0.0,0.0,2.4570351352126023,2.4731776049388667,2.4731810020204312,-3.397081564493476e-06,0.0026713126850198,1.664025888269941,0.0,0.0,0.0,0.0,memory_decay_or_suppression,backward,1,0.0,0.0,0.0,0.0,0.0,0.0,2.4570351352126023,2.578217725939675,2.5892959410280225,-0.0110782150883474,0.0873659987407417,1.8987183663089524,0.0,0.0,0.0,0.0,memory_decay_or_suppression,0.0,0.0,0.1161149390075912,0.9694238865864012,False,False,False,0.3432838427950597,True,True,True,False,False,False,0.0,0.0846946860557219,1.55374341321362
n10_ring10_two_edges_removed_cut_e2_e5_probe_e8_e9,mixed_adaptive_topology_response,B,base_stabilized_coupling,forward,0.1,1,0.02,0.0,0.0,0.0,0.0,0.0,0.0,2.4570351352126023,2.4710526425515806,2.4727738702349624,-0.0017212276833817,0.0544977542014612,1.6700926099422988,0.0,0.0,0.0,0.0,memory_decay_or_suppression,backward,5,0.0,0.0,0.0,0.0,0.0,0.0,2.4570351352126023,2.5923702346341826,2.592395371234617,-2.5136600434905176e-05,0.0042341591753196,1.868068517790058,0.0,0.0,0.0,0.0,memory_decay_or_suppression,0.0,0.0,0.119621500999655,0.922305804371506,False,False,False,0.3418334538939969,True,True,True,False,False,False,0.0,0.0502635950261416,1.5421282895786066
n10_ring10_two_edges_removed_cut_e1_e4_probe_e7_e8,mixed_adaptive_topology_response,B,base_stabilized_coupling,forward,0.1,1,0.02,0.0,0.0,0.0,0.0,0.0,0.0,2.4570351352126023,2.4710526425515806,2.4727738702349624,-0.0017212276833817,0.0544977542014612,1.6700926099422988,0.0,0.0,0.0,0.0,memory_decay_or_suppression,backward,5,0.0,0.0,0.0,0.0,0.0,0.0,2.4570351352126023,2.5923702346341826,2.592395371234617,-2.5136600434905176e-05,0.0042341591753196,1.868068517790058,0.0,0.0,0.0,0.0,memory_decay_or_suppression,0.0,0.0,0.119621500999655,0.922305804371506,False,False,False,0.3418334538939969,True,True,True,False,False,False,0.0,0.0502635950261416,1.5421282895786066
n10_ring10_two_edges_removed_cut_e1_e4_probe_e7_e8,stable_synchronization_island,B,neutral_coupling,forward,0.05,0,0.0,0.0012438979875798,0.0031993981677805,0.0,0.0,0.0,0.0306700814262168,2.4288048348726483,2.4288048348726483,2.4484714643219325,-0.0196666294492842,0.1355390934378427,1.6910569023516484,0.0,0.0,0.0,0.0,memory_decay_or_suppression,backward,6,0.0,0.0,0.0,0.0,0.0,0.0,2.4288048348726483,2.573618415463714,2.574020891378628,-0.0004024759149139,0.019929423520868,1.8569099407747809,0.0,0.0,0.0,0.0,memory_decay_or_suppression,0.0,0.0,0.1255494270566952,0.8529618059540844,False,False,False,0.3313251853820785,True,True,True,False,False,False,0.0,0.1156096699169747,1.5408316284392916
n10_ring10_two_edges_removed_cut_e2_e5_probe_e8_e9,stable_synchronization_island,B,neutral_coupling,forward,0.05,0,0.0,0.0012438979875798,0.0031993981677805,0.0,0.0,0.0,0.0306700814262168,2.4288048348726483,2.4288048348726483,2.4484714643219325,-0.0196666294492842,0.1355390934378427,1.6910569023516484,0.0,0.0,0.0,0.0,memory_decay_or_suppression,backward,6,0.0,0.0,0.0,0.0,0.0,0.0,2.4288048348726483,2.573618415463714,2.574020891378628,-0.0004024759149139,0.019929423520868,1.8569099407747809,0.0,0.0,0.0,0.0,memory_decay_or_suppression,0.0,0.0,0.1255494270566952,0.8529618059540844,False,False,False,0.3313251853820785,True,True,True,False,False,False,0.0,0.1156096699169747,1.5408316284392916
n10_ring10_two_edges_removed_cut_e2_e5_probe_e8_e9,self_reinforced_transport,C,neutral_coupling,forward,0.05,0,0.0,0.0012438979875798,0.0031993981677805,0.0,0.0,0.0,0.0306700814262168,2.4288048348726483,2.4288048348726483,2.4484714643219325,-0.0196666294492842,0.1355390934378427,1.6910569023516484,0.0,0.0,0.0,0.0,memory_decay_or_suppression,backward,6,0.0,0.0,0.0,0.0,0.0,0.0,2.4288048348726483,2.573618415463714,2.574020891378628,-0.0004024759149139,0.019929423520868,1.8569099407747809,0.0,0.0,0.0,0.0,memory_decay_or_suppression,0.0,0.0,0.1255494270566952,0.8529618059540844,False,False,False,0.3313251853820785,True,True,True,False,False,False,0.0,0.1156096699169747,1.5408316284392916
n10_ring10_two_edges_removed_cut_e1_e4_probe_e7_e8,self_reinforced_transport,C,neutral_coupling,forward,0.05,0,0.0,0.0012438979875798,0.0031993981677805,0.0,0.0,0.0,0.0306700814262168,2.4288048348726483,2.4288048348726483,2.4484714643219325,-0.0196666294492842,0.1355390934378427,1.6910569023516484,0.0,0.0,0.0,0.0,memory_decay_or_suppression,backward,6,0.0,0.0,0.0,0.0,0.0,0.0,2.4288048348726483,2.573618415463714,2.574020891378628,-0.0004024759149139,0.019929423520868,1.8569099407747809,0.0,0.0,0.0,0.0,memory_decay_or_suppression,0.0,0.0,0.1255494270566952,0.8529618059540844,False,False,False,0.3313251853820785,True,True,True,False,False,False,0.0,0.1156096699169747,1.5408316284392916
n10_ring10_two_edges_removed_cut_e1_e4_probe_e7_e8,mixed_adaptive_topology_response,B,base_stabilized_coupling,forward,0.05,6,0.4,0.0,0.0,0.0,0.0,0.0,0.0,2.4570351352126023,2.478324219056941,2.4783632458806206,-3.9026823679844114e-05,0.0152953838814196,1.5762888965505617,0.0,0.0,0.0,0.0,memory_decay_or_suppression,backward,0,0.0012438979875798,0.0073567648501366,0.0,0.0,0.0,0.1164238299818926,2.4570351352126023,2.4570351352126023,2.593841108748072,-0.1368059735354698,0.2607942955094802,1.831324847057192,0.0,0.0,0.0,0.0,memory_decay_or_suppression,0.0,0.0,0.1154778628674515,0.9413507728285224,False,False,False,0.3357403542715563,True,True,True,False,False,False,0.0,0.2454989116280606,1.5197531396924278
n10_ring10_two_edges_removed_cut_e2_e5_probe_e8_e9,mixed_adaptive_topology_response,B,base_stabilized_coupling,forward,0.05,6,0.4,0.0,0.0,0.0,0.0,0.0,0.0,2.4570351352126023,2.478324219056941,2.4783632458806206,-3.9026823679844114e-05,0.0152953838814196,1.5762888965505617,0.0,0.0,0.0,0.0,memory_decay_or_suppression,backward,0,0.0012438979875798,0.0073567648501366,0.0,0.0,0.0,0.1164238299818926,2.4570351352126023,2.4570351352126023,2.593841108748072,-0.1368059735354698,0.2607942955094802,1.831324847057192,0.0,0.0,0.0,0.0,memory_decay_or_suppression,0.0,0.0,0.1154778628674515,0.9413507728285224,False,False,False,0.3357403542715563,True,True,True,False,False,False,0.0,0.2454989116280606,1.5197531396924278
n10_ring10_two_edges_removed_cut_e0_e1_probe_e3_e7,mixed_adaptive_topology_response,B,base_stabilized_coupling,forward,0.1,0,0.0,0.0029838625790902,0.0624690835555218,0.0,0.0,0.0,0.1909493009432203,2.4570351352126023,2.4570351352126023,2.4710526425515806,-0.0140175073389783,0.1190518520386252,1.6933445561176348,0.0,0.0,0.0,0.0,memory_decay_or_suppression,backward,6,0.0,0.0,0.0,0.0,0.0,0.0282750072705973,2.4570351352126023,2.585263397753808,2.585319995897815,-5.659814400704733e-05,0.0060344576626458,1.8782733161017755,0.0,0.0,0.0,0.0,memory_decay_or_suppression,0.0,0.0,0.1142673533462343,0.949312357932598,False,False,False,0.3365052603514968,True,True,True,False,False,False,0.0,0.1130173943759794,1.5099632455065626
n10_ring10_two_edges_removed_cut_e0_e3_probe_e2_e6,self_reinforced_transport,C,base_stabilized_coupling,forward,0.1,0,0.0,0.0029838625790902,0.0624690835555218,0.0,0.0,0.0,0.1909493009432203,2.4570351352126023,2.4570351352126023,2.4710526425515806,-0.0140175073389783,0.1190518520386252,1.6933445561176348,0.0,0.0,0.0,0.0,memory_decay_or_suppression,backward,6,0.0,0.0,0.0,0.0,0.0,0.0282750072705973,2.4570351352126023,2.585263397753808,2.585319995897815,-5.659814400704733e-05,0.0060344576626458,1.8782733161017755,0.0,0.0,0.0,0.0,memory_decay_or_suppression,0.0,0.0,0.1142673533462343,0.949312357932598,False,False,False,0.3365052603514968,True,True,True,False,False,False,0.0,0.1130173943759794,1.5099632455065626
n10_ring10_two_edges_removed_cut_e0_e1_probe_e3_e7,self_reinforced_transport,C,base_stabilized_coupling,forward,0.1,0,0.0,0.0029838625790902,0.0624690835555218,0.0,0.0,0.0,0.1909493009432203,2.4570351352126023,2.4570351352126023,2.4710526425515806,-0.0140175073389783,0.1190518520386252,1.6933445561176348,0.0,0.0,0.0,0.0,memory_decay_or_suppression,backward,6,0.0,0.0,0.0,0.0,0.0,0.0282750072705973,2.4570351352126023,2.585263397753808,2.585319995897815,-5.659814400704733e-05,0.0060344576626458,1.8782733161017755,0.0,0.0,0.0,0.0,memory_decay_or_suppression,0.0,0.0,0.1142673533462343,0.949312357932598,False,False,False,0.3365052603514968,True,True,True,False,False,False,0.0,0.1130173943759794,1.5099632455065626
n10_ring10_two_edges_removed_cut_e0_e3_probe_e2_e6,stable_synchronization_island,B,base_stabilized_coupling,forward,0.1,0,0.0,0.0029838625790902,0.0624690835555218,0.0,0.0,0.0,0.1909493009432203,2.4570351352126023,2.4570351352126023,2.4710526425515806,-0.0140175073389783,0.1190518520386252,1.6933445561176348,0.0,0.0,0.0,0.0,memory_decay_or_suppression,backward,6,0.0,0.0,0.0,0.0,0.0,0.0282750072705973,2.4570351352126023,2.585263397753808,2.585319995897815,-5.659814400704733e-05,0.0060344576626458,1.8782733161017755,0.0,0.0,0.0,0.0,memory_decay_or_suppression,0.0,0.0,0.1142673533462343,0.949312357932598,False,False,False,0.3365052603514968,True,True,True,False,False,False,0.0,0.1130173943759794,1.5099632455065626
n10_ring10_two_edges_removed_cut_e0_e1_probe_e3_e7,stable_synchronization_island,B,base_stabilized_coupling,forward,0.1,0,0.0,0.0029838625790902,0.0624690835555218,0.0,0.0,0.0,0.1909493009432203,2.4570351352126023,2.4570351352126023,2.4710526425515806,-0.0140175073389783,0.1190518520386252,1.6933445561176348,0.0,0.0,0.0,0.0,memory_decay_or_suppression,backward,6,0.0,0.0,0.0,0.0,0.0,0.0282750072705973,2.4570351352126023,2.585263397753808,2.585319995897815,-5.659814400704733e-05,0.0060344576626458,1.8782733161017755,0.0,0.0,0.0,0.0,memory_decay_or_suppression,0.0,0.0,0.1142673533462343,0.949312357932598,False,False,False,0.3365052603514968,True,True,True,False,False,False,0.0,0.1130173943759794,1.5099632455065626
n10_ring10_two_edges_removed_cut_e0_e3_probe_e2_e6,mixed_adaptive_topology_response,B,base_stabilized_coupling,forward,0.1,0,0.0,0.0029838625790902,0.0624690835555218,0.0,0.0,0.0,0.1909493009432203,2.4570351352126023,2.4570351352126023,2.4710526425515806,-0.0140175073389783,0.1190518520386252,1.6933445561176348,0.0,0.0,0.0,0.0,memory_decay_or_suppression,backward,6,0.0,0.0,0.0,0.0,0.0,0.0282750072705973,2.4570351352126023,2.585263397753808,2.585319995897815,-5.659814400704733e-05,0.0060344576626458,1.8782733161017755,0.0,0.0,0.0,0.0,memory_decay_or_suppression,0.0,0.0,0.1142673533462343,0.949312357932598,False,False,False,0.3365052603514968,True,True,True,False,False,False,0.0,0.1130173943759794,1.5099632455065626
n10_ring10_two_edges_removed_cut_e1_e4_probe_e7_e8,mixed_adaptive_topology_response,B,base_stabilized_coupling,forward,0.05,1,0.02,0.0,0.0,0.0,0.0,0.0,0.0,2.4570351352126023,2.473541957149284,2.476632553183499,-0.0030905960342151,0.1056588897089201,1.608049386349748,0.0,0.0,0.0,0.0,memory_decay_or_suppression,backward,5,0.0,0.0,0.0,0.0,0.0,0.0,2.4570351352126023,2.61861974108846,2.6190015695829296,-0.0003818284944698,0.0316690648453991,1.591529872465692,0.0,0.0,0.0,0.0,memory_decay_or_suppression,0.0,0.0,0.1423690163994306,0.7002707019414587,False,False,False,0.3085585718439081,True,True,True,False,False,False,0.0,0.07398982486352099,1.5094422995745949
n10_ring10_two_edges_removed_cut_e2_e5_probe_e8_e9,mixed_adaptive_topology_response,B,base_stabilized_coupling,forward,0.05,1,0.02,0.0,0.0,0.0,0.0,0.0,0.0,2.4570351352126023,2.473541957149284,2.476632553183499,-0.0030905960342151,0.1056588897089201,1.608049386349748,0.0,0.0,0.0,0.0,memory_decay_or_suppression,backward,5,0.0,0.0,0.0,0.0,0.0,0.0,2.4570351352126023,2.61861974108846,2.6190015695829296,-0.0003818284944698,0.0316690648453991,1.591529872465692,0.0,0.0,0.0,0.0,memory_decay_or_suppression,0.0,0.0,0.1423690163994306,0.7002707019414587,False,False,False,0.3085585718439081,True,True,True,False,False,False,0.0,0.07398982486352099,1.5094422995745949
n10_ring10_two_edges_removed_cut_e0_e2_probe_e5_e6,stable_synchronization_island,B,suppression_sensitive_coupling,forward,0.1,2,0.05,0.0,0.0,0.0,0.0,0.0,0.0,2.4135607587745005,2.460709300452302,2.461452189223716,-0.0007428887714135,0.0311418128761992,1.659260859759658,0.0,0.0,0.0,0.0,memory_decay_or_suppression,backward,4,0.0,0.0,0.0,0.0,0.0,0.0,2.4135607587745005,2.599170991409777,2.599244289699453,-7.329828967650442e-05,0.0088815550699411,1.6591580906265004,0.0,0.0,0.0,0.0,memory_decay_or_suppression,0.0,0.0,0.1377921004757376,0.7148028887732522,False,False,False,0.3088652880196436,True,True,True,False,False,False,0.0,0.0222602578062581,1.4943886875898202
n10_ring10_two_edges_removed_cut_e0_e2_probe_e5_e6,self_reinforced_transport,C,suppression_sensitive_coupling,forward,0.1,2,0.05,0.0,0.0,0.0,0.0,0.0,0.0,2.4135607587745005,2.460709300452302,2.461452189223716,-0.0007428887714135,0.0311418128761992,1.659260859759658,0.0,0.0,0.0,0.0,memory_decay_or_suppression,backward,4,0.0,0.0,0.0,0.0,0.0,0.0,2.4135607587745005,2.599170991409777,2.599244289699453,-7.329828967650442e-05,0.0088815550699411,1.6591580906265004,0.0,0.0,0.0,0.0,memory_decay_or_suppression,0.0,0.0,0.1377921004757376,0.7148028887732522,False,False,False,0.3088652880196436,True,True,True,False,False,False,0.0,0.0222602578062581,1.4943886875898202
n10_ring10_two_edges_removed_cut_e0_e2_probe_e5_e6,stable_synchronization_island,B,gradient_driven_coupling,forward,0.2,0,0.0,0.0008023551437997,0.0013217344456023,0.0,0.0,0.0,0.0042278938291062,2.347284191955556,2.347284191955556,2.3944083056024383,-0.0471241136468822,0.062035994022587,2.229097729035829,0.0,0.0,0.0,0.0,memory_decay_or_suppression,backward,6,0.0,0.0,0.0,0.0,0.0,0.0,2.347284191955556,2.499756960526448,2.499756961693302,-1.166854168843656e-09,1.1252128872227814e-05,2.2789240235140795,0.0,0.0,0.0,0.0,memory_decay_or_suppression,0.0,0.0,0.1053486560908636,0.9998186193346408,False,False,False,0.336701853713212,True,True,True,False,False,False,0.0,0.06202474189371477,1.489463589748842
n10_ring10_two_edges_removed_cut_e0_e2_probe_e5_e6,self_reinforced_transport,C,gradient_driven_coupling,forward,0.2,0,0.0,0.0008023551437997,0.0013217344456023,0.0,0.0,0.0,0.0042278938291062,2.347284191955556,2.347284191955556,2.3944083056024383,-0.0471241136468822,0.062035994022587,2.229097729035829,0.0,0.0,0.0,0.0,memory_decay_or_suppression,backward,6,0.0,0.0,0.0,0.0,0.0,0.0,2.347284191955556,2.499756960526448,2.499756961693302,-1.166854168843656e-09,1.1252128872227814e-05,2.2789240235140795,0.0,0.0,0.0,0.0,memory_decay_or_suppression,0.0,0.0,0.1053486560908636,0.9998186193346408,False,False,False,0.336701853713212,True,True,True,False,False,False,0.0,0.06202474189371477,1.489463589748842
n10_ring10_two_edges_removed_cut_e1_e4_probe_e7_e8,mixed_adaptive_topology_response,B,base_stabilized_coupling,forward,0.1,6,0.4,0.0,0.0,0.0,0.0,0.0,0.0,2.4570351352126023,2.4731810020204312,2.47318175696038,-7.549399483330888e-07,0.0012594479750174,1.6640145525424928,0.0,0.0,0.0,0.0,memory_decay_or_suppression,backward,0,0.0012438979875798,0.0069969966986044,0.0,0.0,0.0,0.0975813875580895,2.4570351352126023,2.4570351352126023,2.578217725939675,-0.1211825907270727,0.1983895567345395,1.9621566907954449,0.0,0.0,0.0,0.0,memory_decay_or_suppression,0.0,0.0,0.1050359689792954,0.993651641766122,False,False,False,0.3346348992370487,True,True,True,False,False,False,0.0,0.1971301087595221,1.4773794524170096
n10_ring10_two_edges_removed_cut_e2_e5_probe_e8_e9,mixed_adaptive_topology_response,B,base_stabilized_coupling,forward,0.1,6,0.4,0.0,0.0,0.0,0.0,0.0,0.0,2.4570351352126023,2.4731810020204312,2.47318175696038,-7.549399483330888e-07,0.0012594479750174,1.6640145525424928,0.0,0.0,0.0,0.0,memory_decay_or_suppression,backward,0,0.0012438979875798,0.0069969966986044,0.0,0.0,0.0,0.0975813875580895,2.4570351352126023,2.4570351352126023,2.578217725939675,-0.1211825907270727,0.1983895567345395,1.9621566907954449,0.0,0.0,0.0,0.0,memory_decay_or_suppression,0.0,0.0,0.1050359689792954,0.993651641766122,False,False,False,0.3346348992370487,True,True,True,False,False,False,0.0,0.1971301087595221,1.4773794524170096
n10_ring10_two_edges_removed_cut_e0_e2_probe_e5_e6,self_reinforced_transport,C,gradient_driven_coupling,forward,0.2,1,0.02,0.0,0.0,0.0,0.0,0.0,0.0,2.347284191955556,2.3944083056024383,2.395866692817206,-0.0014583872147677,0.0136379570050913,2.2170372335794544,0.0,0.0,0.0,0.0,memory_decay_or_suppression,backward,5,0.0,0.0,0.0,0.0,0.0,0.0,2.347284191955556,2.499756936732956,2.499756960526448,-2.379349206549364e-08,5.081073881728471e-05,2.2789247675979416,0.0,0.0,0.0,0.0,memory_decay_or_suppression,0.0,0.0,0.1038902677092417,0.9962743144156716,False,False,False,0.3349404273434136,True,True,True,False,False,False,0.0,0.013587146266274015,1.4740849653032455
n10_ring10_two_edges_removed_cut_e0_e2_probe_e5_e6,stable_synchronization_island,B,gradient_driven_coupling,forward,0.2,1,0.02,0.0,0.0,0.0,0.0,0.0,0.0,2.347284191955556,2.3944083056024383,2.395866692817206,-0.0014583872147677,0.0136379570050913,2.2170372335794544,0.0,0.0,0.0,0.0,memory_decay_or_suppression,backward,5,0.0,0.0,0.0,0.0,0.0,0.0,2.347284191955556,2.499756936732956,2.499756960526448,-2.379349206549364e-08,5.081073881728471e-05,2.2789247675979416,0.0,0.0,0.0,0.0,memory_decay_or_suppression,0.0,0.0,0.1038902677092417,0.9962743144156716,False,False,False,0.3349404273434136,True,True,True,False,False,False,0.0,0.013587146266274015,1.4740849653032455
n10_ring10_two_edges_removed_cut_e0_e2_probe_e5_e6,stable_synchronization_island,B,gradient_driven_coupling,forward,0.05,6,0.4,0.0,0.0,0.0,0.0,0.0,0.0,2.347284191955556,2.441638218667908,2.441819592143214,-0.0001813734753062,0.0148738674172477,1.839349688386561,0.0,0.0,0.0,0.0,memory_decay_or_suppression,backward,0,0.0008023551437997,0.0013217344456023,0.0,0.0,0.0,0.0338118608605747,2.347284191955556,2.347284191955556,2.553885889182744,-0.2066016972271875,0.2283594708601848,1.9405567938956991,0.0,0.0,0.0,0.0,memory_decay_or_suppression,0.0,0.0,0.1120662970395294,0.9348664307105122,False,False,False,0.3290422379297288,True,True,True,False,False,False,0.0,0.2134856034429371,1.4659315194679086
n10_ring10_two_edges_removed_cut_e0_e2_probe_e5_e6,self_reinforced_transport,C,gradient_driven_coupling,forward,0.05,6,0.4,0.0,0.0,0.0,0.0,0.0,0.0,2.347284191955556,2.441638218667908,2.441819592143214,-0.0001813734753062,0.0148738674172477,1.839349688386561,0.0,0.0,0.0,0.0,memory_decay_or_suppression,backward,0,0.0008023551437997,0.0013217344456023,0.0,0.0,0.0,0.0338118608605747,2.347284191955556,2.347284191955556,2.553885889182744,-0.2066016972271875,0.2283594708601848,1.9405567938956991,0.0,0.0,0.0,0.0,memory_decay_or_suppression,0.0,0.0,0.1120662970395294,0.9348664307105122,False,False,False,0.3290422379297288,True,True,True,False,False,False,0.0,0.2134856034429371,1.4659315194679086
n10_ring10_two_edges_removed_cut_e0_e2_probe_e5_e6,stable_synchronization_island,B,gradient_driven_coupling,forward,0.2,5,0.3,0.0,0.0,0.0,0.0,0.0,0.0,2.347284191955556,2.3959404976436787,2.395940505915544,-8.271865414855029e-09,3.278719197397164e-05,2.216426391321453,0.0,0.0,0.0,0.0,memory_decay_or_suppression,backward,1,0.0,0.0,0.0,0.0,0.0,0.0,2.347284191955556,2.495338788560121,2.499544460624114,-0.0042056720639926,0.0211435856033063,2.2803099231804604,0.0,0.0,0.0,0.0,memory_decay_or_suppression,0.0,0.0,0.10360395470857,0.9984493078143144,False,False,False,0.3340836154689848,True,True,True,False,False,False,0.0,0.02111079841133233,1.4585084794119476
n10_ring10_two_edges_removed_cut_e0_e2_probe_e5_e6,self_reinforced_transport,C,gradient_driven_coupling,forward,0.2,5,0.3,0.0,0.0,0.0,0.0,0.0,0.0,2.347284191955556,2.3959404976436787,2.395940505915544,-8.271865414855029e-09,3.278719197397164e-05,2.216426391321453,0.0,0.0,0.0,0.0,memory_decay_or_suppression,backward,1,0.0,0.0,0.0,0.0,0.0,0.0,2.347284191955556,2.495338788560121,2.499544460624114,-0.0042056720639926,0.0211435856033063,2.2803099231804604,0.0,0.0,0.0,0.0,memory_decay_or_suppression,0.0,0.0,0.10360395470857,0.9984493078143144,False,False,False,0.3340836154689848,True,True,True,False,False,False,0.0,0.02111079841133233,1.4585084794119476
n10_ring10_two_edges_removed_cut_e2_e5_probe_e8_e9,mixed_adaptive_topology_response,B,base_stabilized_coupling,forward,0.1,4,0.2,0.0,0.0,0.0,0.0,0.0,0.0,2.4570351352126023,2.4731623042189903,2.4731776049388667,-1.5300719876432112e-05,0.005666205667265,1.6640768816672178,0.0,0.0,0.0,0.0,memory_decay_or_suppression,backward,2,0.0,0.0,0.0,0.0,0.0,0.0,2.4570351352126023,2.5892959410280225,2.591741053974832,-0.002445112946809,0.0405689920229425,1.874577743296577,0.0,0.0,0.0,0.0,memory_decay_or_suppression,0.0,0.0,0.1185634490359648,0.8603316132448875,False,False,False,0.3238889257201854,True,True,True,False,False,False,0.0,0.0349027863556775,1.4564854593987335
n10_ring10_two_edges_removed_cut_e1_e4_probe_e7_e8,mixed_adaptive_topology_response,B,base_stabilized_coupling,forward,0.1,4,0.2,0.0,0.0,0.0,0.0,0.0,0.0,2.4570351352126023,2.4731623042189903,2.4731776049388667,-1.5300719876432112e-05,0.005666205667265,1.6640768816672178,0.0,0.0,0.0,0.0,memory_decay_or_suppression,backward,2,0.0,0.0,0.0,0.0,0.0,0.0,2.4570351352126023,2.5892959410280225,2.591741053974832,-0.002445112946809,0.0405689920229425,1.874577743296577,0.0,0.0,0.0,0.0,memory_decay_or_suppression,0.0,0.0,0.1185634490359648,0.8603316132448875,False,False,False,0.3238889257201854,True,True,True,False,False,False,0.0,0.0349027863556775,1.4564854593987335
n10_ring10_two_edges_removed_cut_e1_e4_probe_e7_e8,mixed_adaptive_topology_response,B,base_stabilized_coupling,forward,0.05,4,0.2,0.0,0.0,0.0,0.0,0.0,0.0,2.4570351352126023,2.478057295896824,2.478240361679699,-0.0001830657828754,0.0325530267284811,1.5786556735876274,0.0,0.0,0.0,0.0,memory_decay_or_suppression,backward,2,0.0,0.0,0.0,0.0,0.0,0.0,2.4570351352126023,2.610497526703053,2.615789806651038,-0.005292279947985,0.1014965017090133,1.6322549757275735,0.0,0.0,0.0,0.0,memory_decay_or_suppression,0.0,0.0,0.1375494449713388,0.6792694705627518,False,False,False,0.2992816533549737,True,True,True,False,False,False,0.0,0.06894347498053219,1.4529381096160061
n10_ring10_two_edges_removed_cut_e2_e5_probe_e8_e9,mixed_adaptive_topology_response,B,base_stabilized_coupling,forward,0.05,4,0.2,0.0,0.0,0.0,0.0,0.0,0.0,2.4570351352126023,2.478057295896824,2.478240361679699,-0.0001830657828754,0.0325530267284811,1.5786556735876274,0.0,0.0,0.0,0.0,memory_decay_or_suppression,backward,2,0.0,0.0,0.0,0.0,0.0,0.0,2.4570351352126023,2.610497526703053,2.615789806651038,-0.005292279947985,0.1014965017090133,1.6322549757275735,0.0,0.0,0.0,0.0,memory_decay_or_suppression,0.0,0.0,0.1375494449713388,0.6792694705627518,False,False,False,0.2992816533549737,True,True,True,False,False,False,0.0,0.06894347498053219,1.4529381096160061
n10_ring10_two_edges_removed_cut_e0_e2_probe_e5_e6,self_reinforced_transport,C,gradient_driven_coupling,forward,0.05,4,0.2,0.0,0.0,0.0,0.0,0.0,0.0,2.347284191955556,2.4404039407733,2.4412492984683345,-0.0008453576950349,0.0316768482091949,1.8441369927413336,0.0,0.0,0.0,0.0,memory_decay_or_suppression,backward,2,0.0,0.0,0.0,0.0,0.0,0.0,2.347284191955556,2.5761573609106296,2.5831527547915822,-0.0069953938809526,0.0902892538626941,1.7226010016120503,0.0,0.0,0.0,0.0,memory_decay_or_suppression,0.0,0.0,0.1419034563232477,0.6491625874102792,False,False,False,0.2954314031550908,True,True,True,False,False,False,0.0,0.0586124056534992,1.4524170252801016
n10_ring10_two_edges_removed_cut_e0_e2_probe_e5_e6,stable_synchronization_island,B,gradient_driven_coupling,forward,0.05,4,0.2,0.0,0.0,0.0,0.0,0.0,0.0,2.347284191955556,2.4404039407733,2.4412492984683345,-0.0008453576950349,0.0316768482091949,1.8441369927413336,0.0,0.0,0.0,0.0,memory_decay_or_suppression,backward,2,0.0,0.0,0.0,0.0,0.0,0.0,2.347284191955556,2.5761573609106296,2.5831527547915822,-0.0069953938809526,0.0902892538626941,1.7226010016120503,0.0,0.0,0.0,0.0,memory_decay_or_suppression,0.0,0.0,0.1419034563232477,0.6491625874102792,False,False,False,0.2954314031550908,True,True,True,False,False,False,0.0,0.0586124056534992,1.4524170252801016
n10_ring10_two_edges_removed_cut_e0_e2_probe_e5_e6,stable_synchronization_island,B,suppression_sensitive_coupling,forward,0.05,4,0.2,0.0,0.0,0.0,0.0,0.0,0.0,2.4135607587745005,2.4722335279160066,2.472601816130552,-0.0003682882145454,0.0372809510852953,1.5597867345503642,0.0,0.0,0.0,0.0,memory_decay_or_suppression,backward,2,0.0,0.0,0.0,0.0,0.0,0.0,2.4135607587745005,2.61303509769163,2.616836867501895,-0.003801769810265,0.1006021381111582,1.4936444232509234,0.0,0.0,0.0,0.0,memory_decay_or_suppression,0.0,0.0,0.1442350513713428,0.6294218812255071,False,False,False,0.2925970669450322,True,True,True,False,False,False,0.0,0.0633211870258629,1.4504277983852705
n10_ring10_two_edges_removed_cut_e0_e2_probe_e5_e6,self_reinforced_transport,C,suppression_sensitive_coupling,forward,0.05,4,0.2,0.0,0.0,0.0,0.0,0.0,0.0,2.4135607587745005,2.4722335279160066,2.472601816130552,-0.0003682882145454,0.0372809510852953,1.5597867345503642,0.0,0.0,0.0,0.0,memory_decay_or_suppression,backward,2,0.0,0.0,0.0,0.0,0.0,0.0,2.4135607587745005,2.61303509769163,2.616836867501895,-0.003801769810265,0.1006021381111582,1.4936444232509234,0.0,0.0,0.0,0.0,memory_decay_or_suppression,0.0,0.0,0.1442350513713428,0.6294218812255071,False,False,False,0.2925970669450322,True,True,True,False,False,False,0.0,0.0633211870258629,1.4504277983852705
n10_ring10_two_edges_removed_cut_e0_e2_probe_e5_e6,self_reinforced_transport,C,gradient_driven_coupling,forward,0.1,2,0.05,0.0,0.0,0.0,0.0,0.0,0.0,2.347284191955556,2.4172807302916293,2.4186300792542084,-0.0013493489625791,0.0256456535476426,2.0304280176917566,0.0,0.0,0.0,0.0,memory_decay_or_suppression,backward,4,0.0,0.0,0.0,0.0,0.0,0.0,2.347284191955556,2.551220429918053,2.551343626485383,-0.0001231965673298,0.0079140975782189,1.951151512961595,0.0,0.0,0.0,0.0,memory_decay_or_suppression,0.0,0.0,0.1327135472311744,0.6914058920663461,False,False,False,0.3005650584507602,True,True,True,False,False,False,0.0,0.017731555969423697,1.4354887323030323
n10_ring10_two_edges_removed_cut_e0_e2_probe_e5_e6,stable_synchronization_island,B,gradient_driven_coupling,forward,0.1,2,0.05,0.0,0.0,0.0,0.0,0.0,0.0,2.347284191955556,2.4172807302916293,2.4186300792542084,-0.0013493489625791,0.0256456535476426,2.0304280176917566,0.0,0.0,0.0,0.0,memory_decay_or_suppression,backward,4,0.0,0.0,0.0,0.0,0.0,0.0,2.347284191955556,2.551220429918053,2.551343626485383,-0.0001231965673298,0.0079140975782189,1.951151512961595,0.0,0.0,0.0,0.0,memory_decay_or_suppression,0.0,0.0,0.1327135472311744,0.6914058920663461,False,False,False,0.3005650584507602,True,True,True,False,False,False,0.0,0.017731555969423697,1.4354887323030323
n10_ring10_two_edges_removed_cut_e0_e2_probe_e5_e6,self_reinforced_transport,C,gradient_driven_coupling,forward,0.2,4,0.2,0.0,0.0,0.0,0.0,0.0,0.0,2.347284191955556,2.395940328970516,2.3959404976436787,-1.6867316254831621e-07,0.0001480556727792,2.2164266758657463,0.0,0.0,0.0,0.0,memory_decay_or_suppression,backward,2,0.0,0.0,0.0,0.0,0.0,0.0,2.347284191955556,2.499544460624114,2.4997465573841318,-0.0002020967600171,0.0046788011590277,2.278992780332642,0.0,0.0,0.0,0.0,memory_decay_or_suppression,0.0,0.0,0.1038060597404526,0.9683560662837846,False,False,False,0.3269104451423747,True,True,True,False,False,False,0.0,0.0045307454862485,1.4343323976447313
n10_ring10_two_edges_removed_cut_e0_e2_probe_e5_e6,stable_synchronization_island,B,gradient_driven_coupling,forward,0.2,4,0.2,0.0,0.0,0.0,0.0,0.0,0.0,2.347284191955556,2.395940328970516,2.3959404976436787,-1.6867316254831621e-07,0.0001480556727792,2.2164266758657463,0.0,0.0,0.0,0.0,memory_decay_or_suppression,backward,2,0.0,0.0,0.0,0.0,0.0,0.0,2.347284191955556,2.499544460624114,2.4997465573841318,-0.0002020967600171,0.0046788011590277,2.278992780332642,0.0,0.0,0.0,0.0,memory_decay_or_suppression,0.0,0.0,0.1038060597404526,0.9683560662837846,False,False,False,0.3269104451423747,True,True,True,False,False,False,0.0,0.0045307454862485,1.4343323976447313
n10_ring10_two_edges_removed_cut_e0_e2_probe_e5_e6,stable_synchronization_island,B,gradient_driven_coupling,forward,0.2,6,0.4,0.0,0.0,0.0,0.0,0.0,0.0,2.347284191955556,2.395940505915544,2.395940506321204,-4.056599500756874e-10,7.260782245396221e-06,2.216425412023555,0.0,0.0,0.0,0.0,memory_decay_or_suppression,backward,0,0.0008023551437997,0.0013217344456023,0.0,0.0,0.0,0.0223142349263922,2.347284191955556,2.347284191955556,2.495338788560121,-0.1480545966045654,0.0969491018196537,2.308423740614135,0.0,0.0,0.0,0.0,memory_decay_or_suppression,0.0,0.0,0.0993982822389174,0.9999251072665032,False,False,False,0.3320015849398751,True,True,True,False,False,False,0.0,0.0969418410374083,1.4303984800475682
n10_ring10_two_edges_removed_cut_e0_e2_probe_e5_e6,self_reinforced_transport,C,gradient_driven_coupling,forward,0.2,6,0.4,0.0,0.0,0.0,0.0,0.0,0.0,2.347284191955556,2.395940505915544,2.395940506321204,-4.056599500756874e-10,7.260782245396221e-06,2.216425412023555,0.0,0.0,0.0,0.0,memory_decay_or_suppression,backward,0,0.0008023551437997,0.0013217344456023,0.0,0.0,0.0,0.0223142349263922,2.347284191955556,2.347284191955556,2.495338788560121,-0.1480545966045654,0.0969491018196537,2.308423740614135,0.0,0.0,0.0,0.0,memory_decay_or_suppression,0.0,0.0,0.0993982822389174,0.9999251072665032,False,False,False,0.3320015849398751,True,True,True,False,False,False,0.0,0.0969418410374083,1.4303984800475682
n10_ring10_two_edges_removed_cut_e0_e3_probe_e2_e6,self_reinforced_transport,C,base_stabilized_coupling,forward,0.05,5,0.3,0.0,0.0,0.0,0.0,0.0,0.0268776379952731,2.4570351352126023,2.5503680137046887,2.5664253415569296,-0.0160573278522409,0.0236586988416008,1.4872286328219704,0.0,0.0,0.0,0.0,memory_decay_or_suppression,backward,1,0.0617462607454093,0.0617462607454093,0.0,0.0,0.0,0.2492920608613754,2.4570351352126023,2.688840903744897,2.6732117145476715,0.015629189197226,0.3269708174283222,1.3803493012198629,0.0,0.0,0.0,0.0,memory_decay_or_suppression,0.0,0.0,0.1067863729907419,0.9276427816139436,False,False,False,0.3193581743950825,True,True,True,False,False,False,0.0,0.30331211858672136,1.4291220715547719
n10_ring10_two_edges_removed_cut_e0_e3_probe_e2_e6,mixed_adaptive_topology_response,B,base_stabilized_coupling,forward,0.05,5,0.3,0.0,0.0,0.0,0.0,0.0,0.0268776379952731,2.4570351352126023,2.5503680137046887,2.5664253415569296,-0.0160573278522409,0.0236586988416008,1.4872286328219704,0.0,0.0,0.0,0.0,memory_decay_or_suppression,backward,1,0.0617462607454093,0.0617462607454093,0.0,0.0,0.0,0.2492920608613754,2.4570351352126023,2.688840903744897,2.6732117145476715,0.015629189197226,0.3269708174283222,1.3803493012198629,0.0,0.0,0.0,0.0,memory_decay_or_suppression,0.0,0.0,0.1067863729907419,0.9276427816139436,False,False,False,0.3193581743950825,True,True,True,False,False,False,0.0,0.30331211858672136,1.4291220715547719
n10_ring10_two_edges_removed_cut_e0_e1_probe_e3_e7,mixed_adaptive_topology_response,B,base_stabilized_coupling,forward,0.05,5,0.3,0.0,0.0,0.0,0.0,0.0,0.0268776379952731,2.4570351352126023,2.5503680137046887,2.5664253415569296,-0.0160573278522409,0.0236586988416008,1.4872286328219704,0.0,0.0,0.0,0.0,memory_decay_or_suppression,backward,1,0.0617462607454093,0.0617462607454093,0.0,0.0,0.0,0.2492920608613754,2.4570351352126023,2.688840903744897,2.6732117145476715,0.015629189197226,0.3269708174283222,1.3803493012198629,0.0,0.0,0.0,0.0,memory_decay_or_suppression,0.0,0.0,0.1067863729907419,0.9276427816139436,False,False,False,0.3193581743950825,True,True,True,False,False,False,0.0,0.30331211858672136,1.4291220715547719
n10_ring10_two_edges_removed_cut_e0_e3_probe_e2_e6,stable_synchronization_island,B,base_stabilized_coupling,forward,0.05,5,0.3,0.0,0.0,0.0,0.0,0.0,0.0268776379952731,2.4570351352126023,2.5503680137046887,2.5664253415569296,-0.0160573278522409,0.0236586988416008,1.4872286328219704,0.0,0.0,0.0,0.0,memory_decay_or_suppression,backward,1,0.0617462607454093,0.0617462607454093,0.0,0.0,0.0,0.2492920608613754,2.4570351352126023,2.688840903744897,2.6732117145476715,0.015629189197226,0.3269708174283222,1.3803493012198629,0.0,0.0,0.0,0.0,memory_decay_or_suppression,0.0,0.0,0.1067863729907419,0.9276427816139436,False,False,False,0.3193581743950825,True,True,True,False,False,False,0.0,0.30331211858672136,1.4291220715547719
n10_ring10_two_edges_removed_cut_e0_e1_probe_e3_e7,stable_synchronization_island,B,base_stabilized_coupling,forward,0.05,5,0.3,0.0,0.0,0.0,0.0,0.0,0.0268776379952731,2.4570351352126023,2.5503680137046887,2.5664253415569296,-0.0160573278522409,0.0236586988416008,1.4872286328219704,0.0,0.0,0.0,0.0,memory_decay_or_suppression,backward,1,0.0617462607454093,0.0617462607454093,0.0,0.0,0.0,0.2492920608613754,2.4570351352126023,2.688840903744897,2.6732117145476715,0.015629189197226,0.3269708174283222,1.3803493012198629,0.0,0.0,0.0,0.0,memory_decay_or_suppression,0.0,0.0,0.1067863729907419,0.9276427816139436,False,False,False,0.3193581743950825,True,True,True,False,False,False,0.0,0.30331211858672136,1.4291220715547719
n10_ring10_two_edges_removed_cut_e0_e1_probe_e3_e7,self_reinforced_transport,C,base_stabilized_coupling,forward,0.05,5,0.3,0.0,0.0,0.0,0.0,0.0,0.0268776379952731,2.4570351352126023,2.5503680137046887,2.5664253415569296,-0.0160573278522409,0.0236586988416008,1.4872286328219704,0.0,0.0,0.0,0.0,memory_decay_or_suppression,backward,1,0.0617462607454093,0.0617462607454093,0.0,0.0,0.0,0.2492920608613754,2.4570351352126023,2.688840903744897,2.6732117145476715,0.015629189197226,0.3269708174283222,1.3803493012198629,0.0,0.0,0.0,0.0,memory_decay_or_suppression,0.0,0.0,0.1067863729907419,0.9276427816139436,False,False,False,0.3193581743950825,True,True,True,False,False,False,0.0,0.30331211858672136,1.4291220715547719
n10_ring10_two_edges_removed_cut_e0_e1_probe_e3_e7,mixed_adaptive_topology_response,B,gradient_driven_coupling,forward,0.2,2,0.05,0.0,0.0,0.0,0.0,0.0,0.0424264958473558,2.347284191955556,2.4575894028890106,2.5027489685176167,-0.0451595656286061,0.0035885301139079,2.1810440525178416,0.0,0.0,0.0,0.0,memory_decay_or_suppression,backward,4,0.0,0.0,0.0,0.0,0.0,0.0319733844222399,2.347284191955556,2.362082449002671,2.3254946903320777,0.0365877586705933,0.0015859060638131,3.4487782142968078,0.0,0.0,0.0,0.0,memory_decay_or_suppression,0.0,0.0,0.177254278185539,0.5580624896459067,False,False,False,0.2885877512630173,True,True,True,False,False,False,0.0,0.0020026240500948,1.4204885251488653
n10_ring10_two_edges_removed_cut_e0_e3_probe_e2_e6,mixed_adaptive_topology_response,B,gradient_driven_coupling,forward,0.2,2,0.05,0.0,0.0,0.0,0.0,0.0,0.0424264958473558,2.347284191955556,2.4575894028890106,2.5027489685176167,-0.0451595656286061,0.0035885301139079,2.1810440525178416,0.0,0.0,0.0,0.0,memory_decay_or_suppression,backward,4,0.0,0.0,0.0,0.0,0.0,0.0319733844222399,2.347284191955556,2.362082449002671,2.3254946903320777,0.0365877586705933,0.0015859060638131,3.4487782142968078,0.0,0.0,0.0,0.0,memory_decay_or_suppression,0.0,0.0,0.177254278185539,0.5580624896459067,False,False,False,0.2885877512630173,True,True,True,False,False,False,0.0,0.0020026240500948,1.4204885251488653
n10_ring10_two_edges_removed_cut_e0_e3_probe_e2_e6,self_reinforced_transport,C,base_stabilized_coupling,forward,0.2,2,0.05,0.0,0.0,0.0,0.0,0.0,0.0402962955451483,2.4570351352126023,2.5334817236782445,2.5864936959508102,-0.0530119722725657,0.0032409812201911,1.550280450731654,0.0,0.0,0.0,0.0,memory_decay_or_suppression,backward,4,0.0,0.0,0.0,0.0,0.0,0.031579847673041,2.4570351352126023,2.440849253681119,2.4007644506557755,0.0400848030253433,0.0014770573786181,3.401510903857336,0.0,0.0,0.0,0.0,memory_decay_or_suppression,0.0,0.0,0.1857292452950347,0.544256112944937,False,False,False,0.2891627677320326,True,True,True,False,False,False,0.0,0.0017639238415730002,1.4185164679745228
n10_ring10_two_edges_removed_cut_e0_e1_probe_e3_e7,self_reinforced_transport,C,base_stabilized_coupling,forward,0.2,2,0.05,0.0,0.0,0.0,0.0,0.0,0.0402962955451483,2.4570351352126023,2.5334817236782445,2.5864936959508102,-0.0530119722725657,0.0032409812201911,1.550280450731654,0.0,0.0,0.0,0.0,memory_decay_or_suppression,backward,4,0.0,0.0,0.0,0.0,0.0,0.031579847673041,2.4570351352126023,2.440849253681119,2.4007644506557755,0.0400848030253433,0.0014770573786181,3.401510903857336,0.0,0.0,0.0,0.0,memory_decay_or_suppression,0.0,0.0,0.1857292452950347,0.544256112944937,False,False,False,0.2891627677320326,True,True,True,False,False,False,0.0,0.0017639238415730002,1.4185164679745228
n10_ring10_two_edges_removed_cut_e0_e3_probe_e2_e6,mixed_adaptive_topology_response,B,base_stabilized_coupling,forward,0.2,2,0.05,0.0,0.0,0.0,0.0,0.0,0.0402962955451483,2.4570351352126023,2.5334817236782445,2.5864936959508102,-0.0530119722725657,0.0032409812201911,1.550280450731654,0.0,0.0,0.0,0.0,memory_decay_or_suppression,backward,4,0.0,0.0,0.0,0.0,0.0,0.031579847673041,2.4570351352126023,2.440849253681119,2.4007644506557755,0.0400848030253433,0.0014770573786181,3.401510903857336,0.0,0.0,0.0,0.0,memory_decay_or_suppression,0.0,0.0,0.1857292452950347,0.544256112944937,False,False,False,0.2891627677320326,True,True,True,False,False,False,0.0,0.0017639238415730002,1.4185164679745228
n10_ring10_two_edges_removed_cut_e0_e1_probe_e3_e7,mixed_adaptive_topology_response,B,base_stabilized_coupling,forward,0.2,2,0.05,0.0,0.0,0.0,0.0,0.0,0.0402962955451483,2.4570351352126023,2.5334817236782445,2.5864936959508102,-0.0530119722725657,0.0032409812201911,1.550280450731654,0.0,0.0,0.0,0.0,memory_decay_or_suppression,backward,4,0.0,0.0,0.0,0.0,0.0,0.031579847673041,2.4570351352126023,2.440849253681119,2.4007644506557755,0.0400848030253433,0.0014770573786181,3.401510903857336,0.0,0.0,0.0,0.0,memory_decay_or_suppression,0.0,0.0,0.1857292452950347,0.544256112944937,False,False,False,0.2891627677320326,True,True,True,False,False,False,0.0,0.0017639238415730002,1.4185164679745228
n10_ring10_two_edges_removed_cut_e0_e1_probe_e3_e7,stable_synchronization_island,B,base_stabilized_coupling,forward,0.2,2,0.05,0.0,0.0,0.0,0.0,0.0,0.0402962955451483,2.4570351352126023,2.5334817236782445,2.5864936959508102,-0.0530119722725657,0.0032409812201911,1.550280450731654,0.0,0.0,0.0,0.0,memory_decay_or_suppression,backward,4,0.0,0.0,0.0,0.0,0.0,0.031579847673041,2.4570351352126023,2.440849253681119,2.4007644506557755,0.0400848030253433,0.0014770573786181,3.401510903857336,0.0,0.0,0.0,0.0,memory_decay_or_suppression,0.0,0.0,0.1857292452950347,0.544256112944937,False,False,False,0.2891627677320326,True,True,True,False,False,False,0.0,0.0017639238415730002,1.4185164679745228
n10_ring10_two_edges_removed_cut_e0_e3_probe_e2_e6,stable_synchronization_island,B,base_stabilized_coupling,forward,0.2,2,0.05,0.0,0.0,0.0,0.0,0.0,0.0402962955451483,2.4570351352126023,2.5334817236782445,2.5864936959508102,-0.0530119722725657,0.0032409812201911,1.550280450731654,0.0,0.0,0.0,0.0,memory_decay_or_suppression,backward,4,0.0,0.0,0.0,0.0,0.0,0.031579847673041,2.4570351352126023,2.440849253681119,2.4007644506557755,0.0400848030253433,0.0014770573786181,3.401510903857336,0.0,0.0,0.0,0.0,memory_decay_or_suppression,0.0,0.0,0.1857292452950347,0.544256112944937,False,False,False,0.2891627677320326,True,True,True,False,False,False,0.0,0.0017639238415730002,1.4185164679745228
n10_ring10_two_edges_removed_cut_e0_e2_probe_e5_e6,self_reinforced_transport,C,gradient_driven_coupling,forward,0.2,2,0.05,0.0,0.0,0.0,0.0,0.0,0.0,2.347284191955556,2.395866692817206,2.395936889388452,-7.01965712455177e-05,0.0030190797637914,2.216456579734441,0.0,0.0,0.0,0.0,memory_decay_or_suppression,backward,4,0.0,0.0,0.0,0.0,0.0,0.0,2.347284191955556,2.499756451554413,2.499756936732956,-4.851785426751576e-07,0.000229443816697,2.278925085774024,0.0,0.0,0.0,0.0,memory_decay_or_suppression,0.0,0.0,0.1038200473445041,0.924002068321352,False,False,False,0.3165222257638114,True,True,True,False,False,False,0.0,0.0027896359470944,1.3958955594456124
n10_ring10_two_edges_removed_cut_e0_e2_probe_e5_e6,stable_synchronization_island,B,gradient_driven_coupling,forward,0.2,2,0.05,0.0,0.0,0.0,0.0,0.0,0.0,2.347284191955556,2.395866692817206,2.395936889388452,-7.01965712455177e-05,0.0030190797637914,2.216456579734441,0.0,0.0,0.0,0.0,memory_decay_or_suppression,backward,4,0.0,0.0,0.0,0.0,0.0,0.0,2.347284191955556,2.499756451554413,2.499756936732956,-4.851785426751576e-07,0.000229443816697,2.278925085774024,0.0,0.0,0.0,0.0,memory_decay_or_suppression,0.0,0.0,0.1038200473445041,0.924002068321352,False,False,False,0.3165222257638114,True,True,True,False,False,False,0.0,0.0027896359470944,1.3958955594456124
n10_ring10_two_edges_removed_cut_e0_e3_probe_e2_e6,stable_synchronization_island,B,base_stabilized_coupling,forward,0.05,4,0.2,0.0,0.0,0.0,0.0,0.0,0.0292964639282923,2.4570351352126023,2.535225037354785,2.5503680137046887,-0.0151429763499035,0.033957902722725,1.5120819999307489,0.0,0.0,0.0,0.0,memory_decay_or_suppression,backward,2,0.0,0.0,0.0,0.0,0.0,0.1751133447639343,2.4570351352126023,2.6732117145476715,2.662980964997473,0.0102307495501983,0.2259764514929444,1.4418550058226365,0.0,0.0,0.0,0.0,memory_decay_or_suppression,0.0,0.0,0.1126129512927844,0.8497281353909787,False,False,False,0.3086330142399015,True,True,True,False,False,False,0.0,0.1920185487702194,1.3926275436750024
n10_ring10_two_edges_removed_cut_e0_e1_probe_e3_e7,stable_synchronization_island,B,base_stabilized_coupling,forward,0.05,4,0.2,0.0,0.0,0.0,0.0,0.0,0.0292964639282923,2.4570351352126023,2.535225037354785,2.5503680137046887,-0.0151429763499035,0.033957902722725,1.5120819999307489,0.0,0.0,0.0,0.0,memory_decay_or_suppression,backward,2,0.0,0.0,0.0,0.0,0.0,0.1751133447639343,2.4570351352126023,2.6732117145476715,2.662980964997473,0.0102307495501983,0.2259764514929444,1.4418550058226365,0.0,0.0,0.0,0.0,memory_decay_or_suppression,0.0,0.0,0.1126129512927844,0.8497281353909787,False,False,False,0.3086330142399015,True,True,True,False,False,False,0.0,0.1920185487702194,1.3926275436750024
n10_ring10_two_edges_removed_cut_e0_e1_probe_e3_e7,self_reinforced_transport,C,base_stabilized_coupling,forward,0.05,4,0.2,0.0,0.0,0.0,0.0,0.0,0.0292964639282923,2.4570351352126023,2.535225037354785,2.5503680137046887,-0.0151429763499035,0.033957902722725,1.5120819999307489,0.0,0.0,0.0,0.0,memory_decay_or_suppression,backward,2,0.0,0.0,0.0,0.0,0.0,0.1751133447639343,2.4570351352126023,2.6732117145476715,2.662980964997473,0.0102307495501983,0.2259764514929444,1.4418550058226365,0.0,0.0,0.0,0.0,memory_decay_or_suppression,0.0,0.0,0.1126129512927844,0.8497281353909787,False,False,False,0.3086330142399015,True,True,True,False,False,False,0.0,0.1920185487702194,1.3926275436750024
n10_ring10_two_edges_removed_cut_e0_e3_probe_e2_e6,self_reinforced_transport,C,base_stabilized_coupling,forward,0.05,4,0.2,0.0,0.0,0.0,0.0,0.0,0.0292964639282923,2.4570351352126023,2.535225037354785,2.5503680137046887,-0.0151429763499035,0.033957902722725,1.5120819999307489,0.0,0.0,0.0,0.0,memory_decay_or_suppression,backward,2,0.0,0.0,0.0,0.0,0.0,0.1751133447639343,2.4570351352126023,2.6732117145476715,2.662980964997473,0.0102307495501983,0.2259764514929444,1.4418550058226365,0.0,0.0,0.0,0.0,memory_decay_or_suppression,0.0,0.0,0.1126129512927844,0.8497281353909787,False,False,False,0.3086330142399015,True,True,True,False,False,False,0.0,0.1920185487702194,1.3926275436750024
n10_ring10_two_edges_removed_cut_e0_e1_probe_e3_e7,mixed_adaptive_topology_response,B,base_stabilized_coupling,forward,0.05,4,0.2,0.0,0.0,0.0,0.0,0.0,0.0292964639282923,2.4570351352126023,2.535225037354785,2.5503680137046887,-0.0151429763499035,0.033957902722725,1.5120819999307489,0.0,0.0,0.0,0.0,memory_decay_or_suppression,backward,2,0.0,0.0,0.0,0.0,0.0,0.1751133447639343,2.4570351352126023,2.6732117145476715,2.662980964997473,0.0102307495501983,0.2259764514929444,1.4418550058226365,0.0,0.0,0.0,0.0,memory_decay_or_suppression,0.0,0.0,0.1126129512927844,0.8497281353909787,False,False,False,0.3086330142399015,True,True,True,False,False,False,0.0,0.1920185487702194,1.3926275436750024
n10_ring10_two_edges_removed_cut_e0_e3_probe_e2_e6,mixed_adaptive_topology_response,B,base_stabilized_coupling,forward,0.05,4,0.2,0.0,0.0,0.0,0.0,0.0,0.0292964639282923,2.4570351352126023,2.535225037354785,2.5503680137046887,-0.0151429763499035,0.033957902722725,1.5120819999307489,0.0,0.0,0.0,0.0,memory_decay_or_suppression,backward,2,0.0,0.0,0.0,0.0,0.0,0.1751133447639343,2.4570351352126023,2.6732117145476715,2.662980964997473,0.0102307495501983,0.2259764514929444,1.4418550058226365,0.0,0.0,0.0,0.0,memory_decay_or_suppression,0.0,0.0,0.1126129512927844,0.8497281353909787,False,False,False,0.3086330142399015,True,True,True,False,False,False,0.0,0.1920185487702194,1.3926275436750024
n10_ring10_two_edges_removed_cut_e0_e1_probe_e3_e7,stable_synchronization_island,B,base_stabilized_coupling,forward,0.05,3,0.1,0.0,0.0,0.0,0.0,0.0,0.0347700038576153,2.4570351352126023,2.523023189200782,2.535225037354785,-0.0122018481540031,0.0492776415824346,1.5293775766703277,0.0,0.0,0.0,0.0,memory_decay_or_suppression,backward,3,0.0,0.0,0.0,0.0,0.0,0.1115323174252377,2.4570351352126023,2.662980964997473,2.66372931632309,-0.0007483513256167,0.1505865666733017,1.4681388703461542,0.0,0.0,0.0,0.0,memory_decay_or_suppression,0.0,0.0,0.1285042789683048,0.6727620353413364,False,False,False,0.29187748362525,True,True,True,False,False,False,0.0,0.1013089250908671,1.3872590767614548
n10_ring10_two_edges_removed_cut_e0_e1_probe_e3_e7,mixed_adaptive_topology_response,B,base_stabilized_coupling,forward,0.05,3,0.1,0.0,0.0,0.0,0.0,0.0,0.0347700038576153,2.4570351352126023,2.523023189200782,2.535225037354785,-0.0122018481540031,0.0492776415824346,1.5293775766703277,0.0,0.0,0.0,0.0,memory_decay_or_suppression,backward,3,0.0,0.0,0.0,0.0,0.0,0.1115323174252377,2.4570351352126023,2.662980964997473,2.66372931632309,-0.0007483513256167,0.1505865666733017,1.4681388703461542,0.0,0.0,0.0,0.0,memory_decay_or_suppression,0.0,0.0,0.1285042789683048,0.6727620353413364,False,False,False,0.29187748362525,True,True,True,False,False,False,0.0,0.1013089250908671,1.3872590767614548
n10_ring10_two_edges_removed_cut_e0_e3_probe_e2_e6,mixed_adaptive_topology_response,B,base_stabilized_coupling,forward,0.05,3,0.1,0.0,0.0,0.0,0.0,0.0,0.0347700038576153,2.4570351352126023,2.523023189200782,2.535225037354785,-0.0122018481540031,0.0492776415824346,1.5293775766703277,0.0,0.0,0.0,0.0,memory_decay_or_suppression,backward,3,0.0,0.0,0.0,0.0,0.0,0.1115323174252377,2.4570351352126023,2.662980964997473,2.66372931632309,-0.0007483513256167,0.1505865666733017,1.4681388703461542,0.0,0.0,0.0,0.0,memory_decay_or_suppression,0.0,0.0,0.1285042789683048,0.6727620353413364,False,False,False,0.29187748362525,True,True,True,False,False,False,0.0,0.1013089250908671,1.3872590767614548
n10_ring10_two_edges_removed_cut_e0_e3_probe_e2_e6,stable_synchronization_island,B,base_stabilized_coupling,forward,0.05,3,0.1,0.0,0.0,0.0,0.0,0.0,0.0347700038576153,2.4570351352126023,2.523023189200782,2.535225037354785,-0.0122018481540031,0.0492776415824346,1.5293775766703277,0.0,0.0,0.0,0.0,memory_decay_or_suppression,backward,3,0.0,0.0,0.0,0.0,0.0,0.1115323174252377,2.4570351352126023,2.662980964997473,2.66372931632309,-0.0007483513256167,0.1505865666733017,1.4681388703461542,0.0,0.0,0.0,0.0,memory_decay_or_suppression,0.0,0.0,0.1285042789683048,0.6727620353413364,False,False,False,0.29187748362525,True,True,True,False,False,False,0.0,0.1013089250908671,1.3872590767614548
n10_ring10_two_edges_removed_cut_e0_e3_probe_e2_e6,self_reinforced_transport,C,base_stabilized_coupling,forward,0.05,3,0.1,0.0,0.0,0.0,0.0,0.0,0.0347700038576153,2.4570351352126023,2.523023189200782,2.535225037354785,-0.0122018481540031,0.0492776415824346,1.5293775766703277,0.0,0.0,0.0,0.0,memory_decay_or_suppression,backward,3,0.0,0.0,0.0,0.0,0.0,0.1115323174252377,2.4570351352126023,2.662980964997473,2.66372931632309,-0.0007483513256167,0.1505865666733017,1.4681388703461542,0.0,0.0,0.0,0.0,memory_decay_or_suppression,0.0,0.0,0.1285042789683048,0.6727620353413364,False,False,False,0.29187748362525,True,True,True,False,False,False,0.0,0.1013089250908671,1.3872590767614548
n10_ring10_two_edges_removed_cut_e0_e1_probe_e3_e7,self_reinforced_transport,C,base_stabilized_coupling,forward,0.05,3,0.1,0.0,0.0,0.0,0.0,0.0,0.0347700038576153,2.4570351352126023,2.523023189200782,2.535225037354785,-0.0122018481540031,0.0492776415824346,1.5293775766703277,0.0,0.0,0.0,0.0,memory_decay_or_suppression,backward,3,0.0,0.0,0.0,0.0,0.0,0.1115323174252377,2.4570351352126023,2.662980964997473,2.66372931632309,-0.0007483513256167,0.1505865666733017,1.4681388703461542,0.0,0.0,0.0,0.0,memory_decay_or_suppression,0.0,0.0,0.1285042789683048,0.6727620353413364,False,False,False,0.29187748362525,True,True,True,False,False,False,0.0,0.1013089250908671,1.3872590767614548
n10_ring10_two_edges_removed_cut_e0_e3_probe_e2_e6,mixed_adaptive_topology_response,B,gradient_driven_coupling,forward,0.1,0,0.0,0.0029838625790902,0.0500165439761999,0.0,0.0,0.0,0.2102808315167895,2.347284191955556,2.347284191955556,2.410481748987044,-0.0631975570314877,0.1211822442273848,2.0969159641982014,0.0,0.0,0.0,0.0,memory_decay_or_suppression,backward,6,0.0,0.0,0.0,0.0,0.0,0.0284540782555521,2.347284191955556,2.511823372413044,2.5118869467880014,-6.357437495729812e-05,0.0061872321404752,1.9812530899257708,0.0,0.0,0.0,0.0,memory_decay_or_suppression,0.0,0.0,0.1014051978009575,0.9489427499806444,False,False,False,0.3203064157864776,True,True,True,False,False,False,0.0,0.1149950120869096,1.385333282525023
n10_ring10_two_edges_removed_cut_e0_e1_probe_e3_e7,mixed_adaptive_topology_response,B,gradient_driven_coupling,forward,0.1,0,0.0,0.0029838625790902,0.0500165439761999,0.0,0.0,0.0,0.2102808315167895,2.347284191955556,2.347284191955556,2.410481748987044,-0.0631975570314877,0.1211822442273848,2.0969159641982014,0.0,0.0,0.0,0.0,memory_decay_or_suppression,backward,6,0.0,0.0,0.0,0.0,0.0,0.0284540782555521,2.347284191955556,2.511823372413044,2.5118869467880014,-6.357437495729812e-05,0.0061872321404752,1.9812530899257708,0.0,0.0,0.0,0.0,memory_decay_or_suppression,0.0,0.0,0.1014051978009575,0.9489427499806444,False,False,False,0.3203064157864776,True,True,True,False,False,False,0.0,0.1149950120869096,1.385333282525023
n10_ring10_two_edges_removed_cut_e2_e5_probe_e8_e9,mixed_adaptive_topology_response,B,base_stabilized_coupling,forward,0.2,0,0.0,0.0012438979875798,0.0063252536540779,0.0,0.0,0.0,0.0226421805800703,2.4570351352126023,2.4570351352126023,2.467252168755457,-0.0102170335428546,0.0592480222859038,1.7438813519399945,0.0,0.0,0.0,0.0,memory_decay_or_suppression,backward,6,0.0,0.0,0.0,0.0,0.0,0.0,2.4570351352126023,2.5452828807238204,2.545282882075945,-1.3521246344794235e-09,1.2934387060677934e-05,2.256959842843368,0.0,0.0,0.0,0.0,memory_decay_or_suppression,0.0,0.0,0.078030713320488,0.9997816908048331,False,False,False,0.316909708415494,True,True,True,False,False,False,0.0,0.05923508789884312,1.3533319866628213
n10_ring10_two_edges_removed_cut_e1_e4_probe_e7_e8,mixed_adaptive_topology_response,B,base_stabilized_coupling,forward,0.2,0,0.0,0.0012438979875798,0.0063252536540779,0.0,0.0,0.0,0.0226421805800703,2.4570351352126023,2.4570351352126023,2.467252168755457,-0.0102170335428546,0.0592480222859038,1.7438813519399945,0.0,0.0,0.0,0.0,memory_decay_or_suppression,backward,6,0.0,0.0,0.0,0.0,0.0,0.0,2.4570351352126023,2.5452828807238204,2.545282882075945,-1.3521246344794235e-09,1.2934387060677934e-05,2.256959842843368,0.0,0.0,0.0,0.0,memory_decay_or_suppression,0.0,0.0,0.078030713320488,0.9997816908048331,False,False,False,0.316909708415494,True,True,True,False,False,False,0.0,0.05923508789884312,1.3533319866628213
n10_ring10_two_edges_removed_cut_e1_e4_probe_e7_e8,mixed_adaptive_topology_response,B,base_stabilized_coupling,forward,0.2,1,0.02,0.0,0.0,0.0,0.0,0.0,0.0,2.4570351352126023,2.467252168755457,2.467746204588305,-0.000494035832848,0.0130597255445471,1.7395198212611989,0.0,0.0,0.0,0.0,memory_decay_or_suppression,backward,5,0.0,0.0,0.0,0.0,0.0,0.0,2.4570351352126023,2.545282853152429,2.5452828807238204,-2.7571391392200443e-08,5.8407237503693394e-05,2.2569604737998588,0.0,0.0,0.0,0.0,memory_decay_or_suppression,0.0,0.0,0.0775366761355154,0.995527682545855,False,False,False,0.315496066294727,True,True,True,False,False,False,0.0,0.013001318307043406,1.3431608186405295
n10_ring10_two_edges_removed_cut_e2_e5_probe_e8_e9,mixed_adaptive_topology_response,B,base_stabilized_coupling,forward,0.2,1,0.02,0.0,0.0,0.0,0.0,0.0,0.0,2.4570351352126023,2.467252168755457,2.467746204588305,-0.000494035832848,0.0130597255445471,1.7395198212611989,0.0,0.0,0.0,0.0,memory_decay_or_suppression,backward,5,0.0,0.0,0.0,0.0,0.0,0.0,2.4570351352126023,2.545282853152429,2.5452828807238204,-2.7571391392200443e-08,5.8407237503693394e-05,2.2569604737998588,0.0,0.0,0.0,0.0,memory_decay_or_suppression,0.0,0.0,0.0775366761355154,0.995527682545855,False,False,False,0.315496066294727,True,True,True,False,False,False,0.0,0.013001318307043406,1.3431608186405295
n10_ring10_two_edges_removed_cut_e0_e1_probe_e3_e7,mixed_adaptive_topology_response,B,gradient_driven_coupling,forward,0.05,5,0.3,0.0,0.0,0.0,0.0,0.0,0.0275688643551583,2.347284191955556,2.522870419142764,2.53811202526553,-0.0152416061227662,0.0238104921126263,1.779888925643112,0.0,0.0,0.0,0.0,memory_decay_or_suppression,backward,1,0.0398137393180718,0.0398137393180718,0.0,0.0,0.0,0.2532867679069074,2.347284191955556,2.632944455497986,2.620944787591012,0.011999667906974,0.321189688571281,1.484510568534812,0.0,0.0,0.0,0.0,memory_decay_or_suppression,0.0,0.0,0.082832762325482,0.925867819046538,False,False,False,0.3061343217084132,True,True,True,False,False,False,0.0,0.2973791964586547,1.3237968131293782
n10_ring10_two_edges_removed_cut_e0_e3_probe_e2_e6,mixed_adaptive_topology_response,B,gradient_driven_coupling,forward,0.05,5,0.3,0.0,0.0,0.0,0.0,0.0,0.0275688643551583,2.347284191955556,2.522870419142764,2.53811202526553,-0.0152416061227662,0.0238104921126263,1.779888925643112,0.0,0.0,0.0,0.0,memory_decay_or_suppression,backward,1,0.0398137393180718,0.0398137393180718,0.0,0.0,0.0,0.2532867679069074,2.347284191955556,2.632944455497986,2.620944787591012,0.011999667906974,0.321189688571281,1.484510568534812,0.0,0.0,0.0,0.0,memory_decay_or_suppression,0.0,0.0,0.082832762325482,0.925867819046538,False,False,False,0.3061343217084132,True,True,True,False,False,False,0.0,0.2973791964586547,1.3237968131293782
n10_ring10_two_edges_removed_cut_e1_e4_probe_e7_e8,mixed_adaptive_topology_response,B,base_stabilized_coupling,forward,0.2,5,0.3,0.0,0.0,0.0,0.0,0.0,0.0,2.4570351352126023,2.467763566316549,2.467763568262533,-1.945984262619049e-09,3.1401252792992885e-05,1.73929870354674,0.0,0.0,0.0,0.0,memory_decay_or_suppression,backward,1,0.0,0.0,0.0,0.0,0.0,0.0,2.4570351352126023,2.5427101303786523,2.5450364547479487,-0.0023263243692963,0.0243098056071636,2.259028083356864,0.0,0.0,0.0,0.0,memory_decay_or_suppression,0.0,0.0,0.0772728864854155,0.9987082885688544,False,False,False,0.3134900973522976,True,True,True,False,False,False,0.0,0.02427840435437061,1.3226727856102745
n10_ring10_two_edges_removed_cut_e2_e5_probe_e8_e9,mixed_adaptive_topology_response,B,base_stabilized_coupling,forward,0.2,5,0.3,0.0,0.0,0.0,0.0,0.0,0.0,2.4570351352126023,2.467763566316549,2.467763568262533,-1.945984262619049e-09,3.1401252792992885e-05,1.73929870354674,0.0,0.0,0.0,0.0,memory_decay_or_suppression,backward,1,0.0,0.0,0.0,0.0,0.0,0.0,2.4570351352126023,2.5427101303786523,2.5450364547479487,-0.0023263243692963,0.0243098056071636,2.259028083356864,0.0,0.0,0.0,0.0,memory_decay_or_suppression,0.0,0.0,0.0772728864854155,0.9987082885688544,False,False,False,0.3134900973522976,True,True,True,False,False,False,0.0,0.02427840435437061,1.3226727856102745
n10_ring10_two_edges_removed_cut_e2_e5_probe_e8_e9,mixed_adaptive_topology_response,B,base_stabilized_coupling,forward,0.2,4,0.2,0.0,0.0,0.0,0.0,0.0,0.0,2.4570351352126023,2.467763526635632,2.467763566316549,-3.968091677464258e-08,0.0001417972463905,1.7392989009718494,0.0,0.0,0.0,0.0,memory_decay_or_suppression,backward,2,0.0,0.0,0.0,0.0,0.0,0.0,2.4570351352126023,2.5450364547479487,2.5452708253409457,-0.000234370592997,0.0053783644335611,2.2570618032639933,0.0,0.0,0.0,0.0,memory_decay_or_suppression,0.0,0.0,0.0775072590243968,0.9736356193196336,False,False,False,0.3089726303201044,True,True,True,False,False,False,0.0,0.0052365671871706,1.3035172761243674
n10_ring10_two_edges_removed_cut_e1_e4_probe_e7_e8,mixed_adaptive_topology_response,B,base_stabilized_coupling,forward,0.2,4,0.2,0.0,0.0,0.0,0.0,0.0,0.0,2.4570351352126023,2.467763526635632,2.467763566316549,-3.968091677464258e-08,0.0001417972463905,1.7392989009718494,0.0,0.0,0.0,0.0,memory_decay_or_suppression,backward,2,0.0,0.0,0.0,0.0,0.0,0.0,2.4570351352126023,2.5450364547479487,2.5452708253409457,-0.000234370592997,0.0053783644335611,2.2570618032639933,0.0,0.0,0.0,0.0,memory_decay_or_suppression,0.0,0.0,0.0775072590243968,0.9736356193196336,False,False,False,0.3089726303201044,True,True,True,False,False,False,0.0,0.0052365671871706,1.3035172761243674
n10_ring10_two_edges_removed_cut_e0_e1_probe_e3_e7,self_reinforced_transport,C,base_stabilized_coupling,forward,0.2,3,0.1,0.0,0.0,0.0,0.0,0.0,0.0315798808743338,2.4570351352126023,2.5864936959508102,2.542286180775955,0.0442075151748553,0.0009148839533868,2.785244483309908,0.0,0.0,0.0,0.0,memory_decay_or_suppression,backward,3,0.0,0.0,0.0,0.0,0.0,0.0400933530373845,2.4570351352126023,2.4703507078870324,2.440849253681119,0.0295014542059135,0.0060926845531541,2.725998816025274,0.0,0.0,0.0,0.0,memory_decay_or_suppression,0.0,0.0,0.1014369270948361,0.8498389427098945,False,False,False,0.2962307440808349,True,True,True,False,False,False,0.0,0.0051778005997673,1.2980637947809004
n10_ring10_two_edges_removed_cut_e0_e3_probe_e2_e6,self_reinforced_transport,C,base_stabilized_coupling,forward,0.2,3,0.1,0.0,0.0,0.0,0.0,0.0,0.0315798808743338,2.4570351352126023,2.5864936959508102,2.542286180775955,0.0442075151748553,0.0009148839533868,2.785244483309908,0.0,0.0,0.0,0.0,memory_decay_or_suppression,backward,3,0.0,0.0,0.0,0.0,0.0,0.0400933530373845,2.4570351352126023,2.4703507078870324,2.440849253681119,0.0295014542059135,0.0060926845531541,2.725998816025274,0.0,0.0,0.0,0.0,memory_decay_or_suppression,0.0,0.0,0.1014369270948361,0.8498389427098945,False,False,False,0.2962307440808349,True,True,True,False,False,False,0.0,0.0051778005997673,1.2980637947809004
n10_ring10_two_edges_removed_cut_e0_e1_probe_e3_e7,mixed_adaptive_topology_response,B,base_stabilized_coupling,forward,0.2,3,0.1,0.0,0.0,0.0,0.0,0.0,0.0315798808743338,2.4570351352126023,2.5864936959508102,2.542286180775955,0.0442075151748553,0.0009148839533868,2.785244483309908,0.0,0.0,0.0,0.0,memory_decay_or_suppression,backward,3,0.0,0.0,0.0,0.0,0.0,0.0400933530373845,2.4570351352126023,2.4703507078870324,2.440849253681119,0.0295014542059135,0.0060926845531541,2.725998816025274,0.0,0.0,0.0,0.0,memory_decay_or_suppression,0.0,0.0,0.1014369270948361,0.8498389427098945,False,False,False,0.2962307440808349,True,True,True,False,False,False,0.0,0.0051778005997673,1.2980637947809004
n10_ring10_two_edges_removed_cut_e0_e1_probe_e3_e7,stable_synchronization_island,B,base_stabilized_coupling,forward,0.2,3,0.1,0.0,0.0,0.0,0.0,0.0,0.0315798808743338,2.4570351352126023,2.5864936959508102,2.542286180775955,0.0442075151748553,0.0009148839533868,2.785244483309908,0.0,0.0,0.0,0.0,memory_decay_or_suppression,backward,3,0.0,0.0,0.0,0.0,0.0,0.0400933530373845,2.4570351352126023,2.4703507078870324,2.440849253681119,0.0295014542059135,0.0060926845531541,2.725998816025274,0.0,0.0,0.0,0.0,memory_decay_or_suppression,0.0,0.0,0.1014369270948361,0.8498389427098945,False,False,False,0.2962307440808349,True,True,True,False,False,False,0.0,0.0051778005997673,1.2980637947809004
n10_ring10_two_edges_removed_cut_e0_e3_probe_e2_e6,stable_synchronization_island,B,base_stabilized_coupling,forward,0.2,3,0.1,0.0,0.0,0.0,0.0,0.0,0.0315798808743338,2.4570351352126023,2.5864936959508102,2.542286180775955,0.0442075151748553,0.0009148839533868,2.785244483309908,0.0,0.0,0.0,0.0,memory_decay_or_suppression,backward,3,0.0,0.0,0.0,0.0,0.0,0.0400933530373845,2.4570351352126023,2.4703507078870324,2.440849253681119,0.0295014542059135,0.0060926845531541,2.725998816025274,0.0,0.0,0.0,0.0,memory_decay_or_suppression,0.0,0.0,0.1014369270948361,0.8498389427098945,False,False,False,0.2962307440808349,True,True,True,False,False,False,0.0,0.0051778005997673,1.2980637947809004
n10_ring10_two_edges_removed_cut_e0_e3_probe_e2_e6,mixed_adaptive_topology_response,B,base_stabilized_coupling,forward,0.2,3,0.1,0.0,0.0,0.0,0.0,0.0,0.0315798808743338,2.4570351352126023,2.5864936959508102,2.542286180775955,0.0442075151748553,0.0009148839533868,2.785244483309908,0.0,0.0,0.0,0.0,memory_decay_or_suppression,backward,3,0.0,0.0,0.0,0.0,0.0,0.0400933530373845,2.4570351352126023,2.4703507078870324,2.440849253681119,0.0295014542059135,0.0060926845531541,2.725998816025274,0.0,0.0,0.0,0.0,memory_decay_or_suppression,0.0,0.0,0.1014369270948361,0.8498389427098945,False,False,False,0.2962307440808349,True,True,True,False,False,False,0.0,0.0051778005997673,1.2980637947809004
n10_ring10_two_edges_removed_cut_e1_e4_probe_e7_e8,mixed_adaptive_topology_response,B,base_stabilized_coupling,forward,0.2,6,0.4,0.0,0.0,0.0,0.0,0.0,0.0,2.4570351352126023,2.467763568262533,2.4677635683579657,-9.543255075072919e-11,6.953863542536023e-06,1.7392979226443417,0.0,0.0,0.0,0.0,memory_decay_or_suppression,backward,0,0.0012438979875798,0.0064250409622146,0.0,0.0,0.0,0.0717967008512931,2.4570351352126023,2.4570351352126023,2.5427101303786523,-0.08567499516605,0.1110801723976593,2.2402024108096645,0.0,0.0,0.0,0.0,memory_decay_or_suppression,0.0,0.0,0.0749465620206866,0.9999373977876306,False,False,False,0.3102959740967675,True,True,True,False,False,False,0.0,0.11107321853411677,1.2943160960124827
n10_ring10_two_edges_removed_cut_e2_e5_probe_e8_e9,mixed_adaptive_topology_response,B,base_stabilized_coupling,forward,0.2,6,0.4,0.0,0.0,0.0,0.0,0.0,0.0,2.4570351352126023,2.467763568262533,2.4677635683579657,-9.543255075072919e-11,6.953863542536023e-06,1.7392979226443417,0.0,0.0,0.0,0.0,memory_decay_or_suppression,backward,0,0.0012438979875798,0.0064250409622146,0.0,0.0,0.0,0.0717967008512931,2.4570351352126023,2.4570351352126023,2.5427101303786523,-0.08567499516605,0.1110801723976593,2.2402024108096645,0.0,0.0,0.0,0.0,memory_decay_or_suppression,0.0,0.0,0.0749465620206866,0.9999373977876306,False,False,False,0.3102959740967675,True,True,True,False,False,False,0.0,0.11107321853411677,1.2943160960124827
n10_ring10_two_edges_removed_cut_e2_e5_probe_e8_e9,self_reinforced_transport,C,neutral_coupling,forward,0.05,5,0.3,0.0,0.0,0.0,0.0,0.0,0.0,2.4288048348726483,2.457982770051009,2.458185517879858,-0.0002027478288488,0.0187541093003209,1.6411147065701992,0.0,0.0,0.0,0.0,memory_decay_or_suppression,backward,1,0.0,0.0,0.0,0.0,0.0,0.0,2.4288048348726483,2.521639226431524,2.5551040838800403,-0.0334648574485165,0.1441231701436829,1.9959371038532727,0.0,0.0,0.0,0.0,memory_decay_or_suppression,0.0,0.0,0.0969185660001823,0.8698744325253602,False,False,False,0.2980883560304997,True,True,True,False,False,False,0.0,0.125369060843362,1.2855549058981413
n10_ring10_two_edges_removed_cut_e1_e4_probe_e7_e8,stable_synchronization_island,B,neutral_coupling,forward,0.05,5,0.3,0.0,0.0,0.0,0.0,0.0,0.0,2.4288048348726483,2.457982770051009,2.458185517879858,-0.0002027478288488,0.0187541093003209,1.6411147065701992,0.0,0.0,0.0,0.0,memory_decay_or_suppression,backward,1,0.0,0.0,0.0,0.0,0.0,0.0,2.4288048348726483,2.521639226431524,2.5551040838800403,-0.0334648574485165,0.1441231701436829,1.9959371038532727,0.0,0.0,0.0,0.0,memory_decay_or_suppression,0.0,0.0,0.0969185660001823,0.8698744325253602,False,False,False,0.2980883560304997,True,True,True,False,False,False,0.0,0.125369060843362,1.2855549058981413
n10_ring10_two_edges_removed_cut_e1_e4_probe_e7_e8,self_reinforced_transport,C,neutral_coupling,forward,0.05,5,0.3,0.0,0.0,0.0,0.0,0.0,0.0,2.4288048348726483,2.457982770051009,2.458185517879858,-0.0002027478288488,0.0187541093003209,1.6411147065701992,0.0,0.0,0.0,0.0,memory_decay_or_suppression,backward,1,0.0,0.0,0.0,0.0,0.0,0.0,2.4288048348726483,2.521639226431524,2.5551040838800403,-0.0334648574485165,0.1441231701436829,1.9959371038532727,0.0,0.0,0.0,0.0,memory_decay_or_suppression,0.0,0.0,0.0969185660001823,0.8698744325253602,False,False,False,0.2980883560304997,True,True,True,False,False,False,0.0,0.125369060843362,1.2855549058981413
n10_ring10_two_edges_removed_cut_e2_e5_probe_e8_e9,stable_synchronization_island,B,neutral_coupling,forward,0.05,5,0.3,0.0,0.0,0.0,0.0,0.0,0.0,2.4288048348726483,2.457982770051009,2.458185517879858,-0.0002027478288488,0.0187541093003209,1.6411147065701992,0.0,0.0,0.0,0.0,memory_decay_or_suppression,backward,1,0.0,0.0,0.0,0.0,0.0,0.0,2.4288048348726483,2.521639226431524,2.5551040838800403,-0.0334648574485165,0.1441231701436829,1.9959371038532727,0.0,0.0,0.0,0.0,memory_decay_or_suppression,0.0,0.0,0.0969185660001823,0.8698744325253602,False,False,False,0.2980883560304997,True,True,True,False,False,False,0.0,0.125369060843362,1.2855549058981413
n10_ring10_two_edges_removed_cut_e1_e4_probe_e7_e8,stable_synchronization_island,B,neutral_coupling,forward,0.05,1,0.02,0.0,0.0,0.0,0.0,0.0,0.0,2.4288048348726483,2.4484714643219325,2.454354095785541,-0.0058826314636086,0.0879134525840981,1.6620695875002138,0.0,0.0,0.0,0.0,memory_decay_or_suppression,backward,5,0.0,0.0,0.0,0.0,0.0,0.0,2.4288048348726483,2.5727503757788166,2.573618415463714,-0.0008680396848972,0.029079311137529,1.8599369747849932,0.0,0.0,0.0,0.0,memory_decay_or_suppression,0.0,0.0,0.1192643196781726,0.6692279704248792,False,False,False,0.2776886452672842,True,True,True,False,False,False,0.0,0.05883414144656911,1.274257556223696
n10_ring10_two_edges_removed_cut_e2_e5_probe_e8_e9,self_reinforced_transport,C,neutral_coupling,forward,0.05,1,0.02,0.0,0.0,0.0,0.0,0.0,0.0,2.4288048348726483,2.4484714643219325,2.454354095785541,-0.0058826314636086,0.0879134525840981,1.6620695875002138,0.0,0.0,0.0,0.0,memory_decay_or_suppression,backward,5,0.0,0.0,0.0,0.0,0.0,0.0,2.4288048348726483,2.5727503757788166,2.573618415463714,-0.0008680396848972,0.029079311137529,1.8599369747849932,0.0,0.0,0.0,0.0,memory_decay_or_suppression,0.0,0.0,0.1192643196781726,0.6692279704248792,False,False,False,0.2776886452672842,True,True,True,False,False,False,0.0,0.05883414144656911,1.274257556223696
n10_ring10_two_edges_removed_cut_e2_e5_probe_e8_e9,stable_synchronization_island,B,neutral_coupling,forward,0.05,1,0.02,0.0,0.0,0.0,0.0,0.0,0.0,2.4288048348726483,2.4484714643219325,2.454354095785541,-0.0058826314636086,0.0879134525840981,1.6620695875002138,0.0,0.0,0.0,0.0,memory_decay_or_suppression,backward,5,0.0,0.0,0.0,0.0,0.0,0.0,2.4288048348726483,2.5727503757788166,2.573618415463714,-0.0008680396848972,0.029079311137529,1.8599369747849932,0.0,0.0,0.0,0.0,memory_decay_or_suppression,0.0,0.0,0.1192643196781726,0.6692279704248792,False,False,False,0.2776886452672842,True,True,True,False,False,False,0.0,0.05883414144656911,1.274257556223696
n10_ring10_two_edges_removed_cut_e1_e4_probe_e7_e8,self_reinforced_transport,C,neutral_coupling,forward,0.05,1,0.02,0.0,0.0,0.0,0.0,0.0,0.0,2.4288048348726483,2.4484714643219325,2.454354095785541,-0.0058826314636086,0.0879134525840981,1.6620695875002138,0.0,0.0,0.0,0.0,memory_decay_or_suppression,backward,5,0.0,0.0,0.0,0.0,0.0,0.0,2.4288048348726483,2.5727503757788166,2.573618415463714,-0.0008680396848972,0.029079311137529,1.8599369747849932,0.0,0.0,0.0,0.0,memory_decay_or_suppression,0.0,0.0,0.1192643196781726,0.6692279704248792,False,False,False,0.2776886452672842,True,True,True,False,False,False,0.0,0.05883414144656911,1.274257556223696
n10_ring10_two_edges_removed_cut_e0_e2_probe_e5_e6,self_reinforced_transport,C,suppression_sensitive_coupling,forward,0.05,2,0.05,0.0,0.0,0.0,0.0,0.0,0.0,2.4135607587745005,2.4693014921536878,2.4713941700002158,-0.002092677846528,0.081218836109673,1.5718439445132462,0.0,0.0,0.0,0.0,memory_decay_or_suppression,backward,4,0.0,0.0,0.0,0.0,0.0,0.0,2.4135607587745005,2.6183289761298907,2.61897812427982,-0.0006491481499288,0.0459940216158398,1.4718172535667842,0.0,0.0,0.0,0.0,memory_decay_or_suppression,0.0,0.0,0.1475839542796042,0.4337025274018214,False,False,False,0.2450677887132004,True,True,False,False,False,False,0.0,0.0352248144938332,1.2665427640882119
n10_ring10_two_edges_removed_cut_e0_e2_probe_e5_e6,stable_synchronization_island,B,suppression_sensitive_coupling,forward,0.05,2,0.05,0.0,0.0,0.0,0.0,0.0,0.0,2.4135607587745005,2.4693014921536878,2.4713941700002158,-0.002092677846528,0.081218836109673,1.5718439445132462,0.0,0.0,0.0,0.0,memory_decay_or_suppression,backward,4,0.0,0.0,0.0,0.0,0.0,0.0,2.4135607587745005,2.6183289761298907,2.61897812427982,-0.0006491481499288,0.0459940216158398,1.4718172535667842,0.0,0.0,0.0,0.0,memory_decay_or_suppression,0.0,0.0,0.1475839542796042,0.4337025274018214,False,False,False,0.2450677887132004,True,True,False,False,False,False,0.0,0.0352248144938332,1.2665427640882119
n10_ring10_two_edges_removed_cut_e2_e5_probe_e8_e9,stable_synchronization_island,B,neutral_coupling,forward,0.1,0,0.0,0.0012438979875798,0.0031993981677805,0.0,0.0,0.0,0.028230765464454,2.4288048348726483,2.4288048348726483,2.4444568541302125,-0.0156520192575642,0.0964862416994105,1.7099917910479894,0.0,0.0,0.0,0.0,memory_decay_or_suppression,backward,6,0.0,0.0,0.0,0.0,0.0,0.0,2.4288048348726483,2.5188809514451167,2.51889143696658,-1.0485521463543536e-05,0.0018670130262775,2.212065548325414,0.0,0.0,0.0,0.0,memory_decay_or_suppression,0.0,0.0,0.0744345828363677,0.9806499559483866,False,False,False,0.3017976430487213,True,True,True,False,False,False,0.0,0.09461922867313301,1.2661529145282682
n10_ring10_two_edges_removed_cut_e1_e4_probe_e7_e8,stable_synchronization_island,B,neutral_coupling,forward,0.1,0,0.0,0.0012438979875798,0.0031993981677805,0.0,0.0,0.0,0.028230765464454,2.4288048348726483,2.4288048348726483,2.4444568541302125,-0.0156520192575642,0.0964862416994105,1.7099917910479894,0.0,0.0,0.0,0.0,memory_decay_or_suppression,backward,6,0.0,0.0,0.0,0.0,0.0,0.0,2.4288048348726483,2.5188809514451167,2.51889143696658,-1.0485521463543536e-05,0.0018670130262775,2.212065548325414,0.0,0.0,0.0,0.0,memory_decay_or_suppression,0.0,0.0,0.0744345828363677,0.9806499559483866,False,False,False,0.3017976430487213,True,True,True,False,False,False,0.0,0.09461922867313301,1.2661529145282682
n10_ring10_two_edges_removed_cut_e1_e4_probe_e7_e8,self_reinforced_transport,C,neutral_coupling,forward,0.1,0,0.0,0.0012438979875798,0.0031993981677805,0.0,0.0,0.0,0.028230765464454,2.4288048348726483,2.4288048348726483,2.4444568541302125,-0.0156520192575642,0.0964862416994105,1.7099917910479894,0.0,0.0,0.0,0.0,memory_decay_or_suppression,backward,6,0.0,0.0,0.0,0.0,0.0,0.0,2.4288048348726483,2.5188809514451167,2.51889143696658,-1.0485521463543536e-05,0.0018670130262775,2.212065548325414,0.0,0.0,0.0,0.0,memory_decay_or_suppression,0.0,0.0,0.0744345828363677,0.9806499559483866,False,False,False,0.3017976430487213,True,True,True,False,False,False,0.0,0.09461922867313301,1.2661529145282682
n10_ring10_two_edges_removed_cut_e2_e5_probe_e8_e9,self_reinforced_transport,C,neutral_coupling,forward,0.1,0,0.0,0.0012438979875798,0.0031993981677805,0.0,0.0,0.0,0.028230765464454,2.4288048348726483,2.4288048348726483,2.4444568541302125,-0.0156520192575642,0.0964862416994105,1.7099917910479894,0.0,0.0,0.0,0.0,memory_decay_or_suppression,backward,6,0.0,0.0,0.0,0.0,0.0,0.0,2.4288048348726483,2.5188809514451167,2.51889143696658,-1.0485521463543536e-05,0.0018670130262775,2.212065548325414,0.0,0.0,0.0,0.0,memory_decay_or_suppression,0.0,0.0,0.0744345828363677,0.9806499559483866,False,False,False,0.3017976430487213,True,True,True,False,False,False,0.0,0.09461922867313301,1.2661529145282682
n10_ring10_two_edges_removed_cut_e0_e1_probe_e3_e7,mixed_adaptive_topology_response,B,gradient_driven_coupling,forward,0.2,3,0.1,0.0,0.0,0.0,0.0,0.0,0.0324990150649548,2.347284191955556,2.5027489685176167,2.461001180883508,0.041747787634109,0.0010562113240038,2.9045355828694936,0.0,0.0,0.0,0.0,memory_decay_or_suppression,backward,3,0.0,0.0,0.0,0.0,0.0,0.0409770413404278,2.347284191955556,2.389281304485633,2.362082449002671,0.027198855482962,0.0065691141298207,2.7824099967974774,0.0,0.0,0.0,0.0,memory_decay_or_suppression,0.0,0.0,0.0989187318808366,0.8392155617987628,False,False,False,0.2914740585169176,True,True,True,False,False,False,0.0,0.0055129028058169,1.2637717748165143
n10_ring10_two_edges_removed_cut_e0_e3_probe_e2_e6,mixed_adaptive_topology_response,B,gradient_driven_coupling,forward,0.2,3,0.1,0.0,0.0,0.0,0.0,0.0,0.0324990150649548,2.347284191955556,2.5027489685176167,2.461001180883508,0.041747787634109,0.0010562113240038,2.9045355828694936,0.0,0.0,0.0,0.0,memory_decay_or_suppression,backward,3,0.0,0.0,0.0,0.0,0.0,0.0409770413404278,2.347284191955556,2.389281304485633,2.362082449002671,0.027198855482962,0.0065691141298207,2.7824099967974774,0.0,0.0,0.0,0.0,memory_decay_or_suppression,0.0,0.0,0.0989187318808366,0.8392155617987628,False,False,False,0.2914740585169176,True,True,True,False,False,False,0.0,0.0055129028058169,1.2637717748165143
n10_ring10_two_edges_removed_cut_e1_e4_probe_e7_e8,mixed_adaptive_topology_response,B,base_stabilized_coupling,forward,0.1,2,0.05,0.0,0.0,0.0,0.0,0.0,0.0,2.4570351352126023,2.4727738702349624,2.4730930929330683,-0.0003192226981059,0.0255331696252938,1.665343414882814,0.0,0.0,0.0,0.0,memory_decay_or_suppression,backward,4,0.0,0.0,0.0,0.0,0.0,0.0,2.4570351352126023,2.592256870413624,2.5923702346341826,-0.0001133642205584,0.0089820422591556,1.8683189785929373,0.0,0.0,0.0,0.0,memory_decay_or_suppression,0.0,0.0,0.1192771417011142,0.6482206325490445,False,False,False,0.2729620208823591,True,True,True,False,False,False,0.0,0.016551127366138202,1.2621259579928314
n10_ring10_two_edges_removed_cut_e2_e5_probe_e8_e9,mixed_adaptive_topology_response,B,base_stabilized_coupling,forward,0.1,2,0.05,0.0,0.0,0.0,0.0,0.0,0.0,2.4570351352126023,2.4727738702349624,2.4730930929330683,-0.0003192226981059,0.0255331696252938,1.665343414882814,0.0,0.0,0.0,0.0,memory_decay_or_suppression,backward,4,0.0,0.0,0.0,0.0,0.0,0.0,2.4570351352126023,2.592256870413624,2.5923702346341826,-0.0001133642205584,0.0089820422591556,1.8683189785929373,0.0,0.0,0.0,0.0,memory_decay_or_suppression,0.0,0.0,0.1192771417011142,0.6482206325490445,False,False,False,0.2729620208823591,True,True,True,False,False,False,0.0,0.016551127366138202,1.2621259579928314
n10_ring10_two_edges_removed_cut_e0_e1_probe_e3_e7,self_reinforced_transport,C,base_stabilized_coupling,forward,0.1,5,0.3,0.0,0.0,0.0,0.0,0.0,0.0263824696739485,2.4570351352126023,2.5783000772636075,2.550762918100768,0.0275371591628399,0.0034278836750453,2.351761783366923,0.0,0.0,0.0,0.0,memory_decay_or_suppression,backward,1,0.0219610725382634,0.0219610725382634,0.0,0.0,0.0,0.2011396930466649,2.4570351352126023,2.667091311439533,2.622679639807789,0.0444116716317437,0.2175651330595858,1.517317070382007,0.0,0.0,0.0,0.0,memory_decay_or_suppression,0.0,0.0,0.0719167217070215,0.9842443335114232,False,False,False,0.3000701870193124,True,True,True,False,False,False,0.0,0.2141372493845405,1.254954392683021
n10_ring10_two_edges_removed_cut_e0_e3_probe_e2_e6,self_reinforced_transport,C,base_stabilized_coupling,forward,0.1,5,0.3,0.0,0.0,0.0,0.0,0.0,0.0263824696739485,2.4570351352126023,2.5783000772636075,2.550762918100768,0.0275371591628399,0.0034278836750453,2.351761783366923,0.0,0.0,0.0,0.0,memory_decay_or_suppression,backward,1,0.0219610725382634,0.0219610725382634,0.0,0.0,0.0,0.2011396930466649,2.4570351352126023,2.667091311439533,2.622679639807789,0.0444116716317437,0.2175651330595858,1.517317070382007,0.0,0.0,0.0,0.0,memory_decay_or_suppression,0.0,0.0,0.0719167217070215,0.9842443335114232,False,False,False,0.3000701870193124,True,True,True,False,False,False,0.0,0.2141372493845405,1.254954392683021
n10_ring10_two_edges_removed_cut_e0_e1_probe_e3_e7,mixed_adaptive_topology_response,B,base_stabilized_coupling,forward,0.1,5,0.3,0.0,0.0,0.0,0.0,0.0,0.0263824696739485,2.4570351352126023,2.5783000772636075,2.550762918100768,0.0275371591628399,0.0034278836750453,2.351761783366923,0.0,0.0,0.0,0.0,memory_decay_or_suppression,backward,1,0.0219610725382634,0.0219610725382634,0.0,0.0,0.0,0.2011396930466649,2.4570351352126023,2.667091311439533,2.622679639807789,0.0444116716317437,0.2175651330595858,1.517317070382007,0.0,0.0,0.0,0.0,memory_decay_or_suppression,0.0,0.0,0.0719167217070215,0.9842443335114232,False,False,False,0.3000701870193124,True,True,True,False,False,False,0.0,0.2141372493845405,1.254954392683021
n10_ring10_two_edges_removed_cut_e0_e3_probe_e2_e6,mixed_adaptive_topology_response,B,base_stabilized_coupling,forward,0.1,5,0.3,0.0,0.0,0.0,0.0,0.0,0.0263824696739485,2.4570351352126023,2.5783000772636075,2.550762918100768,0.0275371591628399,0.0034278836750453,2.351761783366923,0.0,0.0,0.0,0.0,memory_decay_or_suppression,backward,1,0.0219610725382634,0.0219610725382634,0.0,0.0,0.0,0.2011396930466649,2.4570351352126023,2.667091311439533,2.622679639807789,0.0444116716317437,0.2175651330595858,1.517317070382007,0.0,0.0,0.0,0.0,memory_decay_or_suppression,0.0,0.0,0.0719167217070215,0.9842443335114232,False,False,False,0.3000701870193124,True,True,True,False,False,False,0.0,0.2141372493845405,1.254954392683021
n10_ring10_two_edges_removed_cut_e0_e1_probe_e3_e7,stable_synchronization_island,B,base_stabilized_coupling,forward,0.1,5,0.3,0.0,0.0,0.0,0.0,0.0,0.0263824696739485,2.4570351352126023,2.5783000772636075,2.550762918100768,0.0275371591628399,0.0034278836750453,2.351761783366923,0.0,0.0,0.0,0.0,memory_decay_or_suppression,backward,1,0.0219610725382634,0.0219610725382634,0.0,0.0,0.0,0.2011396930466649,2.4570351352126023,2.667091311439533,2.622679639807789,0.0444116716317437,0.2175651330595858,1.517317070382007,0.0,0.0,0.0,0.0,memory_decay_or_suppression,0.0,0.0,0.0719167217070215,0.9842443335114232,False,False,False,0.3000701870193124,True,True,True,False,False,False,0.0,0.2141372493845405,1.254954392683021
n10_ring10_two_edges_removed_cut_e0_e3_probe_e2_e6,stable_synchronization_island,B,base_stabilized_coupling,forward,0.1,5,0.3,0.0,0.0,0.0,0.0,0.0,0.0263824696739485,2.4570351352126023,2.5783000772636075,2.550762918100768,0.0275371591628399,0.0034278836750453,2.351761783366923,0.0,0.0,0.0,0.0,memory_decay_or_suppression,backward,1,0.0219610725382634,0.0219610725382634,0.0,0.0,0.0,0.2011396930466649,2.4570351352126023,2.667091311439533,2.622679639807789,0.0444116716317437,0.2175651330595858,1.517317070382007,0.0,0.0,0.0,0.0,memory_decay_or_suppression,0.0,0.0,0.0719167217070215,0.9842443335114232,False,False,False,0.3000701870193124,True,True,True,False,False,False,0.0,0.2141372493845405,1.254954392683021
n10_ring10_two_edges_removed_cut_e0_e3_probe_e2_e6,mixed_adaptive_topology_response,B,gradient_driven_coupling,forward,0.05,4,0.2,0.0,0.0,0.0,0.0,0.0,0.0307465484322687,2.347284191955556,2.506650585651512,2.522870419142764,-0.0162198334912515,0.0339471528971394,1.8142475530502105,0.0,0.0,0.0,0.0,memory_decay_or_suppression,backward,2,0.0,0.0,0.0,0.0,0.0,0.178278549463258,2.347284191955556,2.620944787591012,2.61326125660306,0.0076835309879519,0.2227687858659609,1.5349707784711673,0.0,0.0,0.0,0.0,memory_decay_or_suppression,0.0,0.0,0.0903908374602964,0.8476126142806519,False,False,False,0.2890215009090985,True,True,True,False,False,False,0.0,0.1888216329688215,1.2544173480084626
n10_ring10_two_edges_removed_cut_e0_e1_probe_e3_e7,mixed_adaptive_topology_response,B,gradient_driven_coupling,forward,0.05,4,0.2,0.0,0.0,0.0,0.0,0.0,0.0307465484322687,2.347284191955556,2.506650585651512,2.522870419142764,-0.0162198334912515,0.0339471528971394,1.8142475530502105,0.0,0.0,0.0,0.0,memory_decay_or_suppression,backward,2,0.0,0.0,0.0,0.0,0.0,0.178278549463258,2.347284191955556,2.620944787591012,2.61326125660306,0.0076835309879519,0.2227687858659609,1.5349707784711673,0.0,0.0,0.0,0.0,memory_decay_or_suppression,0.0,0.0,0.0903908374602964,0.8476126142806519,False,False,False,0.2890215009090985,True,True,True,False,False,False,0.0,0.1888216329688215,1.2544173480084626
n10_ring10_two_edges_removed_cut_e2_e5_probe_e8_e9,mixed_adaptive_topology_response,B,base_stabilized_coupling,forward,0.2,2,0.05,0.0,0.0,0.0,0.0,0.0,0.0,2.4570351352126023,2.467746204588305,2.467762717465144,-1.6512876838792323e-05,0.0028914420759247,1.7393097487825582,0.0,0.0,0.0,0.0,memory_decay_or_suppression,backward,4,0.0,0.0,0.0,0.0,0.0,0.0,2.4570351352126023,2.5452822909368766,2.545282853152429,-5.622155523354877e-07,0.0002637469976578,2.2569608423634606,0.0,0.0,0.0,0.0,memory_decay_or_suppression,0.0,0.0,0.0775201356872852,0.9087835786984472,False,False,False,0.2934599002768527,True,True,True,False,False,False,0.0,0.0026276950782668997,1.2504995550298081
n10_ring10_two_edges_removed_cut_e1_e4_probe_e7_e8,mixed_adaptive_topology_response,B,base_stabilized_coupling,forward,0.2,2,0.05,0.0,0.0,0.0,0.0,0.0,0.0,2.4570351352126023,2.467746204588305,2.467762717465144,-1.6512876838792323e-05,0.0028914420759247,1.7393097487825582,0.0,0.0,0.0,0.0,memory_decay_or_suppression,backward,4,0.0,0.0,0.0,0.0,0.0,0.0,2.4570351352126023,2.5452822909368766,2.545282853152429,-5.622155523354877e-07,0.0002637469976578,2.2569608423634606,0.0,0.0,0.0,0.0,memory_decay_or_suppression,0.0,0.0,0.0775201356872852,0.9087835786984472,False,False,False,0.2934599002768527,True,True,True,False,False,False,0.0,0.0026276950782668997,1.2504995550298081
n10_ring10_two_edges_removed_cut_e2_e5_probe_e8_e9,self_reinforced_transport,C,neutral_coupling,forward,0.05,4,0.2,0.0,0.0,0.0,0.0,0.0,0.0,2.4288048348726483,2.4575451999393483,2.457982770051009,-0.0004375701116607,0.0273652768780447,1.6422604917024777,0.0,0.0,0.0,0.0,memory_decay_or_suppression,backward,2,0.0,0.0,0.0,0.0,0.0,0.0,2.4288048348726483,2.5551040838800403,2.566436412291232,-0.0113323284111919,0.0933984536681665,1.91340799736946,0.0,0.0,0.0,0.0,memory_decay_or_suppression,0.0,0.0,0.1084536422402231,0.7070050326959663,False,False,False,0.2685754878658683,True,True,True,False,False,False,0.0,0.0660331767901218,1.2232772220450787
n10_ring10_two_edges_removed_cut_e1_e4_probe_e7_e8,self_reinforced_transport,C,neutral_coupling,forward,0.05,4,0.2,0.0,0.0,0.0,0.0,0.0,0.0,2.4288048348726483,2.4575451999393483,2.457982770051009,-0.0004375701116607,0.0273652768780447,1.6422604917024777,0.0,0.0,0.0,0.0,memory_decay_or_suppression,backward,2,0.0,0.0,0.0,0.0,0.0,0.0,2.4288048348726483,2.5551040838800403,2.566436412291232,-0.0113323284111919,0.0933984536681665,1.91340799736946,0.0,0.0,0.0,0.0,memory_decay_or_suppression,0.0,0.0,0.1084536422402231,0.7070050326959663,False,False,False,0.2685754878658683,True,True,True,False,False,False,0.0,0.0660331767901218,1.2232772220450787
n10_ring10_two_edges_removed_cut_e1_e4_probe_e7_e8,stable_synchronization_island,B,neutral_coupling,forward,0.05,4,0.2,0.0,0.0,0.0,0.0,0.0,0.0,2.4288048348726483,2.4575451999393483,2.457982770051009,-0.0004375701116607,0.0273652768780447,1.6422604917024777,0.0,0.0,0.0,0.0,memory_decay_or_suppression,backward,2,0.0,0.0,0.0,0.0,0.0,0.0,2.4288048348726483,2.5551040838800403,2.566436412291232,-0.0113323284111919,0.0933984536681665,1.91340799736946,0.0,0.0,0.0,0.0,memory_decay_or_suppression,0.0,0.0,0.1084536422402231,0.7070050326959663,False,False,False,0.2685754878658683,True,True,True,False,False,False,0.0,0.0660331767901218,1.2232772220450787
n10_ring10_two_edges_removed_cut_e2_e5_probe_e8_e9,stable_synchronization_island,B,neutral_coupling,forward,0.05,4,0.2,0.0,0.0,0.0,0.0,0.0,0.0,2.4288048348726483,2.4575451999393483,2.457982770051009,-0.0004375701116607,0.0273652768780447,1.6422604917024777,0.0,0.0,0.0,0.0,memory_decay_or_suppression,backward,2,0.0,0.0,0.0,0.0,0.0,0.0,2.4288048348726483,2.5551040838800403,2.566436412291232,-0.0113323284111919,0.0933984536681665,1.91340799736946,0.0,0.0,0.0,0.0,memory_decay_or_suppression,0.0,0.0,0.1084536422402231,0.7070050326959663,False,False,False,0.2685754878658683,True,True,True,False,False,False,0.0,0.0660331767901218,1.2232772220450787
n10_ring10_two_edges_removed_cut_e0_e3_probe_e2_e6,mixed_adaptive_topology_response,B,gradient_driven_coupling,forward,0.05,3,0.1,0.0,0.0,0.0,0.0,0.0,0.0379390679220384,2.347284191955556,2.491078906406934,2.506650585651512,-0.0155716792445783,0.0490753768706311,1.8420215296405325,0.0,0.0,0.0,0.0,memory_decay_or_suppression,backward,3,0.0,0.0,0.0,0.0,0.0,0.1138601240122634,2.347284191955556,2.61326125660306,2.615880729622824,-0.0026194730197635,0.1484000706068703,1.559321137366234,0.0,0.0,0.0,0.0,memory_decay_or_suppression,0.0,0.0,0.1092301439713114,0.6693035476963684,False,False,False,0.2596753267000025,True,True,True,False,False,False,0.0,0.0993246937362392,1.194451476690451
n10_ring10_two_edges_removed_cut_e0_e1_probe_e3_e7,mixed_adaptive_topology_response,B,gradient_driven_coupling,forward,0.05,3,0.1,0.0,0.0,0.0,0.0,0.0,0.0379390679220384,2.347284191955556,2.491078906406934,2.506650585651512,-0.0155716792445783,0.0490753768706311,1.8420215296405325,0.0,0.0,0.0,0.0,memory_decay_or_suppression,backward,3,0.0,0.0,0.0,0.0,0.0,0.1138601240122634,2.347284191955556,2.61326125660306,2.615880729622824,-0.0026194730197635,0.1484000706068703,1.559321137366234,0.0,0.0,0.0,0.0,memory_decay_or_suppression,0.0,0.0,0.1092301439713114,0.6693035476963684,False,False,False,0.2596753267000025,True,True,True,False,False,False,0.0,0.0993246937362392,1.194451476690451
n10_ring10_two_edges_removed_cut_e1_e4_probe_e7_e8,self_reinforced_transport,C,neutral_coupling,forward,0.1,5,0.3,0.0,0.0,0.0,0.0,0.0,0.0,2.4288048348726483,2.447838688829185,2.4478444083731667,-5.719543981541619e-06,0.0021836451677324,1.6949006986241426,0.0,0.0,0.0,0.0,memory_decay_or_suppression,backward,1,0.0,0.0,0.0,0.0,0.0,0.0,2.4288048348726483,2.4926276989026293,2.513099700201952,-0.0204720012993226,0.0819415511465272,2.249357345198417,0.0,0.0,0.0,0.0,memory_decay_or_suppression,0.0,0.0,0.0652552918287852,0.9733511858373168,False,False,False,0.2887684687282367,True,True,True,False,False,False,0.0,0.0797579059787948,1.1789724876124648
n10_ring10_two_edges_removed_cut_e2_e5_probe_e8_e9,stable_synchronization_island,B,neutral_coupling,forward,0.1,5,0.3,0.0,0.0,0.0,0.0,0.0,0.0,2.4288048348726483,2.447838688829185,2.4478444083731667,-5.719543981541619e-06,0.0021836451677324,1.6949006986241426,0.0,0.0,0.0,0.0,memory_decay_or_suppression,backward,1,0.0,0.0,0.0,0.0,0.0,0.0,2.4288048348726483,2.4926276989026293,2.513099700201952,-0.0204720012993226,0.0819415511465272,2.249357345198417,0.0,0.0,0.0,0.0,memory_decay_or_suppression,0.0,0.0,0.0652552918287852,0.9733511858373168,False,False,False,0.2887684687282367,True,True,True,False,False,False,0.0,0.0797579059787948,1.1789724876124648
n10_ring10_two_edges_removed_cut_e1_e4_probe_e7_e8,stable_synchronization_island,B,neutral_coupling,forward,0.1,5,0.3,0.0,0.0,0.0,0.0,0.0,0.0,2.4288048348726483,2.447838688829185,2.4478444083731667,-5.719543981541619e-06,0.0021836451677324,1.6949006986241426,0.0,0.0,0.0,0.0,memory_decay_or_suppression,backward,1,0.0,0.0,0.0,0.0,0.0,0.0,2.4288048348726483,2.4926276989026293,2.513099700201952,-0.0204720012993226,0.0819415511465272,2.249357345198417,0.0,0.0,0.0,0.0,memory_decay_or_suppression,0.0,0.0,0.0652552918287852,0.9733511858373168,False,False,False,0.2887684687282367,True,True,True,False,False,False,0.0,0.0797579059787948,1.1789724876124648
n10_ring10_two_edges_removed_cut_e2_e5_probe_e8_e9,self_reinforced_transport,C,neutral_coupling,forward,0.1,5,0.3,0.0,0.0,0.0,0.0,0.0,0.0,2.4288048348726483,2.447838688829185,2.4478444083731667,-5.719543981541619e-06,0.0021836451677324,1.6949006986241426,0.0,0.0,0.0,0.0,memory_decay_or_suppression,backward,1,0.0,0.0,0.0,0.0,0.0,0.0,2.4288048348726483,2.4926276989026293,2.513099700201952,-0.0204720012993226,0.0819415511465272,2.249357345198417,0.0,0.0,0.0,0.0,memory_decay_or_suppression,0.0,0.0,0.0652552918287852,0.9733511858373168,False,False,False,0.2887684687282367,True,True,True,False,False,False,0.0,0.0797579059787948,1.1789724876124648
n10_ring10_two_edges_removed_cut_e1_e4_probe_e7_e8,self_reinforced_transport,C,neutral_coupling,forward,0.1,1,0.02,0.0,0.0,0.0,0.0,0.0,0.0,2.4288048348726483,2.4444568541302125,2.447166981948146,-0.0027101278179335,0.0444683138781163,1.6981284867348354,0.0,0.0,0.0,0.0,memory_decay_or_suppression,backward,5,0.0,0.0,0.0,0.0,0.0,0.0,2.4288048348726483,2.518833758246555,2.5188809514451167,-4.7193198561501504e-05,0.0039600712290513,2.2121333200855675,0.0,0.0,0.0,0.0,memory_decay_or_suppression,0.0,0.0,0.0717139694969706,0.9109462247474358,False,False,False,0.2808703096882595,True,True,True,False,False,False,0.0,0.040508242649064996,1.1668633845107494
n10_ring10_two_edges_removed_cut_e1_e4_probe_e7_e8,stable_synchronization_island,B,neutral_coupling,forward,0.1,1,0.02,0.0,0.0,0.0,0.0,0.0,0.0,2.4288048348726483,2.4444568541302125,2.447166981948146,-0.0027101278179335,0.0444683138781163,1.6981284867348354,0.0,0.0,0.0,0.0,memory_decay_or_suppression,backward,5,0.0,0.0,0.0,0.0,0.0,0.0,2.4288048348726483,2.518833758246555,2.5188809514451167,-4.7193198561501504e-05,0.0039600712290513,2.2121333200855675,0.0,0.0,0.0,0.0,memory_decay_or_suppression,0.0,0.0,0.0717139694969706,0.9109462247474358,False,False,False,0.2808703096882595,True,True,True,False,False,False,0.0,0.040508242649064996,1.1668633845107494
n10_ring10_two_edges_removed_cut_e2_e5_probe_e8_e9,stable_synchronization_island,B,neutral_coupling,forward,0.1,1,0.02,0.0,0.0,0.0,0.0,0.0,0.0,2.4288048348726483,2.4444568541302125,2.447166981948146,-0.0027101278179335,0.0444683138781163,1.6981284867348354,0.0,0.0,0.0,0.0,memory_decay_or_suppression,backward,5,0.0,0.0,0.0,0.0,0.0,0.0,2.4288048348726483,2.518833758246555,2.5188809514451167,-4.7193198561501504e-05,0.0039600712290513,2.2121333200855675,0.0,0.0,0.0,0.0,memory_decay_or_suppression,0.0,0.0,0.0717139694969706,0.9109462247474358,False,False,False,0.2808703096882595,True,True,True,False,False,False,0.0,0.040508242649064996,1.1668633845107494
n10_ring10_two_edges_removed_cut_e2_e5_probe_e8_e9,self_reinforced_transport,C,neutral_coupling,forward,0.1,1,0.02,0.0,0.0,0.0,0.0,0.0,0.0,2.4288048348726483,2.4444568541302125,2.447166981948146,-0.0027101278179335,0.0444683138781163,1.6981284867348354,0.0,0.0,0.0,0.0,memory_decay_or_suppression,backward,5,0.0,0.0,0.0,0.0,0.0,0.0,2.4288048348726483,2.518833758246555,2.5188809514451167,-4.7193198561501504e-05,0.0039600712290513,2.2121333200855675,0.0,0.0,0.0,0.0,memory_decay_or_suppression,0.0,0.0,0.0717139694969706,0.9109462247474358,False,False,False,0.2808703096882595,True,True,True,False,False,False,0.0,0.040508242649064996,1.1668633845107494
n10_ring10_two_edges_removed_cut_e0_e1_probe_e3_e7,mixed_adaptive_topology_response,B,gradient_driven_coupling,forward,0.1,5,0.3,0.0,0.0,0.0,0.0,0.0,0.0267714607438429,2.347284191955556,2.5264988636930896,2.495545071612053,0.0309537920810361,0.0037485115616159,2.500480385471786,0.0,0.0,0.0,0.0,memory_decay_or_suppression,backward,1,0.0030789487239443,0.0030789487239443,0.0,0.0,0.0,0.2082847397794097,2.347284191955556,2.594432892278328,2.5494279592299254,0.0450049330484025,0.2204645220970947,1.625590396853248,0.0,0.0,0.0,0.0,memory_decay_or_suppression,0.0,0.0,0.0538828876178718,0.9829972118554836,False,False,False,0.283126753944263,True,True,True,False,False,False,0.0,0.2167160105354788,1.15311555505075
n10_ring10_two_edges_removed_cut_e0_e3_probe_e2_e6,mixed_adaptive_topology_response,B,gradient_driven_coupling,forward,0.1,5,0.3,0.0,0.0,0.0,0.0,0.0,0.0267714607438429,2.347284191955556,2.5264988636930896,2.495545071612053,0.0309537920810361,0.0037485115616159,2.500480385471786,0.0,0.0,0.0,0.0,memory_decay_or_suppression,backward,1,0.0030789487239443,0.0030789487239443,0.0,0.0,0.0,0.2082847397794097,2.347284191955556,2.594432892278328,2.5494279592299254,0.0450049330484025,0.2204645220970947,1.625590396853248,0.0,0.0,0.0,0.0,memory_decay_or_suppression,0.0,0.0,0.0538828876178718,0.9829972118554836,False,False,False,0.283126753944263,True,True,True,False,False,False,0.0,0.2167160105354788,1.15311555505075
n10_ring10_two_edges_removed_cut_e2_e5_probe_e8_e9,stable_synchronization_island,B,neutral_coupling,forward,0.1,6,0.4,0.0,0.0,0.0,0.0,0.0,0.0,2.4288048348726483,2.4478444083731667,2.447845679594253,-1.271221086174279e-06,0.0010295301023997,1.6948946095478628,0.0,0.0,0.0,0.0,memory_decay_or_suppression,backward,0,0.0012438979875798,0.0031993981677805,0.0,0.0,0.0,0.1035055060414471,2.4288048348726483,2.4288048348726483,2.4926276989026293,-0.0638228640299809,0.1876750584297127,2.3200158568651608,0.0,0.0,0.0,0.0,memory_decay_or_suppression,0.0,0.0,0.0447820193083763,0.9945142944831966,False,False,False,0.2804037837048327,True,True,True,False,False,False,0.0,0.186645528327313,1.1527983181518358
n10_ring10_two_edges_removed_cut_e1_e4_probe_e7_e8,self_reinforced_transport,C,neutral_coupling,forward,0.1,6,0.4,0.0,0.0,0.0,0.0,0.0,0.0,2.4288048348726483,2.4478444083731667,2.447845679594253,-1.271221086174279e-06,0.0010295301023997,1.6948946095478628,0.0,0.0,0.0,0.0,memory_decay_or_suppression,backward,0,0.0012438979875798,0.0031993981677805,0.0,0.0,0.0,0.1035055060414471,2.4288048348726483,2.4288048348726483,2.4926276989026293,-0.0638228640299809,0.1876750584297127,2.3200158568651608,0.0,0.0,0.0,0.0,memory_decay_or_suppression,0.0,0.0,0.0447820193083763,0.9945142944831966,False,False,False,0.2804037837048327,True,True,True,False,False,False,0.0,0.186645528327313,1.1527983181518358
n10_ring10_two_edges_removed_cut_e1_e4_probe_e7_e8,stable_synchronization_island,B,neutral_coupling,forward,0.1,6,0.4,0.0,0.0,0.0,0.0,0.0,0.0,2.4288048348726483,2.4478444083731667,2.447845679594253,-1.271221086174279e-06,0.0010295301023997,1.6948946095478628,0.0,0.0,0.0,0.0,memory_decay_or_suppression,backward,0,0.0012438979875798,0.0031993981677805,0.0,0.0,0.0,0.1035055060414471,2.4288048348726483,2.4288048348726483,2.4926276989026293,-0.0638228640299809,0.1876750584297127,2.3200158568651608,0.0,0.0,0.0,0.0,memory_decay_or_suppression,0.0,0.0,0.0447820193083763,0.9945142944831966,False,False,False,0.2804037837048327,True,True,True,False,False,False,0.0,0.186645528327313,1.1527983181518358
n10_ring10_two_edges_removed_cut_e2_e5_probe_e8_e9,self_reinforced_transport,C,neutral_coupling,forward,0.1,6,0.4,0.0,0.0,0.0,0.0,0.0,0.0,2.4288048348726483,2.4478444083731667,2.447845679594253,-1.271221086174279e-06,0.0010295301023997,1.6948946095478628,0.0,0.0,0.0,0.0,memory_decay_or_suppression,backward,0,0.0012438979875798,0.0031993981677805,0.0,0.0,0.0,0.1035055060414471,2.4288048348726483,2.4288048348726483,2.4926276989026293,-0.0638228640299809,0.1876750584297127,2.3200158568651608,0.0,0.0,0.0,0.0,memory_decay_or_suppression,0.0,0.0,0.0447820193083763,0.9945142944831966,False,False,False,0.2804037837048327,True,True,True,False,False,False,0.0,0.186645528327313,1.1527983181518358
n10_ring10_two_edges_removed_cut_e2_e5_probe_e8_e9,stable_synchronization_island,B,neutral_coupling,forward,0.05,6,0.4,0.0,0.0,0.0,0.0,0.0,0.0,2.4288048348726483,2.458185517879858,2.458280379883004,-9.486200314601234e-05,0.0128689721117075,1.6405770979229,0.0,0.0,0.0,0.0,memory_decay_or_suppression,backward,0,0.0012438979875798,0.0031993981677805,0.0,0.0,0.0,0.1234242831554913,2.4288048348726483,2.4288048348726483,2.521639226431524,-0.0928343915588754,0.2439705202886705,2.16274399577548,0.0,0.0,0.0,0.0,memory_decay_or_suppression,0.0,0.0,0.0633588465485197,0.9472519380725672,False,False,False,0.2775167660307468,True,True,True,False,False,False,0.0,0.231101548176963,1.1351217605577744
n10_ring10_two_edges_removed_cut_e1_e4_probe_e7_e8,self_reinforced_transport,C,neutral_coupling,forward,0.05,6,0.4,0.0,0.0,0.0,0.0,0.0,0.0,2.4288048348726483,2.458185517879858,2.458280379883004,-9.486200314601234e-05,0.0128689721117075,1.6405770979229,0.0,0.0,0.0,0.0,memory_decay_or_suppression,backward,0,0.0012438979875798,0.0031993981677805,0.0,0.0,0.0,0.1234242831554913,2.4288048348726483,2.4288048348726483,2.521639226431524,-0.0928343915588754,0.2439705202886705,2.16274399577548,0.0,0.0,0.0,0.0,memory_decay_or_suppression,0.0,0.0,0.0633588465485197,0.9472519380725672,False,False,False,0.2775167660307468,True,True,True,False,False,False,0.0,0.231101548176963,1.1351217605577744
n10_ring10_two_edges_removed_cut_e1_e4_probe_e7_e8,stable_synchronization_island,B,neutral_coupling,forward,0.05,6,0.4,0.0,0.0,0.0,0.0,0.0,0.0,2.4288048348726483,2.458185517879858,2.458280379883004,-9.486200314601234e-05,0.0128689721117075,1.6405770979229,0.0,0.0,0.0,0.0,memory_decay_or_suppression,backward,0,0.0012438979875798,0.0031993981677805,0.0,0.0,0.0,0.1234242831554913,2.4288048348726483,2.4288048348726483,2.521639226431524,-0.0928343915588754,0.2439705202886705,2.16274399577548,0.0,0.0,0.0,0.0,memory_decay_or_suppression,0.0,0.0,0.0633588465485197,0.9472519380725672,False,False,False,0.2775167660307468,True,True,True,False,False,False,0.0,0.231101548176963,1.1351217605577744
n10_ring10_two_edges_removed_cut_e2_e5_probe_e8_e9,self_reinforced_transport,C,neutral_coupling,forward,0.05,6,0.4,0.0,0.0,0.0,0.0,0.0,0.0,2.4288048348726483,2.458185517879858,2.458280379883004,-9.486200314601234e-05,0.0128689721117075,1.6405770979229,0.0,0.0,0.0,0.0,memory_decay_or_suppression,backward,0,0.0012438979875798,0.0031993981677805,0.0,0.0,0.0,0.1234242831554913,2.4288048348726483,2.4288048348726483,2.521639226431524,-0.0928343915588754,0.2439705202886705,2.16274399577548,0.0,0.0,0.0,0.0,memory_decay_or_suppression,0.0,0.0,0.0633588465485197,0.9472519380725672,False,False,False,0.2775167660307468,True,True,True,False,False,False,0.0,0.231101548176963,1.1351217605577744
n10_ring10_two_edges_removed_cut_e1_e4_probe_e7_e8,self_reinforced_transport,C,neutral_coupling,forward,0.1,4,0.2,0.0,0.0,0.0,0.0,0.0,0.0,2.4288048348726483,2.447812941772542,2.447838688829185,-2.574705664315502e-05,0.0046317279471255,1.6949280792718675,0.0,0.0,0.0,0.0,memory_decay_or_suppression,backward,2,0.0,0.0,0.0,0.0,0.0,0.0,2.4288048348726483,2.513099700201952,2.5176541727111728,-0.0045544725092208,0.0379654048295065,2.2200555448433126,0.0,0.0,0.0,0.0,memory_decay_or_suppression,0.0,0.0,0.0698154838819875,0.8780013549492363,False,False,False,0.2673819913983735,True,True,True,False,False,False,0.0,0.033333676882381,1.0984155561326683
n10_ring10_two_edges_removed_cut_e1_e4_probe_e7_e8,stable_synchronization_island,B,neutral_coupling,forward,0.1,4,0.2,0.0,0.0,0.0,0.0,0.0,0.0,2.4288048348726483,2.447812941772542,2.447838688829185,-2.574705664315502e-05,0.0046317279471255,1.6949280792718675,0.0,0.0,0.0,0.0,memory_decay_or_suppression,backward,2,0.0,0.0,0.0,0.0,0.0,0.0,2.4288048348726483,2.513099700201952,2.5176541727111728,-0.0045544725092208,0.0379654048295065,2.2200555448433126,0.0,0.0,0.0,0.0,memory_decay_or_suppression,0.0,0.0,0.0698154838819875,0.8780013549492363,False,False,False,0.2673819913983735,True,True,True,False,False,False,0.0,0.033333676882381,1.0984155561326683
n10_ring10_two_edges_removed_cut_e2_e5_probe_e8_e9,stable_synchronization_island,B,neutral_coupling,forward,0.1,4,0.2,0.0,0.0,0.0,0.0,0.0,0.0,2.4288048348726483,2.447812941772542,2.447838688829185,-2.574705664315502e-05,0.0046317279471255,1.6949280792718675,0.0,0.0,0.0,0.0,memory_decay_or_suppression,backward,2,0.0,0.0,0.0,0.0,0.0,0.0,2.4288048348726483,2.513099700201952,2.5176541727111728,-0.0045544725092208,0.0379654048295065,2.2200555448433126,0.0,0.0,0.0,0.0,memory_decay_or_suppression,0.0,0.0,0.0698154838819875,0.8780013549492363,False,False,False,0.2673819913983735,True,True,True,False,False,False,0.0,0.033333676882381,1.0984155561326683
n10_ring10_two_edges_removed_cut_e2_e5_probe_e8_e9,self_reinforced_transport,C,neutral_coupling,forward,0.1,4,0.2,0.0,0.0,0.0,0.0,0.0,0.0,2.4288048348726483,2.447812941772542,2.447838688829185,-2.574705664315502e-05,0.0046317279471255,1.6949280792718675,0.0,0.0,0.0,0.0,memory_decay_or_suppression,backward,2,0.0,0.0,0.0,0.0,0.0,0.0,2.4288048348726483,2.513099700201952,2.5176541727111728,-0.0045544725092208,0.0379654048295065,2.2200555448433126,0.0,0.0,0.0,0.0,memory_decay_or_suppression,0.0,0.0,0.0698154838819875,0.8780013549492363,False,False,False,0.2673819913983735,True,True,True,False,False,False,0.0,0.033333676882381,1.0984155561326683
n10_ring10_two_edges_removed_cut_e1_e4_probe_e7_e8,stable_synchronization_island,B,neutral_coupling,forward,0.2,6,0.4,0.0,0.0,0.0,0.0,0.0,0.0,2.4288048348726483,2.439945541403376,2.439945541524526,-1.211497568931463e-10,5.564311228409892e-06,1.7311234246390976,0.0,0.0,0.0,0.0,memory_decay_or_suppression,backward,0,0.0012438979875798,0.0031993981677805,0.0,0.0,0.0,0.0755511494663151,2.4288048348726483,2.4288048348726483,2.433515582372785,-0.0047107475001371,0.1075577564219209,2.63262836172998,0.0,0.0,0.0,0.0,memory_decay_or_suppression,0.0,0.0,0.0064299591517404,0.9999482667506884,False,False,False,0.2583028930182043,True,True,True,False,False,False,0.0,0.1075521921106925,1.0842677933779072
n10_ring10_two_edges_removed_cut_e2_e5_probe_e8_e9,self_reinforced_transport,C,neutral_coupling,forward,0.2,6,0.4,0.0,0.0,0.0,0.0,0.0,0.0,2.4288048348726483,2.439945541403376,2.439945541524526,-1.211497568931463e-10,5.564311228409892e-06,1.7311234246390976,0.0,0.0,0.0,0.0,memory_decay_or_suppression,backward,0,0.0012438979875798,0.0031993981677805,0.0,0.0,0.0,0.0755511494663151,2.4288048348726483,2.4288048348726483,2.433515582372785,-0.0047107475001371,0.1075577564219209,2.63262836172998,0.0,0.0,0.0,0.0,memory_decay_or_suppression,0.0,0.0,0.0064299591517404,0.9999482667506884,False,False,False,0.2583028930182043,True,True,True,False,False,False,0.0,0.1075521921106925,1.0842677933779072
n10_ring10_two_edges_removed_cut_e2_e5_probe_e8_e9,stable_synchronization_island,B,neutral_coupling,forward,0.2,6,0.4,0.0,0.0,0.0,0.0,0.0,0.0,2.4288048348726483,2.439945541403376,2.439945541524526,-1.211497568931463e-10,5.564311228409892e-06,1.7311234246390976,0.0,0.0,0.0,0.0,memory_decay_or_suppression,backward,0,0.0012438979875798,0.0031993981677805,0.0,0.0,0.0,0.0755511494663151,2.4288048348726483,2.4288048348726483,2.433515582372785,-0.0047107475001371,0.1075577564219209,2.63262836172998,0.0,0.0,0.0,0.0,memory_decay_or_suppression,0.0,0.0,0.0064299591517404,0.9999482667506884,False,False,False,0.2583028930182043,True,True,True,False,False,False,0.0,0.1075521921106925,1.0842677933779072
n10_ring10_two_edges_removed_cut_e1_e4_probe_e7_e8,self_reinforced_transport,C,neutral_coupling,forward,0.2,6,0.4,0.0,0.0,0.0,0.0,0.0,0.0,2.4288048348726483,2.439945541403376,2.439945541524526,-1.211497568931463e-10,5.564311228409892e-06,1.7311234246390976,0.0,0.0,0.0,0.0,memory_decay_or_suppression,backward,0,0.0012438979875798,0.0031993981677805,0.0,0.0,0.0,0.0755511494663151,2.4288048348726483,2.4288048348726483,2.433515582372785,-0.0047107475001371,0.1075577564219209,2.63262836172998,0.0,0.0,0.0,0.0,memory_decay_or_suppression,0.0,0.0,0.0064299591517404,0.9999482667506884,False,False,False,0.2583028930182043,True,True,True,False,False,False,0.0,0.1075521921106925,1.0842677933779072
n10_ring10_two_edges_removed_cut_e0_e3_probe_e2_e6,stable_synchronization_island,B,base_stabilized_coupling,forward,0.1,1,0.02,0.0,0.0,0.0,0.0,0.0,0.0835896260275088,2.4570351352126023,2.4710526425515806,2.508651876784328,-0.0375992342327471,0.055640825103406,1.6336901394608463,0.0,0.0,0.0,0.0,memory_decay_or_suppression,backward,5,0.0,0.0,0.0,0.0,0.0,0.0323430086629084,2.4570351352126023,2.5863162445421395,2.585263397753808,0.0010528467883315,0.0128029342853512,1.8786980435183525,0.0,0.0,0.0,0.0,memory_decay_or_suppression,0.0,0.0,0.0766115209694802,0.769900351723264,False,False,False,0.2555878330288552,True,True,True,False,False,False,0.0,0.042837890818054794,1.082030529238057
n10_ring10_two_edges_removed_cut_e0_e1_probe_e3_e7,stable_synchronization_island,B,base_stabilized_coupling,forward,0.1,1,0.02,0.0,0.0,0.0,0.0,0.0,0.0835896260275088,2.4570351352126023,2.4710526425515806,2.508651876784328,-0.0375992342327471,0.055640825103406,1.6336901394608463,0.0,0.0,0.0,0.0,memory_decay_or_suppression,backward,5,0.0,0.0,0.0,0.0,0.0,0.0323430086629084,2.4570351352126023,2.5863162445421395,2.585263397753808,0.0010528467883315,0.0128029342853512,1.8786980435183525,0.0,0.0,0.0,0.0,memory_decay_or_suppression,0.0,0.0,0.0766115209694802,0.769900351723264,False,False,False,0.2555878330288552,True,True,True,False,False,False,0.0,0.042837890818054794,1.082030529238057
n10_ring10_two_edges_removed_cut_e0_e1_probe_e3_e7,self_reinforced_transport,C,base_stabilized_coupling,forward,0.1,1,0.02,0.0,0.0,0.0,0.0,0.0,0.0835896260275088,2.4570351352126023,2.4710526425515806,2.508651876784328,-0.0375992342327471,0.055640825103406,1.6336901394608463,0.0,0.0,0.0,0.0,memory_decay_or_suppression,backward,5,0.0,0.0,0.0,0.0,0.0,0.0323430086629084,2.4570351352126023,2.5863162445421395,2.585263397753808,0.0010528467883315,0.0128029342853512,1.8786980435183525,0.0,0.0,0.0,0.0,memory_decay_or_suppression,0.0,0.0,0.0766115209694802,0.769900351723264,False,False,False,0.2555878330288552,True,True,True,False,False,False,0.0,0.042837890818054794,1.082030529238057
n10_ring10_two_edges_removed_cut_e0_e3_probe_e2_e6,self_reinforced_transport,C,base_stabilized_coupling,forward,0.1,1,0.02,0.0,0.0,0.0,0.0,0.0,0.0835896260275088,2.4570351352126023,2.4710526425515806,2.508651876784328,-0.0375992342327471,0.055640825103406,1.6336901394608463,0.0,0.0,0.0,0.0,memory_decay_or_suppression,backward,5,0.0,0.0,0.0,0.0,0.0,0.0323430086629084,2.4570351352126023,2.5863162445421395,2.585263397753808,0.0010528467883315,0.0128029342853512,1.8786980435183525,0.0,0.0,0.0,0.0,memory_decay_or_suppression,0.0,0.0,0.0766115209694802,0.769900351723264,False,False,False,0.2555878330288552,True,True,True,False,False,False,0.0,0.042837890818054794,1.082030529238057
n10_ring10_two_edges_removed_cut_e0_e1_probe_e3_e7,mixed_adaptive_topology_response,B,base_stabilized_coupling,forward,0.1,1,0.02,0.0,0.0,0.0,0.0,0.0,0.0835896260275088,2.4570351352126023,2.4710526425515806,2.508651876784328,-0.0375992342327471,0.055640825103406,1.6336901394608463,0.0,0.0,0.0,0.0,memory_decay_or_suppression,backward,5,0.0,0.0,0.0,0.0,0.0,0.0323430086629084,2.4570351352126023,2.5863162445421395,2.585263397753808,0.0010528467883315,0.0128029342853512,1.8786980435183525,0.0,0.0,0.0,0.0,memory_decay_or_suppression,0.0,0.0,0.0766115209694802,0.769900351723264,False,False,False,0.2555878330288552,True,True,True,False,False,False,0.0,0.042837890818054794,1.082030529238057
n10_ring10_two_edges_removed_cut_e0_e3_probe_e2_e6,mixed_adaptive_topology_response,B,base_stabilized_coupling,forward,0.1,1,0.02,0.0,0.0,0.0,0.0,0.0,0.0835896260275088,2.4570351352126023,2.4710526425515806,2.508651876784328,-0.0375992342327471,0.055640825103406,1.6336901394608463,0.0,0.0,0.0,0.0,memory_decay_or_suppression,backward,5,0.0,0.0,0.0,0.0,0.0,0.0323430086629084,2.4570351352126023,2.5863162445421395,2.585263397753808,0.0010528467883315,0.0128029342853512,1.8786980435183525,0.0,0.0,0.0,0.0,memory_decay_or_suppression,0.0,0.0,0.0766115209694802,0.769900351723264,False,False,False,0.2555878330288552,True,True,True,False,False,False,0.0,0.042837890818054794,1.082030529238057
n10_ring10_two_edges_removed_cut_e1_e4_probe_e7_e8,self_reinforced_transport,C,neutral_coupling,forward,0.2,5,0.3,0.0,0.0,0.0,0.0,0.0,0.0,2.4288048348726483,2.4399455389330185,2.439945541403376,-2.4703576961826453e-09,2.5126513106844858e-05,1.731124418815266,0.0,0.0,0.0,0.0,memory_decay_or_suppression,backward,1,0.0,0.0,0.0,0.0,0.0,0.0,2.4288048348726483,2.433515582372785,2.4376347926592348,-0.0041192102864493,0.0235056590684581,2.6619749637016064,0.0,0.0,0.0,0.0,memory_decay_or_suppression,0.0,0.0,0.0023107487441413,0.9989310440506008,False,False,False,0.2538469066709135,True,True,True,False,False,False,0.0,0.023480532555351253,1.065499091387879
n10_ring10_two_edges_removed_cut_e2_e5_probe_e8_e9,stable_synchronization_island,B,neutral_coupling,forward,0.2,5,0.3,0.0,0.0,0.0,0.0,0.0,0.0,2.4288048348726483,2.4399455389330185,2.439945541403376,-2.4703576961826453e-09,2.5126513106844858e-05,1.731124418815266,0.0,0.0,0.0,0.0,memory_decay_or_suppression,backward,1,0.0,0.0,0.0,0.0,0.0,0.0,2.4288048348726483,2.433515582372785,2.4376347926592348,-0.0041192102864493,0.0235056590684581,2.6619749637016064,0.0,0.0,0.0,0.0,memory_decay_or_suppression,0.0,0.0,0.0023107487441413,0.9989310440506008,False,False,False,0.2538469066709135,True,True,True,False,False,False,0.0,0.023480532555351253,1.065499091387879
n10_ring10_two_edges_removed_cut_e2_e5_probe_e8_e9,self_reinforced_transport,C,neutral_coupling,forward,0.2,5,0.3,0.0,0.0,0.0,0.0,0.0,0.0,2.4288048348726483,2.4399455389330185,2.439945541403376,-2.4703576961826453e-09,2.5126513106844858e-05,1.731124418815266,0.0,0.0,0.0,0.0,memory_decay_or_suppression,backward,1,0.0,0.0,0.0,0.0,0.0,0.0,2.4288048348726483,2.433515582372785,2.4376347926592348,-0.0041192102864493,0.0235056590684581,2.6619749637016064,0.0,0.0,0.0,0.0,memory_decay_or_suppression,0.0,0.0,0.0023107487441413,0.9989310440506008,False,False,False,0.2538469066709135,True,True,True,False,False,False,0.0,0.023480532555351253,1.065499091387879
n10_ring10_two_edges_removed_cut_e1_e4_probe_e7_e8,stable_synchronization_island,B,neutral_coupling,forward,0.2,5,0.3,0.0,0.0,0.0,0.0,0.0,0.0,2.4288048348726483,2.4399455389330185,2.439945541403376,-2.4703576961826453e-09,2.5126513106844858e-05,1.731124418815266,0.0,0.0,0.0,0.0,memory_decay_or_suppression,backward,1,0.0,0.0,0.0,0.0,0.0,0.0,2.4288048348726483,2.433515582372785,2.4376347926592348,-0.0041192102864493,0.0235056590684581,2.6619749637016064,0.0,0.0,0.0,0.0,memory_decay_or_suppression,0.0,0.0,0.0023107487441413,0.9989310440506008,False,False,False,0.2538469066709135,True,True,True,False,False,False,0.0,0.023480532555351253,1.065499091387879
n10_ring10_two_edges_removed_cut_e0_e3_probe_e2_e6,self_reinforced_transport,C,base_stabilized_coupling,forward,0.1,4,0.2,0.0,0.0,0.0,0.0,0.0,0.0283867469967552,2.4570351352126023,2.55464484215123,2.5783000772636075,-0.0236552351123773,0.0062588589462425,1.5145042479984971,0.0,0.0,0.0,0.0,memory_decay_or_suppression,backward,2,0.0,0.0,0.0,0.0,0.0,0.1181165203488944,2.4570351352126023,2.622679639807789,2.596621129567544,0.026058510240245,0.1168010255557954,1.654754340039345,0.0,0.0,0.0,0.0,memory_decay_or_suppression,0.0,0.0,0.0183210523039365,0.9464143493825824,False,False,False,0.253672915076738,True,True,True,False,False,False,0.0,0.1105421666095529,1.051443935181399
n10_ring10_two_edges_removed_cut_e0_e3_probe_e2_e6,mixed_adaptive_topology_response,B,base_stabilized_coupling,forward,0.1,4,0.2,0.0,0.0,0.0,0.0,0.0,0.0283867469967552,2.4570351352126023,2.55464484215123,2.5783000772636075,-0.0236552351123773,0.0062588589462425,1.5145042479984971,0.0,0.0,0.0,0.0,memory_decay_or_suppression,backward,2,0.0,0.0,0.0,0.0,0.0,0.1181165203488944,2.4570351352126023,2.622679639807789,2.596621129567544,0.026058510240245,0.1168010255557954,1.654754340039345,0.0,0.0,0.0,0.0,memory_decay_or_suppression,0.0,0.0,0.0183210523039365,0.9464143493825824,False,False,False,0.253672915076738,True,True,True,False,False,False,0.0,0.1105421666095529,1.051443935181399
n10_ring10_two_edges_removed_cut_e0_e1_probe_e3_e7,mixed_adaptive_topology_response,B,base_stabilized_coupling,forward,0.1,4,0.2,0.0,0.0,0.0,0.0,0.0,0.0283867469967552,2.4570351352126023,2.55464484215123,2.5783000772636075,-0.0236552351123773,0.0062588589462425,1.5145042479984971,0.0,0.0,0.0,0.0,memory_decay_or_suppression,backward,2,0.0,0.0,0.0,0.0,0.0,0.1181165203488944,2.4570351352126023,2.622679639807789,2.596621129567544,0.026058510240245,0.1168010255557954,1.654754340039345,0.0,0.0,0.0,0.0,memory_decay_or_suppression,0.0,0.0,0.0183210523039365,0.9464143493825824,False,False,False,0.253672915076738,True,True,True,False,False,False,0.0,0.1105421666095529,1.051443935181399
n10_ring10_two_edges_removed_cut_e0_e1_probe_e3_e7,self_reinforced_transport,C,base_stabilized_coupling,forward,0.1,4,0.2,0.0,0.0,0.0,0.0,0.0,0.0283867469967552,2.4570351352126023,2.55464484215123,2.5783000772636075,-0.0236552351123773,0.0062588589462425,1.5145042479984971,0.0,0.0,0.0,0.0,memory_decay_or_suppression,backward,2,0.0,0.0,0.0,0.0,0.0,0.1181165203488944,2.4570351352126023,2.622679639807789,2.596621129567544,0.026058510240245,0.1168010255557954,1.654754340039345,0.0,0.0,0.0,0.0,memory_decay_or_suppression,0.0,0.0,0.0183210523039365,0.9464143493825824,False,False,False,0.253672915076738,True,True,True,False,False,False,0.0,0.1105421666095529,1.051443935181399
n10_ring10_two_edges_removed_cut_e0_e1_probe_e3_e7,stable_synchronization_island,B,base_stabilized_coupling,forward,0.1,4,0.2,0.0,0.0,0.0,0.0,0.0,0.0283867469967552,2.4570351352126023,2.55464484215123,2.5783000772636075,-0.0236552351123773,0.0062588589462425,1.5145042479984971,0.0,0.0,0.0,0.0,memory_decay_or_suppression,backward,2,0.0,0.0,0.0,0.0,0.0,0.1181165203488944,2.4570351352126023,2.622679639807789,2.596621129567544,0.026058510240245,0.1168010255557954,1.654754340039345,0.0,0.0,0.0,0.0,memory_decay_or_suppression,0.0,0.0,0.0183210523039365,0.9464143493825824,False,False,False,0.253672915076738,True,True,True,False,False,False,0.0,0.1105421666095529,1.051443935181399
n10_ring10_two_edges_removed_cut_e0_e3_probe_e2_e6,stable_synchronization_island,B,base_stabilized_coupling,forward,0.1,4,0.2,0.0,0.0,0.0,0.0,0.0,0.0283867469967552,2.4570351352126023,2.55464484215123,2.5783000772636075,-0.0236552351123773,0.0062588589462425,1.5145042479984971,0.0,0.0,0.0,0.0,memory_decay_or_suppression,backward,2,0.0,0.0,0.0,0.0,0.0,0.1181165203488944,2.4570351352126023,2.622679639807789,2.596621129567544,0.026058510240245,0.1168010255557954,1.654754340039345,0.0,0.0,0.0,0.0,memory_decay_or_suppression,0.0,0.0,0.0183210523039365,0.9464143493825824,False,False,False,0.253672915076738,True,True,True,False,False,False,0.0,0.1105421666095529,1.051443935181399
n10_ring10_two_edges_removed_cut_e2_e5_probe_e8_e9,stable_synchronization_island,B,neutral_coupling,forward,0.2,4,0.2,0.0,0.0,0.0,0.0,0.0,0.0,2.4288048348726483,2.439945488559541,2.4399455389330185,-5.037347694525352e-08,0.0001134626815543,1.7311246495484034,0.0,0.0,0.0,0.0,memory_decay_or_suppression,backward,2,0.0,0.0,0.0,0.0,0.0,0.0,2.4288048348726483,2.4376347926592348,2.4380144660647005,-0.0003796734054657,0.0051994904116571,2.6597573114718944,0.0,0.0,0.0,0.0,memory_decay_or_suppression,0.0,0.0,0.0019310728683179,0.9781781148633002,False,False,False,0.2479583942620435,True,True,True,False,False,False,0.0,0.0050860277301028,1.032911842673951
n10_ring10_two_edges_removed_cut_e2_e5_probe_e8_e9,self_reinforced_transport,C,neutral_coupling,forward,0.2,4,0.2,0.0,0.0,0.0,0.0,0.0,0.0,2.4288048348726483,2.439945488559541,2.4399455389330185,-5.037347694525352e-08,0.0001134626815543,1.7311246495484034,0.0,0.0,0.0,0.0,memory_decay_or_suppression,backward,2,0.0,0.0,0.0,0.0,0.0,0.0,2.4288048348726483,2.4376347926592348,2.4380144660647005,-0.0003796734054657,0.0051994904116571,2.6597573114718944,0.0,0.0,0.0,0.0,memory_decay_or_suppression,0.0,0.0,0.0019310728683179,0.9781781148633002,False,False,False,0.2479583942620435,True,True,True,False,False,False,0.0,0.0050860277301028,1.032911842673951
n10_ring10_two_edges_removed_cut_e1_e4_probe_e7_e8,stable_synchronization_island,B,neutral_coupling,forward,0.2,4,0.2,0.0,0.0,0.0,0.0,0.0,0.0,2.4288048348726483,2.439945488559541,2.4399455389330185,-5.037347694525352e-08,0.0001134626815543,1.7311246495484034,0.0,0.0,0.0,0.0,memory_decay_or_suppression,backward,2,0.0,0.0,0.0,0.0,0.0,0.0,2.4288048348726483,2.4376347926592348,2.4380144660647005,-0.0003796734054657,0.0051994904116571,2.6597573114718944,0.0,0.0,0.0,0.0,memory_decay_or_suppression,0.0,0.0,0.0019310728683179,0.9781781148633002,False,False,False,0.2479583942620435,True,True,True,False,False,False,0.0,0.0050860277301028,1.032911842673951
n10_ring10_two_edges_removed_cut_e1_e4_probe_e7_e8,self_reinforced_transport,C,neutral_coupling,forward,0.2,4,0.2,0.0,0.0,0.0,0.0,0.0,0.0,2.4288048348726483,2.439945488559541,2.4399455389330185,-5.037347694525352e-08,0.0001134626815543,1.7311246495484034,0.0,0.0,0.0,0.0,memory_decay_or_suppression,backward,2,0.0,0.0,0.0,0.0,0.0,0.0,2.4288048348726483,2.4376347926592348,2.4380144660647005,-0.0003796734054657,0.0051994904116571,2.6597573114718944,0.0,0.0,0.0,0.0,memory_decay_or_suppression,0.0,0.0,0.0019310728683179,0.9781781148633002,False,False,False,0.2479583942620435,True,True,True,False,False,False,0.0,0.0050860277301028,1.032911842673951
n10_ring10_two_edges_removed_cut_e0_e3_probe_e2_e6,mixed_adaptive_topology_response,B,gradient_driven_coupling,forward,0.1,4,0.2,0.0,0.0,0.0,0.0,0.0,0.0292269873102578,2.347284191955556,2.504489281618028,2.5264988636930896,-0.0220095820750616,0.006634672260574,1.9126669174258224,0.0,0.0,0.0,0.0,memory_decay_or_suppression,backward,2,0.0,0.0,0.0,0.0,0.0,0.1231093202909203,2.347284191955556,2.5494279592299254,2.5232903548284984,0.0261376044014269,0.1193225384317411,1.7531389863123283,0.0,0.0,0.0,0.0,memory_decay_or_suppression,0.0,0.0,0.0032085088645912,0.9443971579156958,False,False,False,0.2421392054453105,True,True,True,False,False,False,0.0,0.11268786617116709,1.0198409448979442
n10_ring10_two_edges_removed_cut_e0_e1_probe_e3_e7,mixed_adaptive_topology_response,B,gradient_driven_coupling,forward,0.1,4,0.2,0.0,0.0,0.0,0.0,0.0,0.0292269873102578,2.347284191955556,2.504489281618028,2.5264988636930896,-0.0220095820750616,0.006634672260574,1.9126669174258224,0.0,0.0,0.0,0.0,memory_decay_or_suppression,backward,2,0.0,0.0,0.0,0.0,0.0,0.1231093202909203,2.347284191955556,2.5494279592299254,2.5232903548284984,0.0261376044014269,0.1193225384317411,1.7531389863123283,0.0,0.0,0.0,0.0,memory_decay_or_suppression,0.0,0.0,0.0032085088645912,0.9443971579156958,False,False,False,0.2421392054453105,True,True,True,False,False,False,0.0,0.11268786617116709,1.0198409448979442
n10_ring10_two_edges_removed_cut_e1_e4_probe_e7_e8,stable_synchronization_island,B,neutral_coupling,forward,0.2,1,0.02,0.0,0.0,0.0,0.0,0.0,0.0,2.4288048348726483,2.439254827264528,2.439923507565236,-0.0006686803007083,0.0104494475011347,1.7312200087170888,0.0,0.0,0.0,0.0,memory_decay_or_suppression,backward,5,0.0,0.0,0.0,0.0,0.0,0.0,2.4288048348726483,2.4380339549502814,2.4380339996251865,-4.4674905108621494e-08,5.646418778390041e-05,2.6596429777546398,0.0,0.0,0.0,0.0,memory_decay_or_suppression,0.0,0.0,0.0018895079400493,0.99459644265667,False,False,False,0.2499621358742515,True,True,True,False,False,False,0.0,0.0103929833133508,1.0138272118874392
n10_ring10_two_edges_removed_cut_e2_e5_probe_e8_e9,self_reinforced_transport,C,neutral_coupling,forward,0.2,1,0.02,0.0,0.0,0.0,0.0,0.0,0.0,2.4288048348726483,2.439254827264528,2.439923507565236,-0.0006686803007083,0.0104494475011347,1.7312200087170888,0.0,0.0,0.0,0.0,memory_decay_or_suppression,backward,5,0.0,0.0,0.0,0.0,0.0,0.0,2.4288048348726483,2.4380339549502814,2.4380339996251865,-4.4674905108621494e-08,5.646418778390041e-05,2.6596429777546398,0.0,0.0,0.0,0.0,memory_decay_or_suppression,0.0,0.0,0.0018895079400493,0.99459644265667,False,False,False,0.2499621358742515,True,True,True,False,False,False,0.0,0.0103929833133508,1.0138272118874392
n10_ring10_two_edges_removed_cut_e2_e5_probe_e8_e9,stable_synchronization_island,B,neutral_coupling,forward,0.2,1,0.02,0.0,0.0,0.0,0.0,0.0,0.0,2.4288048348726483,2.439254827264528,2.439923507565236,-0.0006686803007083,0.0104494475011347,1.7312200087170888,0.0,0.0,0.0,0.0,memory_decay_or_suppression,backward,5,0.0,0.0,0.0,0.0,0.0,0.0,2.4288048348726483,2.4380339549502814,2.4380339996251865,-4.4674905108621494e-08,5.646418778390041e-05,2.6596429777546398,0.0,0.0,0.0,0.0,memory_decay_or_suppression,0.0,0.0,0.0018895079400493,0.99459644265667,False,False,False,0.2499621358742515,True,True,True,False,False,False,0.0,0.0103929833133508,1.0138272118874392
n10_ring10_two_edges_removed_cut_e1_e4_probe_e7_e8,self_reinforced_transport,C,neutral_coupling,forward,0.2,1,0.02,0.0,0.0,0.0,0.0,0.0,0.0,2.4288048348726483,2.439254827264528,2.439923507565236,-0.0006686803007083,0.0104494475011347,1.7312200087170888,0.0,0.0,0.0,0.0,memory_decay_or_suppression,backward,5,0.0,0.0,0.0,0.0,0.0,0.0,2.4288048348726483,2.4380339549502814,2.4380339996251865,-4.4674905108621494e-08,5.646418778390041e-05,2.6596429777546398,0.0,0.0,0.0,0.0,memory_decay_or_suppression,0.0,0.0,0.0018895079400493,0.99459644265667,False,False,False,0.2499621358742515,True,True,True,False,False,False,0.0,0.0103929833133508,1.0138272118874392
n10_ring10_two_edges_removed_cut_e1_e4_probe_e7_e8,self_reinforced_transport,C,neutral_coupling,forward,0.2,0,0.0,0.0012438979875798,0.0031993981677805,0.0,0.0,0.0,0.0246859561023621,2.4288048348726483,2.4288048348726483,2.439254827264528,-0.0104499923918792,0.0473498239708537,1.733123405190775,0.0,0.0,0.0,0.0,memory_decay_or_suppression,backward,6,0.0,0.0,0.0,0.0,0.0,0.0,2.4288048348726483,2.4380339996251865,2.4380340018160838,-2.1908967973160998e-09,1.2504095216581945e-05,2.659642122174424,0.0,0.0,0.0,0.0,memory_decay_or_suppression,0.0,0.0,0.0012208254484442,0.9997359209566647,False,False,False,0.2505467253372054,True,True,True,False,False,False,0.0,0.04733731987563712,1.0071323706608069
n10_ring10_two_edges_removed_cut_e2_e5_probe_e8_e9,stable_synchronization_island,B,neutral_coupling,forward,0.2,0,0.0,0.0012438979875798,0.0031993981677805,0.0,0.0,0.0,0.0246859561023621,2.4288048348726483,2.4288048348726483,2.439254827264528,-0.0104499923918792,0.0473498239708537,1.733123405190775,0.0,0.0,0.0,0.0,memory_decay_or_suppression,backward,6,0.0,0.0,0.0,0.0,0.0,0.0,2.4288048348726483,2.4380339996251865,2.4380340018160838,-2.1908967973160998e-09,1.2504095216581945e-05,2.659642122174424,0.0,0.0,0.0,0.0,memory_decay_or_suppression,0.0,0.0,0.0012208254484442,0.9997359209566647,False,False,False,0.2505467253372054,True,True,True,False,False,False,0.0,0.04733731987563712,1.0071323706608069
n10_ring10_two_edges_removed_cut_e2_e5_probe_e8_e9,self_reinforced_transport,C,neutral_coupling,forward,0.2,0,0.0,0.0012438979875798,0.0031993981677805,0.0,0.0,0.0,0.0246859561023621,2.4288048348726483,2.4288048348726483,2.439254827264528,-0.0104499923918792,0.0473498239708537,1.733123405190775,0.0,0.0,0.0,0.0,memory_decay_or_suppression,backward,6,0.0,0.0,0.0,0.0,0.0,0.0,2.4288048348726483,2.4380339996251865,2.4380340018160838,-2.1908967973160998e-09,1.2504095216581945e-05,2.659642122174424,0.0,0.0,0.0,0.0,memory_decay_or_suppression,0.0,0.0,0.0012208254484442,0.9997359209566647,False,False,False,0.2505467253372054,True,True,True,False,False,False,0.0,0.04733731987563712,1.0071323706608069
n10_ring10_two_edges_removed_cut_e1_e4_probe_e7_e8,stable_synchronization_island,B,neutral_coupling,forward,0.2,0,0.0,0.0012438979875798,0.0031993981677805,0.0,0.0,0.0,0.0246859561023621,2.4288048348726483,2.4288048348726483,2.439254827264528,-0.0104499923918792,0.0473498239708537,1.733123405190775,0.0,0.0,0.0,0.0,memory_decay_or_suppression,backward,6,0.0,0.0,0.0,0.0,0.0,0.0,2.4288048348726483,2.4380339996251865,2.4380340018160838,-2.1908967973160998e-09,1.2504095216581945e-05,2.659642122174424,0.0,0.0,0.0,0.0,memory_decay_or_suppression,0.0,0.0,0.0012208254484442,0.9997359209566647,False,False,False,0.2505467253372054,True,True,True,False,False,False,0.0,0.04733731987563712,1.0071323706608069
n10_ring10_two_edges_removed_cut_e0_e1_probe_e3_e7,mixed_adaptive_topology_response,B,gradient_driven_coupling,forward,0.1,1,0.02,0.0,0.0,0.0,0.0,0.0,0.0964508137031378,2.347284191955556,2.410481748987044,2.4554211892795443,-0.0449394402925005,0.0566183358067571,2.0367666863233307,0.0,0.0,0.0,0.0,memory_decay_or_suppression,backward,5,0.0,0.0,0.0,0.0,0.0,0.0327228006798733,2.347284191955556,2.512846585514864,2.511823372413044,0.0010232131018197,0.0131275331459259,1.9817009591135448,0.0,0.0,0.0,0.0,memory_decay_or_suppression,0.0,0.0,0.0564021831334997,0.768139897444189,False,False,False,0.2302877754814954,True,True,True,False,False,False,0.0,0.0434908026608312,0.9441754004027689
n10_ring10_two_edges_removed_cut_e0_e3_probe_e2_e6,mixed_adaptive_topology_response,B,gradient_driven_coupling,forward,0.1,1,0.02,0.0,0.0,0.0,0.0,0.0,0.0964508137031378,2.347284191955556,2.410481748987044,2.4554211892795443,-0.0449394402925005,0.0566183358067571,2.0367666863233307,0.0,0.0,0.0,0.0,memory_decay_or_suppression,backward,5,0.0,0.0,0.0,0.0,0.0,0.0327228006798733,2.347284191955556,2.512846585514864,2.511823372413044,0.0010232131018197,0.0131275331459259,1.9817009591135448,0.0,0.0,0.0,0.0,memory_decay_or_suppression,0.0,0.0,0.0564021831334997,0.768139897444189,False,False,False,0.2302877754814954,True,True,True,False,False,False,0.0,0.0434908026608312,0.9441754004027689
n10_ring10_two_edges_removed_cut_e1_e4_probe_e7_e8,self_reinforced_transport,C,neutral_coupling,forward,0.2,2,0.05,0.0,0.0,0.0,0.0,0.0,0.0,2.4288048348726483,2.439923507565236,2.4399444613669967,-2.0953801760814628e-05,0.0023136543230244,1.7311293706727078,0.0,0.0,0.0,0.0,memory_decay_or_suppression,backward,4,0.0,0.0,0.0,0.0,0.0,0.0,2.4288048348726483,2.438033043972892,2.4380339549502814,-9.10977389523282e-07,0.0002549728589132,2.6596434253393517,0.0,0.0,0.0,0.0,memory_decay_or_suppression,0.0,0.0,0.0019105064167153,0.8897964759619863,False,False,False,0.2244624243126254,True,True,True,False,False,False,0.0,0.0020586814641111997,0.9208615647193827
n10_ring10_two_edges_removed_cut_e2_e5_probe_e8_e9,stable_synchronization_island,B,neutral_coupling,forward,0.2,2,0.05,0.0,0.0,0.0,0.0,0.0,0.0,2.4288048348726483,2.439923507565236,2.4399444613669967,-2.0953801760814628e-05,0.0023136543230244,1.7311293706727078,0.0,0.0,0.0,0.0,memory_decay_or_suppression,backward,4,0.0,0.0,0.0,0.0,0.0,0.0,2.4288048348726483,2.438033043972892,2.4380339549502814,-9.10977389523282e-07,0.0002549728589132,2.6596434253393517,0.0,0.0,0.0,0.0,memory_decay_or_suppression,0.0,0.0,0.0019105064167153,0.8897964759619863,False,False,False,0.2244624243126254,True,True,True,False,False,False,0.0,0.0020586814641111997,0.9208615647193827
n10_ring10_two_edges_removed_cut_e2_e5_probe_e8_e9,self_reinforced_transport,C,neutral_coupling,forward,0.2,2,0.05,0.0,0.0,0.0,0.0,0.0,0.0,2.4288048348726483,2.439923507565236,2.4399444613669967,-2.0953801760814628e-05,0.0023136543230244,1.7311293706727078,0.0,0.0,0.0,0.0,memory_decay_or_suppression,backward,4,0.0,0.0,0.0,0.0,0.0,0.0,2.4288048348726483,2.438033043972892,2.4380339549502814,-9.10977389523282e-07,0.0002549728589132,2.6596434253393517,0.0,0.0,0.0,0.0,memory_decay_or_suppression,0.0,0.0,0.0019105064167153,0.8897964759619863,False,False,False,0.2244624243126254,True,True,True,False,False,False,0.0,0.0020586814641111997,0.9208615647193827
n10_ring10_two_edges_removed_cut_e1_e4_probe_e7_e8,stable_synchronization_island,B,neutral_coupling,forward,0.2,2,0.05,0.0,0.0,0.0,0.0,0.0,0.0,2.4288048348726483,2.439923507565236,2.4399444613669967,-2.0953801760814628e-05,0.0023136543230244,1.7311293706727078,0.0,0.0,0.0,0.0,memory_decay_or_suppression,backward,4,0.0,0.0,0.0,0.0,0.0,0.0,2.4288048348726483,2.438033043972892,2.4380339549502814,-9.10977389523282e-07,0.0002549728589132,2.6596434253393517,0.0,0.0,0.0,0.0,memory_decay_or_suppression,0.0,0.0,0.0019105064167153,0.8897964759619863,False,False,False,0.2244624243126254,True,True,True,False,False,False,0.0,0.0020586814641111997,0.9208615647193827
n10_ring10_two_edges_removed_cut_e0_e3_probe_e2_e6,self_reinforced_transport,C,base_stabilized_coupling,forward,0.1,3,0.1,0.0,0.0,0.0,0.0,0.0,0.0329017622200155,2.4570351352126023,2.532668778697018,2.55464484215123,-0.0219760634542121,0.0126815290414884,1.575388211353979,0.0,0.0,0.0,0.0,memory_decay_or_suppression,backward,3,0.0,0.0,0.0,0.0,0.0,0.0629436981891674,2.4570351352126023,2.596621129567544,2.5884691727595834,0.0081519568079606,0.0570867905961475,1.7592002100031956,0.0,0.0,0.0,0.0,memory_decay_or_suppression,0.0,0.0,0.0338243306083532,0.7778552812334465,False,False,False,0.216610178851779,True,True,True,False,False,False,0.0,0.0444052615546591,0.9183878256121447
n10_ring10_two_edges_removed_cut_e0_e1_probe_e3_e7,mixed_adaptive_topology_response,B,base_stabilized_coupling,forward,0.1,3,0.1,0.0,0.0,0.0,0.0,0.0,0.0329017622200155,2.4570351352126023,2.532668778697018,2.55464484215123,-0.0219760634542121,0.0126815290414884,1.575388211353979,0.0,0.0,0.0,0.0,memory_decay_or_suppression,backward,3,0.0,0.0,0.0,0.0,0.0,0.0629436981891674,2.4570351352126023,2.596621129567544,2.5884691727595834,0.0081519568079606,0.0570867905961475,1.7592002100031956,0.0,0.0,0.0,0.0,memory_decay_or_suppression,0.0,0.0,0.0338243306083532,0.7778552812334465,False,False,False,0.216610178851779,True,True,True,False,False,False,0.0,0.0444052615546591,0.9183878256121447
n10_ring10_two_edges_removed_cut_e0_e1_probe_e3_e7,stable_synchronization_island,B,base_stabilized_coupling,forward,0.1,3,0.1,0.0,0.0,0.0,0.0,0.0,0.0329017622200155,2.4570351352126023,2.532668778697018,2.55464484215123,-0.0219760634542121,0.0126815290414884,1.575388211353979,0.0,0.0,0.0,0.0,memory_decay_or_suppression,backward,3,0.0,0.0,0.0,0.0,0.0,0.0629436981891674,2.4570351352126023,2.596621129567544,2.5884691727595834,0.0081519568079606,0.0570867905961475,1.7592002100031956,0.0,0.0,0.0,0.0,memory_decay_or_suppression,0.0,0.0,0.0338243306083532,0.7778552812334465,False,False,False,0.216610178851779,True,True,True,False,False,False,0.0,0.0444052615546591,0.9183878256121447
n10_ring10_two_edges_removed_cut_e0_e3_probe_e2_e6,stable_synchronization_island,B,base_stabilized_coupling,forward,0.1,3,0.1,0.0,0.0,0.0,0.0,0.0,0.0329017622200155,2.4570351352126023,2.532668778697018,2.55464484215123,-0.0219760634542121,0.0126815290414884,1.575388211353979,0.0,0.0,0.0,0.0,memory_decay_or_suppression,backward,3,0.0,0.0,0.0,0.0,0.0,0.0629436981891674,2.4570351352126023,2.596621129567544,2.5884691727595834,0.0081519568079606,0.0570867905961475,1.7592002100031956,0.0,0.0,0.0,0.0,memory_decay_or_suppression,0.0,0.0,0.0338243306083532,0.7778552812334465,False,False,False,0.216610178851779,True,True,True,False,False,False,0.0,0.0444052615546591,0.9183878256121447
n10_ring10_two_edges_removed_cut_e0_e3_probe_e2_e6,mixed_adaptive_topology_response,B,base_stabilized_coupling,forward,0.1,3,0.1,0.0,0.0,0.0,0.0,0.0,0.0329017622200155,2.4570351352126023,2.532668778697018,2.55464484215123,-0.0219760634542121,0.0126815290414884,1.575388211353979,0.0,0.0,0.0,0.0,memory_decay_or_suppression,backward,3,0.0,0.0,0.0,0.0,0.0,0.0629436981891674,2.4570351352126023,2.596621129567544,2.5884691727595834,0.0081519568079606,0.0570867905961475,1.7592002100031956,0.0,0.0,0.0,0.0,memory_decay_or_suppression,0.0,0.0,0.0338243306083532,0.7778552812334465,False,False,False,0.216610178851779,True,True,True,False,False,False,0.0,0.0444052615546591,0.9183878256121447
n10_ring10_two_edges_removed_cut_e0_e1_probe_e3_e7,self_reinforced_transport,C,base_stabilized_coupling,forward,0.1,3,0.1,0.0,0.0,0.0,0.0,0.0,0.0329017622200155,2.4570351352126023,2.532668778697018,2.55464484215123,-0.0219760634542121,0.0126815290414884,1.575388211353979,0.0,0.0,0.0,0.0,memory_decay_or_suppression,backward,3,0.0,0.0,0.0,0.0,0.0,0.0629436981891674,2.4570351352126023,2.596621129567544,2.5884691727595834,0.0081519568079606,0.0570867905961475,1.7592002100031956,0.0,0.0,0.0,0.0,memory_decay_or_suppression,0.0,0.0,0.0338243306083532,0.7778552812334465,False,False,False,0.216610178851779,True,True,True,False,False,False,0.0,0.0444052615546591,0.9183878256121447
val_cut_e0_e3_probe_e5_e6,self_reinforced_transport,C,gradient_driven_coupling,forward,0.1,3,0.1,0.000800532631954,0.000800532631954,0.0,0.0,0.0,0.217934646678613,2.347284191955556,2.5704533302411283,2.4980162891924063,0.072437041048722,0.0428203553381963,1.8874885422842689,0.0,0.0,0.0,0.0,memory_decay_or_suppression,backward,3,0.0009251845607453,0.0009251845607453,0.0,0.0,0.0,0.219081629028591,2.347284191955556,2.4634796773998007,2.419128355049395,0.0443513223504057,0.0858396592956342,1.7029558072846198,0.0,0.0,0.0,0.0,memory_decay_or_suppression,0.0,0.0,0.0788879341430113,0.501158838582723,False,False,False,0.1950551158081457,True,True,True,False,False,False,0.0,0.043019303957437895,0.8783777734939656
val_cut_e0_e3_probe_e5_e6,fracture_precursor,A,gradient_driven_coupling,forward,0.1,3,0.1,0.000800532631954,0.000800532631954,0.0,0.0,0.0,0.217934646678613,2.347284191955556,2.5704533302411283,2.4980162891924063,0.072437041048722,0.0428203553381963,1.8874885422842689,0.0,0.0,0.0,0.0,memory_decay_or_suppression,backward,3,0.0009251845607453,0.0009251845607453,0.0,0.0,0.0,0.219081629028591,2.347284191955556,2.4634796773998007,2.419128355049395,0.0443513223504057,0.0858396592956342,1.7029558072846198,0.0,0.0,0.0,0.0,memory_decay_or_suppression,0.0,0.0,0.0788879341430113,0.501158838582723,False,False,False,0.1950551158081457,True,True,True,False,False,False,0.0,0.043019303957437895,0.8783777734939656
val_cut_e0_e2_probe_e5_e6,fracture_precursor,A,neutral_coupling,forward,0.1,3,0.1,0.0021517693177377,0.0021517693177377,0.0014170123931497,0.6585335987507318,0.006604283807352,0.2145595850336327,2.4288048348726483,2.58767318560167,2.489394569663709,0.0982786159379611,0.0398901630635396,1.7611018974021468,0.0,0.0,0.0,0.0,memory_decay_or_suppression,backward,3,0.0022520168373777,0.0022520168373777,0.0014893830127546,0.6613551849938819,0.0069042482121284,0.2157197955511365,2.4288048348726483,2.441053871323921,2.402033866424901,0.0390200048990201,0.083901332424603,1.710290890997204,0.0,0.0,0.0,0.0,memory_decay_or_suppression,0.048591006434545,0.0434463529578821,0.0873607032388079,0.524558646313382,False,False,False,0.2303044636113262,True,True,True,False,False,False,7.237061960490014e-05,0.0440111693610634,0.8783345037841624
val_cut_e0_e3_probe_e5_e6,fracture_precursor,A,suppression_sensitive_coupling,forward,0.1,3,0.1,0.0013447189887517,0.0013447189887517,0.0,0.0,0.0,0.2179797465349155,2.4135607587745005,2.6035165211019127,2.544904432343676,0.0586120887582368,0.0447954450056803,1.7589408768313315,0.0,0.0,0.0,0.0,memory_decay_or_suppression,backward,3,0.0014903607039224,0.0014903607039224,0.0,0.0,0.0,0.2190883187684666,2.4135607587745005,2.5117432372232824,2.463328122168484,0.0484151150547984,0.0862951218621882,1.6623347135623916,0.0,0.0,0.0,0.0,memory_decay_or_suppression,0.0,0.0,0.0815763101751918,0.4809040877455538,False,False,False,0.1941931087711223,True,True,False,False,False,False,0.0,0.0414996768565079,0.8729159220650804
val_cut_e0_e3_probe_e5_e6,self_reinforced_transport,C,suppression_sensitive_coupling,forward,0.1,3,0.1,0.0013447189887517,0.0013447189887517,0.0,0.0,0.0,0.2179797465349155,2.4135607587745005,2.6035165211019127,2.544904432343676,0.0586120887582368,0.0447954450056803,1.7589408768313315,0.0,0.0,0.0,0.0,memory_decay_or_suppression,backward,3,0.0014903607039224,0.0014903607039224,0.0,0.0,0.0,0.2190883187684666,2.4135607587745005,2.5117432372232824,2.463328122168484,0.0484151150547984,0.0862951218621882,1.6623347135623916,0.0,0.0,0.0,0.0,memory_decay_or_suppression,0.0,0.0,0.0815763101751918,0.4809040877455538,False,False,False,0.1941931087711223,True,True,False,False,False,False,0.0,0.0414996768565079,0.8729159220650804
n10_ring10_two_edges_removed_cut_e0_e1_probe_e3_e7,mixed_adaptive_topology_response,B,gradient_driven_coupling,forward,0.1,3,0.1,0.0,0.0,0.0,0.0,0.0,0.0347582782474816,2.347284191955556,2.4815007373474507,2.504489281618028,-0.0229885442705772,0.0131821699475813,1.9959410003848608,0.0,0.0,0.0,0.0,memory_decay_or_suppression,backward,3,0.0,0.0,0.0,0.0,0.0,0.0655701905256739,2.347284191955556,2.5232903548284984,2.515047830255491,0.0082425245730073,0.058500628618705,1.857358981523852,0.0,0.0,0.0,0.0,memory_decay_or_suppression,0.0,0.0,0.010558548637463,0.7746661829178849,False,False,False,0.2065341927882947,True,True,True,False,False,False,0.0,0.045318458671123704,0.8678614491900742
n10_ring10_two_edges_removed_cut_e0_e3_probe_e2_e6,mixed_adaptive_topology_response,B,gradient_driven_coupling,forward,0.1,3,0.1,0.0,0.0,0.0,0.0,0.0,0.0347582782474816,2.347284191955556,2.4815007373474507,2.504489281618028,-0.0229885442705772,0.0131821699475813,1.9959410003848608,0.0,0.0,0.0,0.0,memory_decay_or_suppression,backward,3,0.0,0.0,0.0,0.0,0.0,0.0655701905256739,2.347284191955556,2.5232903548284984,2.515047830255491,0.0082425245730073,0.058500628618705,1.857358981523852,0.0,0.0,0.0,0.0,memory_decay_or_suppression,0.0,0.0,0.010558548637463,0.7746661829178849,False,False,False,0.2065341927882947,True,True,True,False,False,False,0.0,0.045318458671123704,0.8678614491900742
n10_ring10_two_edges_removed_cut_e1_e4_probe_e7_e8,self_reinforced_transport,C,neutral_coupling,forward,0.1,2,0.05,0.0,0.0,0.0,0.0,0.0,0.0,2.4288048348726483,2.447166981948146,2.447696767161748,-0.0005297852136019,0.0208636767434062,1.6956067520100544,0.0,0.0,0.0,0.0,memory_decay_or_suppression,backward,4,0.0,0.0,0.0,0.0,0.0,0.0,2.4288048348726483,2.518620984930019,2.518833758246555,-0.000212773316536,0.008400803256037,2.212438323231244,0.0,0.0,0.0,0.0,memory_decay_or_suppression,0.0,0.0,0.0711369910848072,0.5973478998954794,False,False,False,0.2017704483632256,True,True,True,False,False,False,0.0,0.012462873487369198,0.8414307401321658
n10_ring10_two_edges_removed_cut_e2_e5_probe_e8_e9,stable_synchronization_island,B,neutral_coupling,forward,0.1,2,0.05,0.0,0.0,0.0,0.0,0.0,0.0,2.4288048348726483,2.447166981948146,2.447696767161748,-0.0005297852136019,0.0208636767434062,1.6956067520100544,0.0,0.0,0.0,0.0,memory_decay_or_suppression,backward,4,0.0,0.0,0.0,0.0,0.0,0.0,2.4288048348726483,2.518620984930019,2.518833758246555,-0.000212773316536,0.008400803256037,2.212438323231244,0.0,0.0,0.0,0.0,memory_decay_or_suppression,0.0,0.0,0.0711369910848072,0.5973478998954794,False,False,False,0.2017704483632256,True,True,True,False,False,False,0.0,0.012462873487369198,0.8414307401321658
n10_ring10_two_edges_removed_cut_e2_e5_probe_e8_e9,self_reinforced_transport,C,neutral_coupling,forward,0.1,2,0.05,0.0,0.0,0.0,0.0,0.0,0.0,2.4288048348726483,2.447166981948146,2.447696767161748,-0.0005297852136019,0.0208636767434062,1.6956067520100544,0.0,0.0,0.0,0.0,memory_decay_or_suppression,backward,4,0.0,0.0,0.0,0.0,0.0,0.0,2.4288048348726483,2.518620984930019,2.518833758246555,-0.000212773316536,0.008400803256037,2.212438323231244,0.0,0.0,0.0,0.0,memory_decay_or_suppression,0.0,0.0,0.0711369910848072,0.5973478998954794,False,False,False,0.2017704483632256,True,True,True,False,False,False,0.0,0.012462873487369198,0.8414307401321658
n10_ring10_two_edges_removed_cut_e1_e4_probe_e7_e8,stable_synchronization_island,B,neutral_coupling,forward,0.1,2,0.05,0.0,0.0,0.0,0.0,0.0,0.0,2.4288048348726483,2.447166981948146,2.447696767161748,-0.0005297852136019,0.0208636767434062,1.6956067520100544,0.0,0.0,0.0,0.0,memory_decay_or_suppression,backward,4,0.0,0.0,0.0,0.0,0.0,0.0,2.4288048348726483,2.518620984930019,2.518833758246555,-0.000212773316536,0.008400803256037,2.212438323231244,0.0,0.0,0.0,0.0,memory_decay_or_suppression,0.0,0.0,0.0711369910848072,0.5973478998954794,False,False,False,0.2017704483632256,True,True,True,False,False,False,0.0,0.012462873487369198,0.8414307401321658
val_cut_e0_e3_probe_e1_e6,fracture_precursor,A,neutral_coupling,forward,0.1,3,0.1,0.0030963509439269,0.0030963509439269,0.0019992489265672,0.645679046764027,0.0090904324670661,0.2199289124923809,2.4288048348726483,2.5882402868765557,2.486752025124061,0.1014882617524941,0.0414278035541369,1.783751505586334,0.0,0.0,0.0,0.0,memory_decay_or_suppression,backward,3,0.0033216738574787,0.0033216738574787,0.0021631569253168,0.651224959908478,0.0097573000659789,0.2216962592817234,2.4288048348726483,2.444254464000152,2.4057724140411016,0.0384820499590499,0.0871423247161384,1.7109553462467662,0.0,0.0,0.0,0.0,memory_decay_or_suppression,0.0757725880889391,0.0683455048358691,0.0809796110829594,0.5245960709722814,False,False,False,0.2376442272487822,True,True,False,False,False,False,0.00016390799874959998,0.045714521162001504,0.8349181574395553
val_cut_e0_e3_probe_e1_e6,self_reinforced_transport,C,neutral_coupling,forward,0.1,3,0.1,0.0030963509439269,0.0030963509439269,0.0019992489265672,0.645679046764027,0.0090904324670661,0.2199289124923809,2.4288048348726483,2.5882402868765557,2.486752025124061,0.1014882617524941,0.0414278035541369,1.783751505586334,0.0,0.0,0.0,0.0,memory_decay_or_suppression,backward,3,0.0033216738574787,0.0033216738574787,0.0021631569253168,0.651224959908478,0.0097573000659789,0.2216962592817234,2.4288048348726483,2.444254464000152,2.4057724140411016,0.0384820499590499,0.0871423247161384,1.7109553462467662,0.0,0.0,0.0,0.0,memory_decay_or_suppression,0.0757725880889391,0.0683455048358691,0.0809796110829594,0.5245960709722814,False,False,False,0.2376442272487822,True,True,False,False,False,False,0.00016390799874959998,0.045714521162001504,0.8349181574395553
val_cut_e0_e2_probe_e4_e5,fracture_precursor,A,suppression_sensitive_coupling,forward,0.1,3,0.1,0.0029974014887013,0.0029974014887013,0.0018941923471999,0.6319448207749814,0.0089456440839648,0.2117446580057131,2.4135607587745005,2.6026203466703683,2.5543187465272785,0.0483016001430898,0.043115567259763,1.7315049933782836,0.0,0.0,0.0,0.0,memory_decay_or_suppression,backward,3,0.0031003184562367,0.0031003184562367,0.0019686530133645,0.6349841284108483,0.0092597620086205,0.2126029817539354,2.4135607587745005,2.518784612242773,2.473492244652447,0.045292367590326,0.083084319382519,1.6532703597442866,0.0,0.0,0.0,0.0,memory_decay_or_suppression,0.037823154015079,0.0339228939501129,0.0808265018748315,0.4810625208140588,False,False,False,0.2084052234273057,True,True,False,False,False,False,7.446066616459998e-05,0.039968752122756,0.8248961715327077
val_cut_e0_e1_probe_e3_e6,fracture_precursor,A,neutral_coupling,forward,0.1,3,0.1,0.0035927610761169,0.0035927610761169,0.0023054427628771,0.64169108754852,0.0104585123114218,0.2204369698316786,2.4288048348726483,2.5887160189639538,2.487780566417423,0.1009354525465306,0.0415844717717727,1.7837574536038407,0.0,0.0,0.0,0.0,memory_decay_or_suppression,backward,3,0.0039062728179941,0.0039062728179941,0.0025338669069069,0.6486661388795142,0.011385961624591,0.2225430745730235,2.4288048348726483,2.447629237843668,2.409529970750377,0.0380992670932913,0.0877492781244026,1.7089670282742064,0.0,0.0,0.0,0.0,memory_decay_or_suppression,0.0901484380718701,0.0814555101858643,0.0782505956670465,0.5260989872378856,False,False,False,0.2425279747702635,True,True,False,False,False,False,0.00022842414402979988,0.0461648063526299,0.8087316142547729
n10_ring10_two_edges_removed_cut_e2_e5_probe_e8_e9,mixed_adaptive_topology_response,B,base_stabilized_coupling,forward,0.2,3,0.1,0.0,0.0,0.0,0.0,0.0,0.0,2.4570351352126023,2.467762717465144,2.467763526635632,-8.091704883916861e-07,0.0006403078777988,1.7392994441285712,0.0,0.0,0.0,0.0,memory_decay_or_suppression,backward,3,0.0,0.0,0.0,0.0,0.0,0.0,2.4570351352126023,2.5452708253409457,2.5452822909368766,-1.1465595930904016e-05,0.0011909933057015,2.2569655902594903,0.0,0.0,0.0,0.0,memory_decay_or_suppression,0.0,0.0,0.0775187643012444,0.4623749141192193,False,False,False,0.1815075940760233,True,True,False,False,False,False,0.0,0.0005506854279026999,0.7981737306872667
n10_ring10_two_edges_removed_cut_e1_e4_probe_e7_e8,mixed_adaptive_topology_response,B,base_stabilized_coupling,forward,0.2,3,0.1,0.0,0.0,0.0,0.0,0.0,0.0,2.4570351352126023,2.467762717465144,2.467763526635632,-8.091704883916861e-07,0.0006403078777988,1.7392994441285712,0.0,0.0,0.0,0.0,memory_decay_or_suppression,backward,3,0.0,0.0,0.0,0.0,0.0,0.0,2.4570351352126023,2.5452708253409457,2.5452822909368766,-1.1465595930904016e-05,0.0011909933057015,2.2569655902594903,0.0,0.0,0.0,0.0,memory_decay_or_suppression,0.0,0.0,0.0775187643012444,0.4623749141192193,False,False,False,0.1815075940760233,True,True,False,False,False,False,0.0,0.0005506854279026999,0.7981737306872667
val_cut_e0_e2_probe_e5_e6,self_reinforced_transport,C,suppression_sensitive_coupling,forward,0.1,3,0.1,0.0036769098256514,0.0036769098256514,0.0023017595780723,0.6260038147763259,0.0107227713957571,0.2146608831913698,2.4135607587745005,2.603674430358061,2.553188253969297,0.0504861763887638,0.0439375166513762,1.7276158968521382,0.0,0.0,0.0,0.0,memory_decay_or_suppression,backward,3,0.0038372273783886,0.0038372273783886,0.0024181349800125,0.6301776623927322,0.0112086601657006,0.2157380939616847,2.4135607587745005,2.520029963319973,2.475039386928599,0.044990576391374,0.0847414211642145,1.638945569963114,0.0,0.0,0.0,0.0,memory_decay_or_suppression,0.0481260983584079,0.0433494068619306,0.078148867040698,0.4815107411673648,False,False,False,0.2108235924092507,True,True,False,False,False,False,0.00011637540194020003,0.0408039045128383,0.7972899682527439
val_cut_e0_e2_probe_e5_e6,fracture_precursor,A,suppression_sensitive_coupling,forward,0.1,3,0.1,0.0036769098256514,0.0036769098256514,0.0023017595780723,0.6260038147763259,0.0107227713957571,0.2146608831913698,2.4135607587745005,2.603674430358061,2.553188253969297,0.0504861763887638,0.0439375166513762,1.7276158968521382,0.0,0.0,0.0,0.0,memory_decay_or_suppression,backward,3,0.0038372273783886,0.0038372273783886,0.0024181349800125,0.6301776623927322,0.0112086601657006,0.2157380939616847,2.4135607587745005,2.520029963319973,2.475039386928599,0.044990576391374,0.0847414211642145,1.638945569963114,0.0,0.0,0.0,0.0,memory_decay_or_suppression,0.0481260983584079,0.0433494068619306,0.078148867040698,0.4815107411673648,False,False,False,0.2108235924092507,True,True,False,False,False,False,0.00011637540194020003,0.0408039045128383,0.7972899682527439
val_cut_e0_e2_probe_e5_e6,fracture_precursor,A,suppression_sensitive_coupling,forward,0.1,3,0.1,0.0036769098256514,0.0036769098256514,0.0023017595780723,0.6260038147763259,0.0107227713957571,0.2146608831913698,2.4135607587745005,2.603674430358061,2.553188253969297,0.0504861763887638,0.0439375166513762,1.7276158968521382,0.0,0.0,0.0,0.0,memory_decay_or_suppression,backward,3,0.0038372273783886,0.0038372273783886,0.0024181349800125,0.6301776623927322,0.0112086601657006,0.2157380939616847,2.4135607587745005,2.520029963319973,2.475039386928599,0.044990576391374,0.0847414211642145,1.638945569963114,0.0,0.0,0.0,0.0,memory_decay_or_suppression,0.0481260983584079,0.0433494068619306,0.078148867040698,0.4815107411673648,False,False,False,0.2108235924092507,True,True,False,False,False,False,0.00011637540194020003,0.0408039045128383,0.7972899682527439
val_cut_e0_e2_probe_e5_e6,fracture_precursor,A,suppression_sensitive_coupling,forward,0.1,3,0.1,0.0036769098256514,0.0036769098256514,0.0023017595780723,0.6260038147763259,0.0107227713957571,0.2146608831913698,2.4135607587745005,2.603674430358061,2.553188253969297,0.0504861763887638,0.0439375166513762,1.7276158968521382,0.0,0.0,0.0,0.0,memory_decay_or_suppression,backward,3,0.0038372273783886,0.0038372273783886,0.0024181349800125,0.6301776623927322,0.0112086601657006,0.2157380939616847,2.4135607587745005,2.520029963319973,2.475039386928599,0.044990576391374,0.0847414211642145,1.638945569963114,0.0,0.0,0.0,0.0,memory_decay_or_suppression,0.0481260983584079,0.0433494068619306,0.078148867040698,0.4815107411673648,False,False,False,0.2108235924092507,True,True,False,False,False,False,0.00011637540194020003,0.0408039045128383,0.7972899682527439
val_cut_e0_e2_probe_e5_e6,fracture_precursor,A,suppression_sensitive_coupling,forward,0.1,3,0.1,0.0036769098256514,0.0036769098256514,0.0023017595780723,0.6260038147763259,0.0107227713957571,0.2146608831913698,2.4135607587745005,2.603674430358061,2.553188253969297,0.0504861763887638,0.0439375166513762,1.7276158968521382,0.0,0.0,0.0,0.0,memory_decay_or_suppression,backward,3,0.0038372273783886,0.0038372273783886,0.0024181349800125,0.6301776623927322,0.0112086601657006,0.2157380939616847,2.4135607587745005,2.520029963319973,2.475039386928599,0.044990576391374,0.0847414211642145,1.638945569963114,0.0,0.0,0.0,0.0,memory_decay_or_suppression,0.0481260983584079,0.0433494068619306,0.078148867040698,0.4815107411673648,False,False,False,0.2108235924092507,True,True,False,False,False,False,0.00011637540194020003,0.0408039045128383,0.7972899682527439
val_cut_e0_e2_probe_e5_e6,fracture_precursor,A,gradient_driven_coupling,forward,0.1,3,0.1,0.0031505882365234,0.0031505882365234,0.0019970817614117,0.6338758386851591,0.0093054397346187,0.2146144425590238,2.347284191955556,2.5719586929453904,2.50852823925488,0.0634304536905103,0.0419115848058084,1.8561054079456225,0.0,0.0,0.0,0.0,memory_decay_or_suppression,backward,3,0.0032914423309832,0.0032914423309832,0.002099296939494,0.6378045633960999,0.0097311450869168,0.2157296927281912,2.347284191955556,2.473308520336432,2.432477917902589,0.0408306024338429,0.0842574757433531,1.679141919417238,0.0,0.0,0.0,0.0,memory_decay_or_suppression,0.0486901953270947,0.0437466863819242,0.0760503213522909,0.5025772557681047,False,False,False,0.2112535343692809,True,True,True,False,False,False,0.00010221517808229989,0.0423458909375447,0.7556622083700042
val_cut_e0_e2_probe_e5_e6,fracture_precursor,A,phase_boundary_resonance,forward,0.1,3,0.1,0.0028379594221683,0.0028379594221683,0.0018180602269427,0.640622347205048,0.0084714840370115,0.2146094142419138,2.319284358020143,2.565705998537835,2.495885130163237,0.069820868374598,0.0416840221882769,1.9030247046830424,0.0,0.0,0.0,0.0,memory_decay_or_suppression,backward,3,0.0029667563381105,0.0029667563381105,0.0019111935702517,0.6442030796586387,0.0088592698590902,0.2157281131120241,2.319284358020143,2.460022512956105,2.420075653180536,0.0399468597755694,0.0841724591368175,1.6913537187634422,0.0,0.0,0.0,0.0,memory_decay_or_suppression,0.0487304607497168,0.0437717586440866,0.0758094769827009,0.5047783726856935,False,False,False,0.2102445177677734,True,True,True,False,False,False,9.313334330900017e-05,0.042488436948540605,0.754864479983314
n10_ring10_two_edges_removed_cut_e1_e4_probe_e7_e8,self_reinforced_transport,C,neutral_coupling,forward,0.1,3,0.1,0.0,0.0,0.0,0.0,0.0,0.0,2.4288048348726483,2.447696767161748,2.447812941772542,-0.000116174610794,0.0098261823696479,1.6950513021107907,0.0,0.0,0.0,0.0,memory_decay_or_suppression,backward,3,0.0,0.0,0.0,0.0,0.0,0.0,2.4288048348726483,2.5176541727111728,2.518620984930019,-0.0009668122188464,0.0178327704217482,2.213813202242953,0.0,0.0,0.0,0.0,memory_decay_or_suppression,0.0,0.0,0.0708080431574771,0.448981726467288,False,False,False,0.1608273643899312,True,True,False,False,False,False,0.0,0.0080065880521003,0.6812302471773471
n10_ring10_two_edges_removed_cut_e2_e5_probe_e8_e9,stable_synchronization_island,B,neutral_coupling,forward,0.1,3,0.1,0.0,0.0,0.0,0.0,0.0,0.0,2.4288048348726483,2.447696767161748,2.447812941772542,-0.000116174610794,0.0098261823696479,1.6950513021107907,0.0,0.0,0.0,0.0,memory_decay_or_suppression,backward,3,0.0,0.0,0.0,0.0,0.0,0.0,2.4288048348726483,2.5176541727111728,2.518620984930019,-0.0009668122188464,0.0178327704217482,2.213813202242953,0.0,0.0,0.0,0.0,memory_decay_or_suppression,0.0,0.0,0.0708080431574771,0.448981726467288,False,False,False,0.1608273643899312,True,True,False,False,False,False,0.0,0.0080065880521003,0.6812302471773471
n10_ring10_two_edges_removed_cut_e2_e5_probe_e8_e9,self_reinforced_transport,C,neutral_coupling,forward,0.1,3,0.1,0.0,0.0,0.0,0.0,0.0,0.0,2.4288048348726483,2.447696767161748,2.447812941772542,-0.000116174610794,0.0098261823696479,1.6950513021107907,0.0,0.0,0.0,0.0,memory_decay_or_suppression,backward,3,0.0,0.0,0.0,0.0,0.0,0.0,2.4288048348726483,2.5176541727111728,2.518620984930019,-0.0009668122188464,0.0178327704217482,2.213813202242953,0.0,0.0,0.0,0.0,memory_decay_or_suppression,0.0,0.0,0.0708080431574771,0.448981726467288,False,False,False,0.1608273643899312,True,True,False,False,False,False,0.0,0.0080065880521003,0.6812302471773471
n10_ring10_two_edges_removed_cut_e1_e4_probe_e7_e8,stable_synchronization_island,B,neutral_coupling,forward,0.1,3,0.1,0.0,0.0,0.0,0.0,0.0,0.0,2.4288048348726483,2.447696767161748,2.447812941772542,-0.000116174610794,0.0098261823696479,1.6950513021107907,0.0,0.0,0.0,0.0,memory_decay_or_suppression,backward,3,0.0,0.0,0.0,0.0,0.0,0.0,2.4288048348726483,2.5176541727111728,2.518620984930019,-0.0009668122188464,0.0178327704217482,2.213813202242953,0.0,0.0,0.0,0.0,memory_decay_or_suppression,0.0,0.0,0.0708080431574771,0.448981726467288,False,False,False,0.1608273643899312,True,True,False,False,False,False,0.0,0.0080065880521003,0.6812302471773471
val_cut_e0_e2_probe_e5_e6,fracture_precursor,A,neutral_coupling,forward,0.05,3,0.1,0.003251058609768,0.003251058609768,0.0024580120728326,0.7560651366577272,0.0114264195061492,0.2151165613611339,2.4288048348726483,2.5847010570377127,2.59657249070595,-0.0118714336682375,0.0771853522544517,1.690394606886628,0.0,0.0,0.0,0.0,memory_decay_or_suppression,backward,3,0.0034184271178456,0.0034184271178456,0.0026033530004531,0.7615645763225422,0.0120043170997266,0.2168680632830391,2.4288048348726483,2.5413604679972632,2.527573060402474,0.0137874075947892,0.1541795856967912,1.573275460830758,0.0,0.0,0.0,0.0,memory_decay_or_suppression,0.0558283596344637,0.0481408137362916,0.0689994303034762,0.4993802071388142,False,False,False,0.1982813227184288,True,True,False,False,False,False,0.00014534092762049982,0.0769942334423395,0.6565695989836404
val_cut_e0_e3_probe_e1_e6,self_reinforced_transport,C,neutral_coupling,forward,0.05,3,0.1,0.0047845366988901,0.0047845366988901,0.0036035749174478,0.7531711309750535,0.0163229277028884,0.2207676823080104,2.4288048348726483,2.5871655902349078,2.596252509435629,-0.0090869192007221,0.0792191030104412,1.7029165684851968,0.0,0.0,0.0,0.0,memory_decay_or_suppression,backward,3,0.0051635901876203,0.0051635901876203,0.0039355142627395,0.7621662678445696,0.0176144441177831,0.2234254022678121,2.4288048348726483,2.544137458239744,2.531035007494248,0.0131024507454959,0.1583563094101987,1.5736994567245413,0.0,0.0,0.0,0.0,memory_decay_or_suppression,0.0843445921032675,0.0733214404147754,0.0652175019413814,0.4997414166445647,False,False,False,0.2092573244755258,True,True,False,False,False,False,0.0003319393452916996,0.0791372063997575,0.6121423866714747
val_cut_e0_e3_probe_e1_e6,fracture_precursor,A,neutral_coupling,forward,0.05,3,0.1,0.0047845366988901,0.0047845366988901,0.0036035749174478,0.7531711309750535,0.0163229277028884,0.2207676823080104,2.4288048348726483,2.5871655902349078,2.596252509435629,-0.0090869192007221,0.0792191030104412,1.7029165684851968,0.0,0.0,0.0,0.0,memory_decay_or_suppression,backward,3,0.0051635901876203,0.0051635901876203,0.0039355142627395,0.7621662678445696,0.0176144441177831,0.2234254022678121,2.4288048348726483,2.544137458239744,2.531035007494248,0.0131024507454959,0.1583563094101987,1.5736994567245413,0.0,0.0,0.0,0.0,memory_decay_or_suppression,0.0843445921032675,0.0733214404147754,0.0652175019413814,0.4997414166445647,False,False,False,0.2092573244755258,True,True,False,False,False,False,0.0003319393452916996,0.0791372063997575,0.6121423866714747
n10_ring10_two_edges_removed_cut_e1_e4_probe_e7_e8,stable_synchronization_island,B,neutral_coupling,forward,0.2,3,0.1,0.0,0.0,0.0,0.0,0.0,0.0,2.4288048348726483,2.4399444613669967,2.439945488559541,-1.027192544800215e-06,0.0005123586018278,1.7311249161974551,0.0,0.0,0.0,0.0,memory_decay_or_suppression,backward,3,0.0,0.0,0.0,0.0,0.0,0.0,2.4288048348726483,2.4380144660647005,2.438033043972892,-1.857790819137506e-05,0.0011513727385142,2.659648787743964,0.0,0.0,0.0,0.0,memory_decay_or_suppression,0.0,0.0,0.0019124445866496,0.5550019683078365,False,False,False,0.1414640775111328,True,True,True,False,False,False,0.0,0.0006390141366864,0.5979013765918602
n10_ring10_two_edges_removed_cut_e2_e5_probe_e8_e9,stable_synchronization_island,B,neutral_coupling,forward,0.2,3,0.1,0.0,0.0,0.0,0.0,0.0,0.0,2.4288048348726483,2.4399444613669967,2.439945488559541,-1.027192544800215e-06,0.0005123586018278,1.7311249161974551,0.0,0.0,0.0,0.0,memory_decay_or_suppression,backward,3,0.0,0.0,0.0,0.0,0.0,0.0,2.4288048348726483,2.4380144660647005,2.438033043972892,-1.857790819137506e-05,0.0011513727385142,2.659648787743964,0.0,0.0,0.0,0.0,memory_decay_or_suppression,0.0,0.0,0.0019124445866496,0.5550019683078365,False,False,False,0.1414640775111328,True,True,True,False,False,False,0.0,0.0006390141366864,0.5979013765918602
n10_ring10_two_edges_removed_cut_e1_e4_probe_e7_e8,self_reinforced_transport,C,neutral_coupling,forward,0.2,3,0.1,0.0,0.0,0.0,0.0,0.0,0.0,2.4288048348726483,2.4399444613669967,2.439945488559541,-1.027192544800215e-06,0.0005123586018278,1.7311249161974551,0.0,0.0,0.0,0.0,memory_decay_or_suppression,backward,3,0.0,0.0,0.0,0.0,0.0,0.0,2.4288048348726483,2.4380144660647005,2.438033043972892,-1.857790819137506e-05,0.0011513727385142,2.659648787743964,0.0,0.0,0.0,0.0,memory_decay_or_suppression,0.0,0.0,0.0019124445866496,0.5550019683078365,False,False,False,0.1414640775111328,True,True,True,False,False,False,0.0,0.0006390141366864,0.5979013765918602
n10_ring10_two_edges_removed_cut_e2_e5_probe_e8_e9,self_reinforced_transport,C,neutral_coupling,forward,0.2,3,0.1,0.0,0.0,0.0,0.0,0.0,0.0,2.4288048348726483,2.4399444613669967,2.439945488559541,-1.027192544800215e-06,0.0005123586018278,1.7311249161974551,0.0,0.0,0.0,0.0,memory_decay_or_suppression,backward,3,0.0,0.0,0.0,0.0,0.0,0.0,2.4288048348726483,2.4380144660647005,2.438033043972892,-1.857790819137506e-05,0.0011513727385142,2.659648787743964,0.0,0.0,0.0,0.0,memory_decay_or_suppression,0.0,0.0,0.0019124445866496,0.5550019683078365,False,False,False,0.1414640775111328,True,True,True,False,False,False,0.0,0.0006390141366864,0.5979013765918602
val_cut_e0_e2_probe_e5_e6,fracture_precursor,A,phase_boundary_resonance,forward,0.05,3,0.1,0.0042878997350333,0.0042878997350333,0.0031869151142575,0.7432345228309248,0.0148079337262775,0.2152167326763621,2.319284358020143,2.564898697009278,2.5911343017483426,-0.0262356047390643,0.0819366974459371,1.8426505887534772,0.0,0.0,0.0,0.0,memory_decay_or_suppression,backward,3,0.0044946058919923,0.0044946058919923,0.003365080743281,0.7486931720815883,0.0155158849975117,0.2168797167432386,2.319284358020143,2.557960885374741,2.5445670457210925,0.013393839653649,0.1549284415283989,1.54804388959526,0.0,0.0,0.0,0.0,memory_decay_or_suppression,0.0529454246606819,0.0456275147245587,0.04656725602725,0.4711319843013528,False,False,False,0.176389816355822,True,True,False,False,False,False,0.00017816562902350005,0.07299174408246181,0.5838670330134519
val_cut_e0_e1_probe_e3_e6,fracture_precursor,A,neutral_coupling,forward,0.05,3,0.1,0.0055901454359368,0.0055901454359368,0.0042051069738902,0.7522357014372087,0.0189904259301683,0.2214329994152463,2.4288048348726483,2.5876950923746684,2.596880747359024,-0.0091856549843556,0.079498251885945,1.7021570027542736,0.0,0.0,0.0,0.0,memory_decay_or_suppression,backward,3,0.0061194181714632,0.0061194181714632,0.004669461030361,0.7630563721520403,0.0207901010530285,0.2246002084574213,2.4288048348726483,2.5469355128168347,2.534326896434521,0.0126086163823138,0.1593190193234643,1.5703447250256937,0.0,0.0,0.0,0.0,memory_decay_or_suppression,0.0994448938222498,0.0865640392118989,0.0625538509245031,0.5010121690176781,False,False,False,0.2120213819555337,True,True,False,False,False,False,0.00046435405647079955,0.07982076743751929,0.5820406479764934
val_cut_e0_e2_probe_e5_e6,fracture_precursor,A,gradient_driven_coupling,forward,0.05,3,0.1,0.0047144774230524,0.0047144774230524,0.003471471616967,0.7363428233331185,0.016129394111014,0.2152264116726179,2.347284191955556,2.56671970835881,2.5978339292541235,-0.0311142208953136,0.0829268131397345,1.7883609396864948,0.0,0.0,0.0,0.0,memory_decay_or_suppression,backward,3,0.0049352658700605,0.0049352658700605,0.0036618867819718,0.7419836899658098,0.0168841618694463,0.2168829468875439,2.347284191955556,2.5690255199374894,2.5556526654240894,0.0133728545133999,0.1553954326227511,1.5304234935080767,0.0,0.0,0.0,0.0,memory_decay_or_suppression,0.0519991950298025,0.0447027080303812,0.042181263830034,0.466349739238991,False,False,False,0.1671984848044855,True,True,False,False,False,False,0.00019041516500479996,0.0724686194830166,0.5652381181736855
val_cut_e0_e2_probe_e4_e5,fracture_precursor,A,suppression_sensitive_coupling,forward,0.05,3,0.1,0.0044155062481678,0.0044155062481678,0.0032268878705017,0.7308081312555854,0.0152014671583762,0.2122747651185527,2.4135607587745005,2.588362543325156,2.6283149202934646,-0.039952376968309,0.0888384108417679,1.6096768518840112,0.0,0.0,0.0,0.0,memory_decay_or_suppression,backward,3,0.0045710753898794,0.0045710753898794,0.0033595512890118,0.7349586260850383,0.0157332800468128,0.2135315254680431,2.4135607587745005,2.61185226113575,2.5976151787298303,0.0142370824059203,0.1555734989488758,1.48150601909335,0.0,0.0,0.0,0.0,memory_decay_or_suppression,0.0394884337395199,0.0338017811175037,0.0306997415636343,0.4289617997767681,False,False,False,0.1449957767676916,True,True,False,False,False,False,0.00013266341851009972,0.06673508810710789,0.5196508808301477
val_cut_e0_e2_probe_e5_e6,fracture_precursor,A,suppression_sensitive_coupling,forward,0.05,3,0.1,0.005465461227451,0.005465461227451,0.0039853698919947,0.7291918697087255,0.0185088954501616,0.2153218652472302,2.4135607587745005,2.589949486610256,2.628911101178748,-0.0389616145684916,0.0898959353246032,1.61482108914058,0.0,0.0,0.0,0.0,memory_decay_or_suppression,backward,3,0.0057084140559925,0.0057084140559925,0.0041932570229556,0.7345747840101263,0.0193330054044076,0.2168962835959099,2.4135607587745005,2.612692840757423,2.5986704049709903,0.0140224357864324,0.1577206895967833,1.4702536221904097,0.0,0.0,0.0,0.0,memory_decay_or_suppression,0.0495765295981728,0.0426270999756457,0.0302406962077572,0.4300307996696286,False,False,False,0.1494661703360718,True,True,False,False,False,False,0.0002078871309608996,0.06782475427218009,0.5017560452193848
val_cut_e0_e2_probe_e5_e6,fracture_precursor,A,suppression_sensitive_coupling,forward,0.05,3,0.1,0.005465461227451,0.005465461227451,0.0039853698919947,0.7291918697087255,0.0185088954501616,0.2153218652472302,2.4135607587745005,2.589949486610256,2.628911101178748,-0.0389616145684916,0.0898959353246032,1.61482108914058,0.0,0.0,0.0,0.0,memory_decay_or_suppression,backward,3,0.0057084140559925,0.0057084140559925,0.0041932570229556,0.7345747840101263,0.0193330054044076,0.2168962835959099,2.4135607587745005,2.612692840757423,2.5986704049709903,0.0140224357864324,0.1577206895967833,1.4702536221904097,0.0,0.0,0.0,0.0,memory_decay_or_suppression,0.0495765295981728,0.0426270999756457,0.0302406962077572,0.4300307996696286,False,False,False,0.1494661703360718,True,True,False,False,False,False,0.0002078871309608996,0.06782475427218009,0.5017560452193848
val_cut_e0_e2_probe_e5_e6,fracture_precursor,A,suppression_sensitive_coupling,forward,0.05,3,0.1,0.005465461227451,0.005465461227451,0.0039853698919947,0.7291918697087255,0.0185088954501616,0.2153218652472302,2.4135607587745005,2.589949486610256,2.628911101178748,-0.0389616145684916,0.0898959353246032,1.61482108914058,0.0,0.0,0.0,0.0,memory_decay_or_suppression,backward,3,0.0057084140559925,0.0057084140559925,0.0041932570229556,0.7345747840101263,0.0193330054044076,0.2168962835959099,2.4135607587745005,2.612692840757423,2.5986704049709903,0.0140224357864324,0.1577206895967833,1.4702536221904097,0.0,0.0,0.0,0.0,memory_decay_or_suppression,0.0495765295981728,0.0426270999756457,0.0302406962077572,0.4300307996696286,False,False,False,0.1494661703360718,True,True,False,False,False,False,0.0002078871309608996,0.06782475427218009,0.5017560452193848
val_cut_e0_e2_probe_e5_e6,fracture_precursor,A,suppression_sensitive_coupling,forward,0.05,3,0.1,0.005465461227451,0.005465461227451,0.0039853698919947,0.7291918697087255,0.0185088954501616,0.2153218652472302,2.4135607587745005,2.589949486610256,2.628911101178748,-0.0389616145684916,0.0898959353246032,1.61482108914058,0.0,0.0,0.0,0.0,memory_decay_or_suppression,backward,3,0.0057084140559925,0.0057084140559925,0.0041932570229556,0.7345747840101263,0.0193330054044076,0.2168962835959099,2.4135607587745005,2.612692840757423,2.5986704049709903,0.0140224357864324,0.1577206895967833,1.4702536221904097,0.0,0.0,0.0,0.0,memory_decay_or_suppression,0.0495765295981728,0.0426270999756457,0.0302406962077572,0.4300307996696286,False,False,False,0.1494661703360718,True,True,False,False,False,False,0.0002078871309608996,0.06782475427218009,0.5017560452193848
val_cut_e0_e2_probe_e5_e6,self_reinforced_transport,C,suppression_sensitive_coupling,forward,0.05,3,0.1,0.005465461227451,0.005465461227451,0.0039853698919947,0.7291918697087255,0.0185088954501616,0.2153218652472302,2.4135607587745005,2.589949486610256,2.628911101178748,-0.0389616145684916,0.0898959353246032,1.61482108914058,0.0,0.0,0.0,0.0,memory_decay_or_suppression,backward,3,0.0057084140559925,0.0057084140559925,0.0041932570229556,0.7345747840101263,0.0193330054044076,0.2168962835959099,2.4135607587745005,2.612692840757423,2.5986704049709903,0.0140224357864324,0.1577206895967833,1.4702536221904097,0.0,0.0,0.0,0.0,memory_decay_or_suppression,0.0495765295981728,0.0426270999756457,0.0302406962077572,0.4300307996696286,False,False,False,0.1494661703360718,True,True,False,False,False,False,0.0002078871309608996,0.06782475427218009,0.5017560452193848
