phase14_case_key,source_table,model_name,case_category,phase14_initial_basin_class,X_transport_memory,Y_topology_memory,E_entropy_memory,M_memory_strength,Z_basin_survival,P_erasure,P_topology_only_survival,R_memory_retention,XY_memory_radius,topology_minus_transport_memory,transport_topology_asymmetry,normalized_entropy_memory,normalized_memory_strength,basin_depth_proxy,basin_depth_proxy_norm,phase14_basin_class,relaxation_layer
0,hysteresis,neutral_coupling,fracture_precursor,coupled_memory_basin,0.7671014308863727,0.5852246024968951,0.0683188875623339,0.5665405975352875,1.0,0.0,1.0,0.9999986423962064,0.9648484029294805,-0.1818768283894776,-0.13449184878466117,0.02769817992628787,0.5674845764885416,1.9999986423962064,0.8626298553985134,stable_coupled_memory_basin,transport_and_topology_unrelaxed
1,hysteresis,neutral_coupling,fracture_precursor,transport_dominant_basin,0.6411378529154506,0.1107276714517892,0.0026770736118013,0.3508698277358648,0.6266666666666667,0.1466666666666666,0.2666666666666666,0.3822647866814973,0.6506292059738552,-0.5304101814636614,-0.7054588410731324,0.0008227411320236777,0.34201239630966984,0.8622647866814973,0.37190792657695104,transport_dominant_basin,transport_unrelaxed_topology_relaxed
2,hysteresis,neutral_coupling,fracture_precursor,transition_basin,0.3815645140317336,0.3478964161946532,0.0670544843837106,0.3246754594604195,0.6133333333333333,0.16,0.26,0.3880313970596875,0.5163558799600876,-0.03366809783708036,-0.04615476503530542,0.027180500901391152,0.31462759433133175,0.8413647303930208,0.3628934141909083,transition_basin,intermediate_relaxation
3,hysteresis,neutral_coupling,fracture_precursor,transition_basin,0.0843445921032675,0.4997414166445647,0.0652175019413814,0.2092573244755258,0.7066666666666667,0.1266666666666666,0.36,0.4418386452849048,0.5068091294826712,0.41539682454129717,0.7111911915697429,0.02642839327023761,0.19396414721040003,1.4372354698262018,0.6199015335452323,transition_basin,intermediate_relaxation
4,hysteresis,neutral_coupling,fracture_precursor,transition_basin,0.4740948020234867,0.4744902873061405,0.0372189449449167,0.3778660760556944,0.6933333333333334,0.1066666666666666,0.32,0.4209097243949329,0.6707510074935056,0.000395485282653818,0.00041692125155888093,0.014965067386933024,0.37023552070887844,1.0079718763442533,0.4347536120798823,transition_basin,intermediate_relaxation
5,hysteresis,neutral_coupling,fracture_precursor,transition_basin,0.6822522746887347,0.4146541634030529,0.1546212173210377,0.580837036604303,0.7,0.0866666666666666,0.2733333333333333,0.4264360236761521,0.7983772551528747,-0.26759811128568184,-0.2439570978824409,0.06303256271742082,0.5824307339519901,1.0397693570094855,0.4484683494636152,transition_basin,intermediate_relaxation
6,hysteresis,neutral_coupling,fracture_precursor,transition_basin,0.7805068101319568,0.4236564461229901,0.2310393002032063,0.6659873426378876,0.5733333333333334,0.2,0.3,0.3893974901511021,0.8880741326060141,-0.3568503640089667,-0.2963471623594513,0.09432008184086312,0.6714507952340352,0.7627308234844354,0.328977413295676,transition_basin,intermediate_relaxation
7,hysteresis,neutral_coupling,fracture_precursor,coupled_memory_basin,0.88569566137908,0.8536314102393115,0.0879002006589244,0.7275904837930725,0.5666666666666667,0.1733333333333333,0.1933333333333333,0.3468587491709503,1.2300989346930116,-0.03206425113976841,-0.01843486004614138,0.035715270709844316,0.7358535631893035,0.7401920825042836,0.31925611126055126,stable_coupled_memory_basin,transport_and_topology_unrelaxed
8,hysteresis,neutral_coupling,fracture_precursor,transport_dominant_basin,0.7912281806168585,0.3939170328193763,0.1736779109861088,0.6406930361962151,1.0,0.0,1.0,0.9999986423962064,0.8838623549781299,-0.3973111477974822,-0.33524258740004925,0.07083486087759384,0.6450069594522071,1.9999986423962064,0.8626298553985134,transport_dominant_basin,transport_unrelaxed_topology_relaxed
9,hysteresis,neutral_coupling,fracture_precursor,transport_dominant_basin,0.5402483288088658,0.3386540289952827,0.212502144118579,0.5230553983518689,0.5933333333333334,0.1666666666666666,0.2666666666666666,0.390626565744966,0.6376165055387997,-0.20159429981358307,-0.22937053021113443,0.08673049566416849,0.5220231415684714,0.8172932324116328,0.352511010731858,transport_dominant_basin,transport_unrelaxed_topology_relaxed
10,hysteresis,neutral_coupling,fracture_precursor,topology_only_basin,0.0757725880889391,0.5245960709722814,0.0809796110829594,0.2376442272487822,0.6733333333333333,0.1666666666666666,0.3266666666666666,0.4150388538214856,0.5300401143170684,0.44882348288334234,0.7475798013580645,0.03288180419855573,0.22364112598116395,1.3705290033714947,0.591130019259089,stable_topology_only_basin,transport_relaxed_topology_persistent
11,hysteresis,neutral_coupling,fracture_precursor,transition_basin,0.6009240700106019,0.4871928580304351,0.1084346041354114,0.5119708012482065,0.6,0.1533333333333333,0.2733333333333333,0.3994127036401095,0.7736062427578841,-0.11373121198016678,-0.1045211310008891,0.044122581090159825,0.5104347919850228,0.8460793703067762,0.3649269101447786,transition_basin,intermediate_relaxation
12,hysteresis,neutral_coupling,fracture_precursor,transition_basin,0.8107130297244122,0.4579281971706357,0.232688256174534,0.6986580796284204,0.62,0.2,0.2866666666666667,0.39091407224797,0.9311035658447905,-0.35278483255377646,-0.27808085144523176,0.09499520662207729,0.7056062920784002,0.81091407224797,0.34975958185941064,transition_basin,intermediate_relaxation
13,hysteresis,neutral_coupling,fracture_precursor,coupled_memory_basin,0.8899328355531735,0.5156532943461981,0.3077528663473674,0.7761228953695434,0.6333333333333333,0.1733333333333333,0.28,0.3972767936092722,1.028532338706858,-0.3742795412069754,-0.2662800473376216,0.12572857937493243,0.7865915869727865,0.8572767936092722,0.3697565292452673,stable_coupled_memory_basin,transport_and_topology_unrelaxed
14,hysteresis,neutral_coupling,fracture_precursor,coupled_memory_basin,0.900861251138424,0.9653677908975,0.2149126338088938,0.857301390914895,0.6,0.1533333333333333,0.28,0.4000696909720036,1.3204112864956152,0.06450653975907605,0.03456517839239572,0.08771741184209557,0.8714593341935797,0.9112428973977462,0.39303293119906935,stable_coupled_memory_basin,transport_and_topology_unrelaxed
15,hysteresis,neutral_coupling,fracture_precursor,transition_basin,0.8097120678294928,0.4804979138548393,0.3457238418518256,0.7419255230953363,0.5866666666666667,0.22,0.18,0.3345502425308141,0.9415475973138935,-0.3292141539746535,-0.2551632359444458,0.1412748686486811,0.7508400751187467,0.7012169091974808,0.3024455257926043,transition_basin,intermediate_relaxation
16,hysteresis,neutral_coupling,fracture_precursor,transport_dominant_basin,0.5676211641796782,0.245275479481812,0.2076121593526236,0.5126238664897044,1.0,0.0,1.0,0.9999986423962064,0.6183476747427179,-0.32234568469786623,-0.3965395689734232,0.0847284107373053,0.5111175365402378,1.9999986423962064,0.8626298553985134,transport_dominant_basin,transport_unrelaxed_topology_relaxed
17,hysteresis,neutral_coupling,fracture_precursor,transition_basin,0.0476986299738319,0.3366193975081525,0.006868176748525,0.1192552922894393,0.64,0.16,0.36,0.425273482818446,0.3399820261133405,0.2889207675343206,0.7517752144663902,0.0025386860313579614,0.09987186740633253,1.1941942503527667,0.5150741563830861,transition_basin,intermediate_relaxation
18,hysteresis,neutral_coupling,fracture_precursor,transport_dominant_basin,0.6029286848789541,0.3139314340353988,0.082703513259406,0.453325582783194,0.66,0.12,0.3333333333333333,0.4151773764508494,0.6797616820072953,-0.2889972508435553,-0.3152032080809007,0.03358761387446298,0.44912437297613234,0.9551773764508494,0.41198254071839396,transport_dominant_basin,transport_unrelaxed_topology_relaxed
19,hysteresis,neutral_coupling,fracture_precursor,transport_dominant_basin,0.8198013854209366,0.3835720517644286,0.170442115521042,0.6515371281124319,0.6533333333333333,0.1266666666666666,0.3466666666666667,0.4305198247978219,0.9050976910990661,-0.436229333656508,-0.36250537046626663,0.06951004339101896,0.6563438738086746,0.9571864914644886,0.4128491026034651,transport_dominant_basin,transport_unrelaxed_topology_relaxed
20,hysteresis,neutral_coupling,fracture_precursor,coupled_memory_basin,0.9025363738655996,0.5752524447040153,0.2729367969605518,0.7879571816931549,0.7,0.12,0.36,0.4603808109567611,1.0702743953250549,-0.32728392916158433,-0.2214686733644042,0.11147398941848552,0.7989636962796123,1.0403808109567612,0.44873207885769584,stable_coupled_memory_basin,transport_and_topology_unrelaxed
21,hysteresis,suppression_sensitive_coupling,fracture_precursor,coupled_memory_basin,0.9999999998722978,0.7188798531265163,0.1132350994722344,0.777321503857715,0.6733333333333333,0.16,0.2933333333333333,0.4006284120023375,1.2315795723280722,-0.28112014674578156,-0.16354845642943955,0.04608802675417153,0.7878446676255811,0.9139617453356709,0.39420561169685836,stable_coupled_memory_basin,transport_and_topology_unrelaxed
22,hysteresis,suppression_sensitive_coupling,fracture_precursor,transport_dominant_basin,0.9999999998179472,0.3517689806787135,0.0537030330020309,0.624969556038296,0.6133333333333333,0.14,0.2733333333333333,0.3807261614866457,1.060066703280334,-0.6482310191392338,-0.47954275360023735,0.021714074962989497,0.6285689073485199,0.854059494819979,0.3683688593086234,transport_dominant_basin,transport_unrelaxed_topology_relaxed
23,hysteresis,suppression_sensitive_coupling,fracture_precursor,transport_dominant_basin,0.8587794605536964,0.1721088332547462,0.0106870905364528,0.4855983341439499,0.6,0.2133333333333333,0.2066666666666666,0.3516034535967096,0.875855931277061,-0.6866706272989501,-0.6660960565974567,0.00410224708476472,0.4828637972682959,0.7382701202633762,0.3184271396928661,transport_dominant_basin,transport_unrelaxed_topology_relaxed
24,hysteresis,suppression_sensitive_coupling,fracture_precursor,transition_basin,0.111405985301076,0.429897283728207,0.0345148232710119,0.1843828304815856,1.0,0.0,1.0,0.9999986423962064,0.4440979262705401,0.31849129842713103,0.5883786717151954,0.013857930759142104,0.167959202743999,2.3184899408233375,0.9999999999995687,transition_basin,intermediate_relaxation
25,hysteresis,suppression_sensitive_coupling,fracture_precursor,transition_basin,0.9083551757370264,0.4579184558109067,0.0468811484463325,0.6030750046055356,0.6,0.1533333333333333,0.2933333333333333,0.3830376247890203,1.0172504300615899,-0.4504367199261197,-0.3296826561861282,0.01892102081344431,0.6056793324182962,0.8297042914556869,0.3578640893997953,transition_basin,intermediate_relaxation
26,hysteresis,suppression_sensitive_coupling,fracture_precursor,transition_basin,0.9999999998251364,0.4281825095954408,0.17720621189775,0.7557676161407011,0.6733333333333333,0.16,0.3533333333333333,0.4224227820062537,1.087814442436633,-0.5718174902296956,-0.4003812443139954,0.07227943758094361,0.7653112382721021,0.9357561153395869,0.40360585520025133,transition_basin,intermediate_relaxation
27,hysteresis,suppression_sensitive_coupling,fracture_precursor,transition_basin,0.999999999874588,0.4618461723007132,0.2756680890049363,0.8135532797303201,0.6733333333333333,0.14,0.3266666666666666,0.4139289050310881,1.1014998350512795,-0.5381538275738749,-0.3681330073004238,0.11259225029140159,0.8257230389289619,0.9472622383644215,0.40856862118954157,transition_basin,intermediate_relaxation
28,hysteresis,suppression_sensitive_coupling,fracture_precursor,coupled_memory_basin,0.9999999998522602,0.9063107425945988,0.0567230564188978,0.7651806267786764,0.7333333333333333,0.0933333333333333,0.4133333333333333,0.4579043961665741,1.3495922205788287,-0.09368925725766142,-0.049146896763198604,0.022950549850146277,0.7751520341878632,1.097904396166574,0.4735428766950849,stable_coupled_memory_basin,transport_and_topology_unrelaxed
29,hysteresis,suppression_sensitive_coupling,fracture_precursor,coupled_memory_basin,0.9999999997366716,0.5860108586986196,0.1266247072160675,0.7687891291598844,0.6733333333333333,0.1066666666666666,0.2866666666666667,0.4155591812049068,1.1590551004961054,-0.41398914103805207,-0.26102541406697544,0.05157007488388616,0.7789245291802457,0.9822258478715736,0.4236489581327853,stable_coupled_memory_basin,transport_and_topology_unrelaxed
30,hysteresis,suppression_sensitive_coupling,fracture_precursor,transport_dominant_basin,0.9999999992563502,0.1507626054565258,0.1787838479777965,0.6872879900730977,0.5933333333333334,0.1333333333333333,0.2133333333333333,0.3700494293141391,1.0113008265183712,-0.8492373937998243,-0.7379779203122241,0.07292536217316871,0.6937194755049171,0.8300494293141392,0.35801295261130855,transport_dominant_basin,transport_unrelaxed_topology_relaxed
31,hysteresis,suppression_sensitive_coupling,fracture_precursor,transition_basin,0.0,0.4809040877455538,0.0815763101751918,0.1941931087711223,0.6133333333333333,0.1866666666666666,0.2,0.3475675945914972,0.4809040877455538,0.4809040877455538,0.9999999999979207,0.03312610807998061,0.1782153206043861,1.2551383490037178,0.5413602737294837,transition_basin,intermediate_relaxation
32,hysteresis,suppression_sensitive_coupling,fracture_precursor,transition_basin,0.9999999993290216,0.48280954030664,0.1387413921667701,0.7515672308102538,1.0,0.0,1.0,0.9999986423962064,1.1104526333298292,-0.5171904590223817,-0.3487908899946185,0.0565309558404574,0.7609199615175929,1.9999986423962064,0.8626298553985134,transition_basin,intermediate_relaxation
33,hysteresis,suppression_sensitive_coupling,fracture_precursor,transition_basin,0.9999999997478836,0.4725675174074785,0.2989599187628218,0.8199100865574573,0.6666666666666666,0.0866666666666666,0.36,0.4176137589525846,1.1060380002533523,-0.5274324823404051,-0.35817202009108323,0.12212852157019666,0.8323687382772026,0.9976137589525848,0.43028599839336973,transition_basin,intermediate_relaxation
34,hysteresis,suppression_sensitive_coupling,fracture_precursor,coupled_memory_basin,0.9999999998548892,0.5492199698413505,0.3876027942223143,0.8586810428347845,0.6266666666666667,0.1266666666666666,0.3,0.4063820997235357,1.1408955144895225,-0.4507800300135387,-0.2909722562520502,0.15842118367966362,0.8729016860085926,0.9063820997235358,0.3909363951785239,stable_coupled_memory_basin,transport_and_topology_unrelaxed
35,hysteresis,suppression_sensitive_coupling,fracture_precursor,coupled_memory_basin,0.9999999998052932,0.9791979493835506,0.2302949124502951,0.9243338010102068,0.7066666666666667,0.12,0.3333333333333333,0.4295068032917734,1.3995815887927139,-0.020802050421742546,-0.01051034356126812,0.09401531044152853,0.941538110565966,1.01617346995844,0.4382910842378467,stable_coupled_memory_basin,transport_and_topology_unrelaxed
36,hysteresis,suppression_sensitive_coupling,fracture_precursor,coupled_memory_basin,0.9999999994507266,0.6476709065936054,0.343544789535505,0.8796173063123255,0.7266666666666667,0.0533333333333333,0.3333333333333333,0.4397074493129914,1.1914183153490783,-0.3523290928571212,-0.213834626541271,0.14038270885552082,0.8947894224666701,1.1130407826463249,0.48007143056682144,stable_coupled_memory_basin,transport_and_topology_unrelaxed
37,hysteresis,suppression_sensitive_coupling,fracture_precursor,transition_basin,0.0,0.1640457355506978,0.2721440158666151,0.238052750414285,0.5733333333333334,0.16,0.28,0.3912525456721791,0.1640457355506978,0.1640457355506978,0.9999999999939041,0.11114940454666278,0.22406821495972676,0.9686316145562103,0.4177855583931557,transition_basin,intermediate_relaxation
38,hysteresis,suppression_sensitive_coupling,fracture_precursor,transition_basin,0.0,0.327872965691348,0.0155871870212793,0.097812078957851,0.58,0.1933333333333333,0.2466666666666666,0.359843684556726,0.327872965691348,0.327872965691348,0.9999999999969501,0.006108472008152524,0.07745414216516819,1.0743833169147405,0.463397877211727,transition_basin,intermediate_relaxation
39,hysteresis,suppression_sensitive_coupling,fracture_precursor,transition_basin,0.0,0.3157315296592852,0.1192325269589482,0.1887893249918521,0.4866666666666667,0.2066666666666666,0.1666666666666666,0.3145966420019945,0.3157315296592852,0.3157315296592852,0.9999999999968329,0.04854352707693351,0.17256595555106705,0.9103281716612797,0.3926383960663694,transition_basin,intermediate_relaxation
40,hysteresis,suppression_sensitive_coupling,fracture_precursor,transport_dominant_basin,0.9999999994776236,0.396032764981562,0.2446600851552425,0.783619535623188,1.0,0.0,1.0,0.9999986423962064,1.0755658742699996,-0.6039672344960616,-0.4326311314975491,0.09989677983681047,0.7944289208107375,1.9999986423962064,0.8626298553985134,transport_dominant_basin,transport_unrelaxed_topology_relaxed
41,hysteresis,suppression_sensitive_coupling,fracture_precursor,coupled_memory_basin,0.9999999998086336,0.6031769313759571,0.3643680508759486,0.8707697229798291,0.5733333333333334,0.14,0.3066666666666666,0.3949959427104741,1.167828073888183,-0.39682306843267656,-0.24752294067705655,0.14890828503892423,0.8855397503616024,0.8283292760438075,0.3572710243242615,stable_coupled_memory_basin,transport_and_topology_unrelaxed
42,hysteresis,gradient_driven_coupling,fracture_precursor,coupled_memory_basin,0.9999999998436064,0.6635339844331468,0.110754287767453,0.7599836361151441,0.7266666666666667,0.1066666666666666,0.3066666666666666,0.4311083431956266,1.200115556179879,-0.3364660154104596,-0.20225977863418348,0.045072318943564844,0.7697188602052895,1.0511083431956265,0.4533590267904745,stable_coupled_memory_basin,transport_and_topology_unrelaxed
43,hysteresis,gradient_driven_coupling,fracture_precursor,transport_dominant_basin,0.9999999997716128,0.2449010309642525,0.0379975674471304,0.5863478066907448,0.6133333333333333,0.16,0.2933333333333333,0.3934248067197383,1.0295516084736012,-0.7550989688073603,-0.6065534128125929,0.01528385536890212,0.5881919474303401,0.8467581400530716,0.36521967386755505,transport_dominant_basin,transport_unrelaxed_topology_relaxed
44,hysteresis,gradient_driven_coupling,fracture_precursor,transport_dominant_basin,0.9683573312709172,0.2638978548680093,0.0313863963236711,0.5701959633135599,0.6133333333333333,0.12,0.28,0.3879284248172951,1.0036722566804712,-0.7044594764029078,-0.5716831094131133,0.012577072691920727,0.5713060646398791,0.8812617581506285,0.3801016095145517,transport_dominant_basin,transport_unrelaxed_topology_relaxed
45,hysteresis,gradient_driven_coupling,fracture_precursor,transition_basin,0.147222642370198,0.4654569778833519,0.0465272750071745,0.2220202243560331,0.6,0.18,0.3,0.3814722521555679,0.4881851131351368,0.3182343355131539,0.5194139399984239,0.018776135969735177,0.20730707200330975,1.1197065876687218,0.4829464937297122,transition_basin,intermediate_relaxation
46,hysteresis,gradient_driven_coupling,fracture_precursor,transition_basin,0.9999999996216884,0.4652456664521943,0.0451674944950437,0.6491370467495807,0.5666666666666667,0.2,0.2533333333333333,0.3643814112227664,1.1029295214998658,-0.5347543331694942,-0.36495882264030194,0.01821940702322946,0.6538347179411828,0.731048077889433,0.31531216289405567,transition_basin,intermediate_relaxation
47,hysteresis,gradient_driven_coupling,fracture_precursor,transition_basin,0.9999999997818164,0.4203267132238779,0.1700849701023985,0.7518778967263932,0.5533333333333333,0.1533333333333333,0.2133333333333333,0.3477656211347174,1.0847463046322035,-0.5796732865579386,-0.4081267227107391,0.06936381891515914,0.7612447460096423,0.7477656211347175,0.32252269374472675,transition_basin,intermediate_relaxation
48,hysteresis,gradient_driven_coupling,fracture_precursor,transition_basin,0.9999999998467664,0.4428009215317632,0.2566336877402233,0.7972373451805805,1.0,0.0,1.0,0.9999986423962064,1.0936510667497708,-0.5571990783150031,-0.38619262717287356,0.10479907921052978,0.8086656076506905,1.9999986423962064,0.8626298553985134,transition_basin,intermediate_relaxation
49,hysteresis,gradient_driven_coupling,fracture_precursor,coupled_memory_basin,0.9999999998177588,0.8854109777839242,0.0467699122090961,0.7555789348649009,0.7,0.0866666666666666,0.2866666666666667,0.4179942914093461,1.335646884178525,-0.11458902203383459,-0.06077668126210634,0.01887547785072539,0.7651139821550438,1.0313276247426792,0.4448273018497511,stable_coupled_memory_basin,transport_and_topology_unrelaxed
50,hysteresis,gradient_driven_coupling,fracture_precursor,coupled_memory_basin,0.9999999996557524,0.5062575684517224,0.1298344453006685,0.7518269970496017,0.6,0.1133333333333333,0.3066666666666666,0.3899996932280585,1.120846432356438,-0.49374243120402994,-0.3277941579567038,0.052884223811935596,0.7611915331375073,0.8766663598947252,0.3781195443026279,stable_coupled_memory_basin,transport_and_topology_unrelaxed
51,hysteresis,gradient_driven_coupling,fracture_precursor,transport_dominant_basin,0.9999999987508316,0.2445548694667512,0.1854073373635003,0.7130119662857864,0.6533333333333333,0.1333333333333333,0.2533333333333333,0.384445732632047,1.029469320417837,-0.7554451292840804,-0.607000260555327,0.0756371882620103,0.7206125079030418,0.904445732632047,0.39010121057953434,transport_dominant_basin,transport_unrelaxed_topology_relaxed
52,hysteresis,gradient_driven_coupling,fracture_precursor,topology_only_basin,0.0,0.501158838582723,0.0788879341430113,0.1950551158081457,0.6,0.1933333333333333,0.28,0.3854418340073615,0.501158838582723,0.501158838582723,0.9999999999980047,0.03202541812093587,0.17911650255939998,1.293267339256751,0.5578058875670303,stable_topology_only_basin,transport_relaxed_topology_persistent
53,hysteresis,gradient_driven_coupling,fracture_precursor,transition_basin,0.9999999989191346,0.4839172612798846,0.1233380280456506,0.7374884186315549,0.6866666666666666,0.14,0.2666666666666666,0.3950934444547178,1.110934702672886,-0.51608273763925,-0.3477840385586502,0.050224424305925455,0.7462013212530252,0.9417601111213844,0.40619546996461936,transition_basin,intermediate_relaxation
54,hysteresis,gradient_driven_coupling,fracture_precursor,transition_basin,0.9999999996724244,0.4649872157254052,0.2635953366177563,0.8082110895451731,0.6266666666666667,0.1,0.2533333333333333,0.3815204829216297,1.1028205248964644,-0.5350127839470191,-0.365199626538288,0.10764935645083108,0.8201380666626902,0.9081871495882964,0.3917149406589148,transition_basin,intermediate_relaxation
55,hysteresis,gradient_driven_coupling,fracture_precursor,coupled_memory_basin,0.9999999998213658,0.5333902920938812,0.3433920465935376,0.8506970127431062,0.6133333333333333,0.1666666666666666,0.2533333333333333,0.3632999512808483,1.133360138412644,-0.46660970772748456,-0.30429937517366945,0.14032017198548255,0.8645548123313733,0.809966617947515,0.3493509303989181,stable_coupled_memory_basin,transport_and_topology_unrelaxed
56,hysteresis,gradient_driven_coupling,fracture_precursor,coupled_memory_basin,0.9999999997568366,0.9740315337124672,0.1824405196613945,0.8948559225674277,1.0,0.0,1.0,0.9999986423962064,1.3959718579469769,-0.02596846604436942,-0.013155041145020327,0.07442249715632618,0.9107205754603861,1.9999986423962064,0.8626298553985134,stable_coupled_memory_basin,transport_and_topology_unrelaxed
57,hysteresis,gradient_driven_coupling,fracture_precursor,coupled_memory_basin,0.9999999991859984,0.5814224431456751,0.3138169122538534,0.8536014088567864,0.54,0.18,0.2533333333333333,0.354437929016845,1.1567420005193392,-0.4185775560403232,-0.26468421393015096,0.12821135498390918,0.8675912021233861,0.714437929016845,0.3081479528709221,stable_coupled_memory_basin,transport_and_topology_unrelaxed
58,hysteresis,gradient_driven_coupling,fracture_precursor,transition_basin,0.0,0.2010205270432672,0.232214196246669,0.2304897255983518,0.6133333333333333,0.18,0.2733333333333333,0.3728060354872169,0.2010205270432672,0.2010205270432672,0.9999999999950253,0.09480111435360722,0.21616147963541144,1.0071598958638175,0.4344033925399402,transition_basin,intermediate_relaxation
59,hysteresis,gradient_driven_coupling,fracture_precursor,transition_basin,0.0,0.3308562984459017,0.0123289381482694,0.0964570718103549,0.6266666666666667,0.1466666666666666,0.3333333333333333,0.4201282725225024,0.3308562984459017,0.3308562984459017,0.9999999999969776,0.004774461521650004,0.07603755513305423,1.2309845709684044,0.5309423816308336,transition_basin,intermediate_relaxation
60,hysteresis,gradient_driven_coupling,fracture_precursor,transition_basin,0.0,0.3140693031784039,0.094628137952188,0.1584367935817158,0.6533333333333333,0.1333333333333333,0.3,0.4013119167985445,0.3140693031784039,0.3140693031784039,0.9999999999968161,0.03846986044548166,0.14083401785104482,1.2353812199769483,0.5328387232673131,transition_basin,intermediate_relaxation
61,hysteresis,gradient_driven_coupling,fracture_precursor,transport_dominant_basin,0.9999999992352048,0.390212543933102,0.2010064843905574,0.7573045363092318,0.5933333333333334,0.1533333333333333,0.2666666666666666,0.3832125788876567,1.0734364573243973,-0.6097874553021028,-0.43862894080350695,0.08202387832947758,0.7669180055752548,0.8232125788876568,0.3550641149622431,transport_dominant_basin,transport_unrelaxed_topology_relaxed
62,hysteresis,gradient_driven_coupling,fracture_precursor,coupled_memory_basin,0.9999999997614004,0.5909303732839758,0.3112063257479387,0.8556282515092034,0.6133333333333333,0.16,0.2666666666666666,0.3850656813157421,1.161550130468909,-0.4090696264774246,-0.25712603983675414,0.12714251404801252,0.8697101570107129,0.8383990146490753,0.36161425585093676,stable_coupled_memory_basin,transport_and_topology_unrelaxed
63,hysteresis,suppression_sensitive_coupling,fracture_precursor,coupled_memory_basin,0.8132509425539286,0.7219092788180019,0.1204490707586591,0.6929431674683613,0.5466666666666666,0.1866666666666666,0.2266666666666666,0.3478205469295021,1.0874419995606115,-0.09134166373592667,-0.05949975935035474,0.04904161124709844,0.6996316590511352,0.7078205469295022,0.30529377525694035,stable_coupled_memory_basin,transport_and_topology_unrelaxed
64,hysteresis,suppression_sensitive_coupling,fracture_precursor,coupled_memory_basin,0.8132509425539286,0.7219092788180019,0.1204490707586591,0.6929431674683613,,,,,1.0874419995606115,-0.09134166373592667,-0.05949975935035474,0.04904161124709844,0.6996316590511352,0.0,0.0,coupled_memory_basin,transport_and_topology_unrelaxed
65,hysteresis,suppression_sensitive_coupling,fracture_precursor,transport_dominant_basin,0.6937370437191694,0.3585646138007488,0.061785607941172,0.4739121051731577,,,,,0.7809223188629538,-0.33517242991842067,-0.3185136386728136,0.025023288024052046,0.47064647395385456,0.0,0.0,transport_dominant_basin,transport_unrelaxed_topology_relaxed
66,hysteresis,suppression_sensitive_coupling,fracture_precursor,transport_dominant_basin,0.6937370437191694,0.3585646138007488,0.061785607941172,0.4739121051731577,,,,,0.7809223188629538,-0.33517242991842067,-0.3185136386728136,0.025023288024052046,0.47064647395385456,0.0,0.0,transport_dominant_basin,transport_unrelaxed_topology_relaxed
67,hysteresis,suppression_sensitive_coupling,fracture_precursor,transition_basin,0.4392402882241887,0.1661195661788095,0.0027654923397255,0.2663515206731208,,,,,0.469603812874964,-0.2731207220453792,-0.45117085326756234,0.0008589420223949324,0.2536530559308735,0.0,0.0,transition_basin,intermediate_relaxation
68,hysteresis,suppression_sensitive_coupling,fracture_precursor,transition_basin,0.4392402882241887,0.1661195661788095,0.0027654923397255,0.2663515206731208,,,,,0.469603812874964,-0.2731207220453792,-0.45117085326756234,0.0008589420223949324,0.2536530559308735,0.0,0.0,transition_basin,intermediate_relaxation
69,hysteresis,suppression_sensitive_coupling,fracture_precursor,transition_basin,0.0495765295981728,0.4300307996696286,0.0302406962077572,0.1494661703360718,,,,,0.43287910662389184,0.3804542700714558,0.7932620017535761,0.012107993739211871,0.13145571414007046,0.3804542700714558,0.16409571737722767,transition_basin,intermediate_relaxation
70,hysteresis,suppression_sensitive_coupling,fracture_precursor,transition_basin,0.0495765295981728,0.4300307996696286,0.0302406962077572,0.1494661703360718,,,,,0.43287910662389184,0.3804542700714558,0.7932620017535761,0.012107993739211871,0.13145571414007046,0.3804542700714558,0.16409571737722767,transition_basin,intermediate_relaxation
71,hysteresis,suppression_sensitive_coupling,fracture_precursor,transition_basin,0.4890804042576482,0.463222291498528,0.0428158307288901,0.3876614545284285,,,,,0.6736278892459633,-0.0258581127591202,-0.027153249564793477,0.017256575684357886,0.3804760616128617,0.0,0.0,transition_basin,intermediate_relaxation
72,hysteresis,suppression_sensitive_coupling,fracture_precursor,transition_basin,0.4890804042576482,0.463222291498528,0.0428158307288901,0.3876614545284285,,,,,0.6736278892459633,-0.0258581127591202,-0.027153249564793477,0.017256575684357886,0.3804760616128617,0.0,0.0,transition_basin,intermediate_relaxation
73,hysteresis,suppression_sensitive_coupling,fracture_precursor,transition_basin,0.7140243778919102,0.4370371105374718,0.1644639166456616,0.6062122728680026,,,,,0.8371572422256596,-0.2769872673544384,-0.24063637793333317,0.06706241575391096,0.6089591775062618,0.0,0.0,transition_basin,intermediate_relaxation
74,hysteresis,suppression_sensitive_coupling,fracture_precursor,transition_basin,0.7140243778919102,0.4370371105374718,0.1644639166456616,0.6062122728680026,,,,,0.8371572422256596,-0.2769872673544384,-0.24063637793333317,0.06706241575391096,0.6089591775062618,0.0,0.0,transition_basin,intermediate_relaxation
75,hysteresis,suppression_sensitive_coupling,fracture_precursor,transition_basin,0.8188867844329302,0.4705354516515516,0.2575142936396557,0.7054979705162533,,,,,0.9444464923857963,-0.3483513327813786,-0.2701607922001779,0.10515962180567955,0.712757029807484,0.0,0.0,transition_basin,intermediate_relaxation
76,hysteresis,suppression_sensitive_coupling,fracture_precursor,transition_basin,0.8188867844329302,0.4705354516515516,0.2575142936396557,0.7054979705162533,,,,,0.9444464923857963,-0.3483513327813786,-0.2701607922001779,0.10515962180567955,0.712757029807484,0.0,0.0,transition_basin,intermediate_relaxation
77,hysteresis,suppression_sensitive_coupling,fracture_precursor,coupled_memory_basin,0.9091880064382264,0.9083556436813672,0.0425723294907154,0.7043047129121884,,,,,1.2851975748727926,-0.0008323627568591618,-0.0004579602568576192,0.017156880044809846,0.7115095432159828,0.0,0.0,coupled_memory_basin,transport_and_topology_unrelaxed
78,hysteresis,suppression_sensitive_coupling,fracture_precursor,coupled_memory_basin,0.9091880064382264,0.9083556436813672,0.0425723294907154,0.7043047129121884,,,,,1.2851975748727926,-0.0008323627568591618,-0.0004579602568576192,0.017156880044809846,0.7115095432159828,0.0,0.0,coupled_memory_basin,transport_and_topology_unrelaxed
79,hysteresis,suppression_sensitive_coupling,fracture_precursor,coupled_memory_basin,0.8225272369542975,0.5945403948752668,0.1115879316058214,0.6531986186133735,,,,,1.0149036095463002,-0.22798684207903075,-0.16088635218103028,0.04541363406887764,0.6580808726886906,0.0,0.0,coupled_memory_basin,transport_and_topology_unrelaxed
80,hysteresis,suppression_sensitive_coupling,fracture_precursor,coupled_memory_basin,0.8225272369542975,0.5945403948752668,0.1115879316058214,0.6531986186133735,,,,,1.0149036095463002,-0.22798684207903075,-0.16088635218103028,0.04541363406887764,0.6580808726886906,0.0,0.0,coupled_memory_basin,transport_and_topology_unrelaxed
81,hysteresis,suppression_sensitive_coupling,fracture_precursor,transport_dominant_basin,0.5824117269762892,0.1395600768605322,0.1653066534152882,0.4694768851301357,,,,,0.5988993527904511,-0.442851650115757,-0.6133918911537383,0.06740745375802285,0.4660096901485979,0.0,0.0,transport_dominant_basin,transport_unrelaxed_topology_relaxed
82,hysteresis,suppression_sensitive_coupling,fracture_precursor,transport_dominant_basin,0.5824117269762892,0.1395600768605322,0.1653066534152882,0.4694768851301357,,,,,0.5988993527904511,-0.442851650115757,-0.6133918911537383,0.06740745375802285,0.4660096901485979,0.0,0.0,transport_dominant_basin,transport_unrelaxed_topology_relaxed
83,hysteresis,suppression_sensitive_coupling,fracture_precursor,transition_basin,0.0481260983584079,0.4815107411673648,0.078148867040698,0.2108235924092507,,,,,0.4839098213538842,0.4333846428089569,0.8182675570607654,0.03172282513214303,0.19560159602226102,0.4333846428089569,0.18692539276442463,transition_basin,intermediate_relaxation
84,hysteresis,suppression_sensitive_coupling,fracture_precursor,transition_basin,0.0481260983584079,0.4815107411673648,0.078148867040698,0.2108235924092507,,,,,0.4839098213538842,0.4333846428089569,0.8182675570607654,0.03172282513214303,0.19560159602226102,0.4333846428089569,0.18692539276442463,transition_basin,intermediate_relaxation
85,hysteresis,suppression_sensitive_coupling,fracture_precursor,transition_basin,0.6178952238958159,0.4890167337933139,0.1308985849832011,0.5558544426431108,,,,,0.7879923055735641,-0.12887849010250196,-0.11643066027712057,0.053319909835603446,0.5563127767888929,0.0,0.0,transition_basin,intermediate_relaxation
86,hysteresis,suppression_sensitive_coupling,fracture_precursor,transition_basin,0.6178952238958159,0.4890167337933139,0.1308985849832011,0.5558544426431108,,,,,0.7879923055735641,-0.12887849010250196,-0.11643066027712057,0.053319909835603446,0.5563127767888929,0.0,0.0,transition_basin,intermediate_relaxation
87,hysteresis,suppression_sensitive_coupling,fracture_precursor,transition_basin,0.8331575093500554,0.4819897803474723,0.2862530186677334,0.7342998248575112,,,,,0.9625308222315753,-0.3511677290025831,-0.26701779470121667,0.11692599142641157,0.7428678181055796,0.0,0.0,transition_basin,intermediate_relaxation
88,hysteresis,suppression_sensitive_coupling,fracture_precursor,transition_basin,0.8331575093500554,0.4819897803474723,0.2862530186677334,0.7342998248575112,,,,,0.9625308222315753,-0.3511677290025831,-0.26701779470121667,0.11692599142641157,0.7428678181055796,0.0,0.0,transition_basin,intermediate_relaxation
89,hysteresis,suppression_sensitive_coupling,fracture_precursor,coupled_memory_basin,0.9113266923760596,0.5582741701404627,0.3734868213771931,0.8115019599264531,,,,,1.0687312053473086,-0.3530525222355969,-0.24023701349140125,0.15264174308549533,0.8235784944974095,0.0,0.0,coupled_memory_basin,transport_and_topology_unrelaxed
90,hysteresis,suppression_sensitive_coupling,fracture_precursor,coupled_memory_basin,0.9113266923760596,0.5582741701404627,0.3734868213771931,0.8115019599264531,,,,,1.0687312053473086,-0.3530525222355969,-0.24023701349140125,0.15264174308549533,0.8235784944974095,0.0,0.0,coupled_memory_basin,transport_and_topology_unrelaxed
91,hysteresis,suppression_sensitive_coupling,fracture_precursor,coupled_memory_basin,0.9255111687310316,0.9798150511624584,0.2144280170110479,0.8734792156030715,,,,,1.3478161810611902,0.05430388243142681,0.028501094387098688,0.08751899732084248,0.8883723790460977,0.05430388243142681,0.023422091023659605,coupled_memory_basin,transport_and_topology_unrelaxed
92,hysteresis,suppression_sensitive_coupling,fracture_precursor,coupled_memory_basin,0.9255111687310316,0.9798150511624584,0.2144280170110479,0.8734792156030715,,,,,1.3478161810611902,0.05430388243142681,0.028501094387098688,0.08751899732084248,0.8883723790460977,0.05430388243142681,0.023422091023659605,coupled_memory_basin,transport_and_topology_unrelaxed
93,hysteresis,suppression_sensitive_coupling,fracture_precursor,coupled_memory_basin,0.8474275268786343,0.656835719903732,0.3269311821025971,0.8031439095868543,,,,,1.0721784255678215,-0.1905918069749023,-0.1267010992806301,0.1335806727318462,0.8148406027846534,0.0,0.0,coupled_memory_basin,transport_and_topology_unrelaxed
94,hysteresis,suppression_sensitive_coupling,fracture_precursor,coupled_memory_basin,0.8474275268786343,0.656835719903732,0.3269311821025971,0.8031439095868543,,,,,1.0721784255678215,-0.1905918069749023,-0.1267010992806301,0.1335806727318462,0.8148406027846534,0.0,0.0,coupled_memory_basin,transport_and_topology_unrelaxed
95,hysteresis,suppression_sensitive_coupling,fracture_precursor,transport_dominant_basin,0.6196436807712212,0.1563523567159712,0.2630913731865094,0.5398584741917449,,,,,0.6390652162106348,-0.46329132405525003,-0.5970279507545804,0.10744302092266864,0.5395898528425641,0.0,0.0,transport_dominant_basin,transport_unrelaxed_topology_relaxed
96,hysteresis,suppression_sensitive_coupling,fracture_precursor,transport_dominant_basin,0.6196436807712212,0.1563523567159712,0.2630913731865094,0.5398584741917449,,,,,0.6390652162106348,-0.46329132405525003,-0.5970279507545804,0.10744302092266864,0.5395898528425641,0.0,0.0,transport_dominant_basin,transport_unrelaxed_topology_relaxed
97,hysteresis,suppression_sensitive_coupling,fracture_precursor,transition_basin,0.0327895169136267,0.3288494845236369,0.0132165096074943,0.113168773269233,,,,,0.3304801596024952,0.2960599676100102,0.8186616112547569,0.005137855995268767,0.0935087394105342,0.2960599676100102,0.12769517020407958,transition_basin,intermediate_relaxation
98,hysteresis,suppression_sensitive_coupling,fracture_precursor,transition_basin,0.0327895169136267,0.3288494845236369,0.0132165096074943,0.113168773269233,,,,,0.3304801596024952,0.2960599676100102,0.8186616112547569,0.005137855995268767,0.0935087394105342,0.2960599676100102,0.12769517020407958,transition_basin,intermediate_relaxation
99,hysteresis,suppression_sensitive_coupling,fracture_precursor,transport_dominant_basin,0.6410887590567627,0.3201844471199768,0.1200182810246066,0.5118732220796,,,,,0.7165981280790964,-0.32090431193678587,-0.3338325773302066,0.048865234903515825,0.5103327782169716,0.0,0.0,transport_dominant_basin,transport_unrelaxed_topology_relaxed
100,hysteresis,suppression_sensitive_coupling,fracture_precursor,transport_dominant_basin,0.6410887590567627,0.3201844471199768,0.1200182810246066,0.5118732220796,,,,,0.7165981280790964,-0.32090431193678587,-0.3338325773302066,0.048865234903515825,0.5103327782169716,0.0,0.0,transport_dominant_basin,transport_unrelaxed_topology_relaxed
101,hysteresis,suppression_sensitive_coupling,fracture_precursor,transition_basin,0.8529395446927301,0.4041464833645571,0.2391473222946381,0.7100250409088221,,,,,0.9438433381216292,-0.44879306132817304,-0.35701061925044625,0.09763971361741687,0.7174898382088497,0.0,0.0,transition_basin,intermediate_relaxation
102,hysteresis,suppression_sensitive_coupling,fracture_precursor,transition_basin,0.8529395446927301,0.4041464833645571,0.2391473222946381,0.7100250409088221,,,,,0.9438433381216292,-0.44879306132817304,-0.35701061925044625,0.09763971361741687,0.7174898382088497,0.0,0.0,transition_basin,intermediate_relaxation
103,hysteresis,suppression_sensitive_coupling,fracture_precursor,coupled_memory_basin,0.926347408001774,0.6110339085774446,0.3549498614002879,0.8315514999859351,,,,,1.1097215676659773,-0.3153134994243294,-0.2050977828491626,0.14505223720032168,0.8445392093545934,0.0,0.0,coupled_memory_basin,transport_and_topology_unrelaxed
104,hysteresis,suppression_sensitive_coupling,fracture_precursor,coupled_memory_basin,0.926347408001774,0.6110339085774446,0.3549498614002879,0.8315514999859351,,,,,1.1097215676659773,-0.3153134994243294,-0.2050977828491626,0.14505223720032168,0.8445392093545934,0.0,0.0,coupled_memory_basin,transport_and_topology_unrelaxed
105,hysteresis,neutral_coupling,fracture_precursor,coupled_memory_basin,0.7660995406590912,0.5829347427747816,0.0720221563276988,0.5733906730973622,,,,,0.9626637110289197,-0.18316479788430962,-0.13577475393578625,0.02921439294741611,0.5746459617463,0.0,0.0,coupled_memory_basin,transport_and_topology_unrelaxed
106,hysteresis,neutral_coupling,fracture_precursor,transport_dominant_basin,0.6377836218033412,0.1061459821486505,0.0006675726421176,0.3434220505563652,,,,,0.6465561984598779,-0.5316376396546908,-0.7146343374826694,0.0,0.3342261461854181,0.0,0.0,transport_dominant_basin,transport_unrelaxed_topology_relaxed
107,hysteresis,neutral_coupling,fracture_precursor,transition_basin,0.3729364098419561,0.3505402363128366,0.064031393818762,0.3158951658497124,,,,,0.5118203034855756,-0.02239617352911949,-0.030956318560000515,0.025942770245303233,0.30544827000816127,0.0,0.0,transition_basin,intermediate_relaxation
108,hysteresis,neutral_coupling,fracture_precursor,topology_only_basin,0.0994448938222498,0.5010121690176781,0.0625538509245031,0.2120213819555337,,,,,0.5107861396035693,0.4015672751954283,0.6687693426329316,0.02533782636531722,0.19685382051539493,0.4015672751954283,0.17320207783720265,topology_only_basin,transport_relaxed_topology_persistent
109,hysteresis,neutral_coupling,fracture_precursor,transition_basin,0.4828911030010835,0.4751054115442048,0.0387251616512891,0.3827008055010485,,,,,0.6774282024216229,-0.007785691456878685,-0.008127056141290896,0.015581751059531034,0.37528997008851755,0.0,0.0,transition_basin,intermediate_relaxation
110,hysteresis,neutral_coupling,fracture_precursor,transition_basin,0.6866973732025452,0.4143824081541329,0.1543979701126683,0.5825405121157046,,,,,0.8020386914300918,-0.2723149650484123,-0.24731628866405697,0.06294115959609568,0.5842116259003716,0.0,0.0,transition_basin,intermediate_relaxation
111,hysteresis,neutral_coupling,fracture_precursor,transition_basin,0.7821421741478404,0.421984640005375,0.2291091411457757,0.665762783608377,,,,,0.8887167248235945,-0.3601575341424654,-0.2991026608733415,0.09352982531854546,0.671216030856787,0.0,0.0,transition_basin,intermediate_relaxation
112,hysteresis,neutral_coupling,fracture_precursor,coupled_memory_basin,0.8899357123880981,0.8527046859878852,0.0842272026027144,0.728161621253114,,,,,1.2325140379279296,-0.03723102640021292,-0.021364721278634546,0.03421145129185088,0.736450656659212,0.0,0.0,coupled_memory_basin,transport_and_topology_unrelaxed
113,hysteresis,neutral_coupling,fracture_precursor,transport_dominant_basin,0.7950963968399426,0.3904925335509436,0.1703534648262352,0.6408278539739575,,,,,0.8858118869302298,-0.404603863288999,-0.34126825320076215,0.06947374752746857,0.6451479041815402,0.0,0.0,transport_dominant_basin,transport_unrelaxed_topology_relaxed
114,hysteresis,neutral_coupling,fracture_precursor,transport_dominant_basin,0.5402894307112133,0.3414792908232834,0.2091959170595387,0.5235997204792504,,,,,0.6391562993504949,-0.1988101398879299,-0.2254674440500967,0.0853768416802591,0.5225922010515643,0.0,0.0,transport_dominant_basin,transport_unrelaxed_topology_relaxed
115,hysteresis,neutral_coupling,fracture_precursor,topology_only_basin,0.0901484380718701,0.5260989872378856,0.0782505956670465,0.2425279747702635,,,,,0.5337666955323521,0.4359505491660155,0.7074277818624204,0.03176447543560835,0.22874682112073078,0.4359505491660155,0.18803210723054228,topology_only_basin,transport_relaxed_topology_persistent
116,hysteresis,neutral_coupling,fracture_precursor,transition_basin,0.6122162692384391,0.4884220379567612,0.1099535153856443,0.5190683737079193,,,,,0.7831761280082973,-0.12379423128167788,-0.11247494337811581,0.04474446223394291,0.5178549219264019,0.0,0.0,transition_basin,intermediate_relaxation
117,hysteresis,neutral_coupling,fracture_precursor,transition_basin,0.8180429484177811,0.4583449249301762,0.2331100516567401,0.7028168954648627,,,,,0.937696291805244,-0.35969802348760493,-0.28180933946343245,0.09516790048873779,0.7099541101646301,0.0,0.0,transition_basin,intermediate_relaxation
118,hysteresis,neutral_coupling,fracture_precursor,coupled_memory_basin,0.8949727536703264,0.5145705940384477,0.3070412097296398,0.7782875047883695,,,,,1.032356104288306,-0.3804021596318786,-0.26987616964739397,0.12543720894012567,0.7888545695983522,0.0,0.0,coupled_memory_basin,transport_and_topology_unrelaxed
119,hysteresis,neutral_coupling,fracture_precursor,coupled_memory_basin,0.9077680003440044,0.9652161668231056,0.2129769924000131,0.8596992756267885,,,,,1.325022637974628,0.057448166479101226,0.030671997919748006,0.08692491070476839,0.873966193580742,0.057448166479101226,0.024778268590924128,coupled_memory_basin,transport_and_topology_unrelaxed
120,hysteresis,neutral_coupling,fracture_precursor,transition_basin,0.8194716498749677,0.478891101705306,0.3441471244583605,0.746203025220974,,,,,0.9491419663260725,-0.34058054816966166,-0.2623154028062413,0.14062932019025706,0.7553119733313985,0.0,0.0,transition_basin,intermediate_relaxation
121,hysteresis,neutral_coupling,fracture_precursor,transport_dominant_basin,0.577596353305122,0.2467239884193312,0.2061644920436345,0.5145931835762845,,,,,0.6280846072090269,-0.33087236488579086,-0.4013880868124818,0.08413569868662198,0.5131763515451069,0.0,0.0,transport_dominant_basin,transport_unrelaxed_topology_relaxed
122,hysteresis,neutral_coupling,fracture_precursor,transition_basin,0.0578071829540717,0.3381765483574229,0.0054796292848386,0.1204550090371746,,,,,0.34308169327439475,0.28036936540335117,0.7080325357662102,0.001970179158568657,0.10112610668484281,0.28036936540335117,0.12092757465389996,transition_basin,intermediate_relaxation
123,hysteresis,neutral_coupling,fracture_precursor,transport_dominant_basin,0.6192483135959446,0.3157990213409314,0.0849395357459896,0.4635598857251493,,,,,0.6951240865998756,-0.30344929225501316,-0.32452826816000085,0.03450309871353313,0.4598237857852012,0.0,0.0,transport_dominant_basin,transport_unrelaxed_topology_relaxed
124,hysteresis,neutral_coupling,fracture_precursor,transport_dominant_basin,0.8310728967856275,0.3848383995267714,0.172515547661967,0.6579582268790151,,,,,0.9158508358471815,-0.44623449725885606,-0.3669959302227257,0.07035895958092626,0.6630567869187444,0.0,0.0,transport_dominant_basin,transport_unrelaxed_topology_relaxed
125,hysteresis,neutral_coupling,fracture_precursor,coupled_memory_basin,0.9096799887702568,0.5748680006506619,0.2734487975860524,0.7919810359454749,,,,,1.0760998560269135,-0.3348119881195949,-0.22553126642269766,0.11168361557969485,0.80317041929468,0.0,0.0,coupled_memory_basin,transport_and_topology_unrelaxed
126,hysteresis,gradient_driven_coupling,fracture_precursor,coupled_memory_basin,0.8013819267492919,0.6673420316110381,0.1198591047039578,0.6697627656072709,,,,,1.0428606712668549,-0.13403989513825376,-0.09126282333393908,0.04880006404357712,0.675397796715951,0.0,0.0,coupled_memory_basin,transport_and_topology_unrelaxed
127,hysteresis,gradient_driven_coupling,fracture_precursor,transport_dominant_basin,0.6806919223874296,0.2530181915505965,0.0479117713860404,0.4362769366579637,,,,,0.7261953583293058,-0.4276737308368331,-0.4580369479266039,0.019342984224707708,0.43130093118785134,0.0,0.0,transport_dominant_basin,transport_unrelaxed_topology_relaxed
128,hysteresis,gradient_driven_coupling,fracture_precursor,transition_basin,0.4268352936040574,0.2589879287343221,0.0221712959711686,0.2957173090876788,,,,,0.49926257129506135,-0.16784736486973534,-0.24473852649258368,0.008804174738593008,0.28435340694580075,0.0,0.0,transition_basin,intermediate_relaxation
129,hysteresis,gradient_driven_coupling,fracture_precursor,transition_basin,0.0519991950298025,0.466349739238991,0.042181263830034,0.1671984848044855,,,,,0.469239806039537,0.4143505442091885,0.7993660579101813,0.016996767753639744,0.14999389437900096,0.4143505442091885,0.17871569633028747,transition_basin,intermediate_relaxation
130,hysteresis,gradient_driven_coupling,fracture_precursor,transition_basin,0.4802746432511802,0.4710094916621346,0.0402357103914576,0.3820036080217535,,,,,0.6726913662192127,-0.009265151589045562,-0.009739625889882106,0.016200208377647577,0.37456108765434226,0.0,0.0,transition_basin,intermediate_relaxation
131,hysteresis,gradient_driven_coupling,fracture_precursor,transition_basin,0.7030120986902058,0.4294341286152479,0.1568625043864804,0.5964310983790393,,,,,0.8237958980987614,-0.2735779700749579,-0.24158142212691955,0.06395020300982764,0.5987334861027046,0.0,0.0,transition_basin,intermediate_relaxation
132,hysteresis,gradient_driven_coupling,fracture_precursor,transition_basin,0.8079208186712579,0.451577015470995,0.238524546833986,0.6907633973563547,,,,,0.9255581289925159,-0.3563438032002629,-0.2829253004969701,0.0973847334033122,0.6973528267369559,0.0,0.0,transition_basin,intermediate_relaxation
133,hysteresis,gradient_driven_coupling,fracture_precursor,coupled_memory_basin,0.9003744974309648,0.8879444436197753,0.0316421214062265,0.6879450606345358,,,,,1.264562995891978,-0.012430053811189445,-0.006950691806618748,0.012681773086238822,0.6944064074065215,0.0,0.0,coupled_memory_basin,transport_and_topology_unrelaxed
134,hysteresis,gradient_driven_coupling,fracture_precursor,coupled_memory_basin,0.8113579038547737,0.5163233469033776,0.1139475221733028,0.6318686157789272,,,,,0.9617127672570005,-0.29503455695139613,-0.22221791320974,0.046379710843106624,0.6357815029281205,0.0,0.0,coupled_memory_basin,transport_and_topology_unrelaxed
135,hysteresis,gradient_driven_coupling,fracture_precursor,transport_dominant_basin,0.5696843643356612,0.2358854687587553,0.1720362503244623,0.4910838300801751,,,,,0.6165891900934236,-0.3337988955769059,-0.41436369866815603,0.07016272298289336,0.48859858798311234,0.0,0.0,transport_dominant_basin,transport_unrelaxed_topology_relaxed
136,hysteresis,gradient_driven_coupling,fracture_precursor,topology_only_basin,0.0486901953270947,0.5025772557681047,0.0760503213522909,0.2112535343692809,,,,,0.5049303250314736,0.45388706044101007,0.8233518223113885,0.030863626813092092,0.19605107719751969,0.45388706044101007,0.19576839754570202,topology_only_basin,transport_relaxed_topology_persistent
137,hysteresis,gradient_driven_coupling,fracture_precursor,transition_basin,0.6065750969752792,0.4902196294423368,0.1166538341755409,0.5296261806268664,,,,,0.7799029640674225,-0.1163554675329424,-0.10608682256604209,0.04748774424738068,0.5288925407290633,0.0,0.0,transition_basin,intermediate_relaxation
138,hysteresis,gradient_driven_coupling,fracture_precursor,transition_basin,0.8226695524157039,0.4743275468457421,0.2524682873385706,0.7144429720066363,,,,,0.9496166669601762,-0.34834200556996187,-0.26857577844087005,0.10309365766881881,0.7221085473525626,0.0,0.0,transition_basin,intermediate_relaxation
139,hysteresis,gradient_driven_coupling,fracture_precursor,coupled_memory_basin,0.9026790354411596,0.5424148266490368,0.3304715988838618,0.7993135317210729,,,,,1.0531112406548926,-0.36026420879212273,-0.2493015978012557,0.13503020998233675,0.8108361489167981,0.0,0.0,coupled_memory_basin,transport_and_topology_unrelaxed
140,hysteresis,gradient_driven_coupling,fracture_precursor,coupled_memory_basin,0.9148379128552616,0.9748024601920052,0.1672044751254531,0.8434817960099942,,,,,1.3368501199438019,0.05996454733674361,0.03173331189998444,0.06818447054266565,0.8570116916349951,0.05996454733674361,0.02586362195534187,coupled_memory_basin,transport_and_topology_unrelaxed
141,hysteresis,gradient_driven_coupling,fracture_precursor,coupled_memory_basin,0.831096586571084,0.591753119514241,0.2985182808232571,0.7623232076766135,,,,,1.020241780493694,-0.23934346705684295,-0.1682141592559192,0.1219477036936075,0.7721647563327043,0.0,0.0,coupled_memory_basin,transport_and_topology_unrelaxed
142,hysteresis,gradient_driven_coupling,fracture_precursor,transport_dominant_basin,0.5982764815930293,0.1953253982904856,0.2260674349708007,0.526655300015093,,,,,0.6293542401896337,-0.4029510833025437,-0.5077496582558263,0.09228447295522899,0.5257866449731821,0.0,0.0,transport_dominant_basin,transport_unrelaxed_topology_relaxed
143,hysteresis,gradient_driven_coupling,fracture_precursor,transition_basin,0.0319066227129796,0.3319921667732743,0.0097346448581854,0.1108804723010998,,,,,0.3335218604106214,0.3000855440602947,0.8246401272263799,0.003712291445354343,0.09111644392853514,0.3000855440602947,0.12943146259828045,transition_basin,intermediate_relaxation
144,hysteresis,gradient_driven_coupling,fracture_precursor,transport_dominant_basin,0.620313610384682,0.3183844137060416,0.0975623485813552,0.4701839930000397,,,,,0.6972500341480228,-0.30192919667864043,-0.3216467798265418,0.03967120138089654,0.4667489333626745,0.0,0.0,transport_dominant_basin,transport_unrelaxed_topology_relaxed
145,hysteresis,gradient_driven_coupling,fracture_precursor,transport_dominant_basin,0.8370320614454656,0.398102334469434,0.1975383543180746,0.6760937684773017,,,,,0.9268808664535366,-0.4389297269760316,-0.3553700135203087,0.08060393710780751,0.6820165194160744,0.0,0.0,transport_dominant_basin,transport_unrelaxed_topology_relaxed
146,hysteresis,gradient_driven_coupling,fracture_precursor,coupled_memory_basin,0.9157567106268968,0.5986784310510853,0.3028633221319445,0.8104170311649315,,,,,1.0940869329555047,-0.3170782795758115,-0.20937065632555377,0.12372667482073355,0.822444259879401,0.0,0.0,coupled_memory_basin,transport_and_topology_unrelaxed
147,hysteresis,phase_boundary_resonance,fracture_precursor,coupled_memory_basin,0.7897958615625694,0.6556198342111156,0.1104979949404301,0.642827161696948,,,,,1.0264574369901422,-0.13417602735145384,-0.09282867741348336,0.04496738610012981,0.6472380727823681,0.0,0.0,coupled_memory_basin,transport_and_topology_unrelaxed
148,hysteresis,phase_boundary_resonance,fracture_precursor,transport_dominant_basin,0.668817999201185,0.2312696121530952,0.0371061843874183,0.4143229063825479,,,,,0.7076744658110249,-0.43754838704808985,-0.48611755292272535,0.014918900328482459,0.40834917432940193,0.0,0.0,transport_dominant_basin,transport_unrelaxed_topology_relaxed
149,hysteresis,phase_boundary_resonance,fracture_precursor,transition_basin,0.4163628291552573,0.2738627663480884,0.0314326192500762,0.2968338201442706,,,,,0.4983561179457895,-0.14250006280716887,-0.20645432991085258,0.012595997541109509,0.28552065915321717,0.0,0.0,transition_basin,intermediate_relaxation
150,hysteresis,phase_boundary_resonance,fracture_precursor,transition_basin,0.0529454246606819,0.4711319843013528,0.04656725602725,0.176389816355822,,,,,0.47409763195383087,0.41818655964067086,0.7979480750145581,0.01879250522270526,0.15960293674275777,0.41818655964067086,0.18037022817186987,transition_basin,intermediate_relaxation
151,hysteresis,phase_boundary_resonance,fracture_precursor,transition_basin,0.4718223419874419,0.4711819332162957,0.039618696455224,0.3774389145301109,,,,,0.6668048714488822,-0.0006404087711461837,-0.0006791154483442223,0.01594758707911139,0.3697889463281619,0.0,0.0,transition_basin,intermediate_relaxation
152,hysteresis,phase_boundary_resonance,fracture_precursor,transition_basin,0.6925536112515738,0.4274035359778297,0.1555567963396043,0.5897163970091643,,,,,0.8138207953990534,-0.26515007527374407,-0.23675019703159766,0.06341561271463193,0.5917136272756425,0.0,0.0,transition_basin,intermediate_relaxation
153,hysteresis,phase_boundary_resonance,fracture_precursor,transition_basin,0.7970391368378485,0.448045307351261,0.2349511538554201,0.682873115853579,,,,,0.9143390963371897,-0.3489938294865875,-0.28029731727440993,0.09592169485359031,0.689103962162909,0.0,0.0,transition_basin,intermediate_relaxation
154,hysteresis,phase_boundary_resonance,fracture_precursor,coupled_memory_basin,0.8926890983273197,0.8835889233231511,0.039223877006564,0.6877321433245126,,,,,1.2560347175503583,-0.009100175004168598,-0.005123170412088886,0.015785937891061173,0.6941838138203188,0.0,0.0,coupled_memory_basin,transport_and_topology_unrelaxed
155,hysteresis,phase_boundary_resonance,fracture_precursor,coupled_memory_basin,0.8019997313444707,0.5002784882478161,0.1229518485914122,0.6407933686821324,,,,,0.9452418393618235,-0.3017212430966546,-0.23168723745597528,0.05006631255274009,0.6451118516652946,0.0,0.0,coupled_memory_basin,transport_and_topology_unrelaxed
156,hysteresis,phase_boundary_resonance,fracture_precursor,transport_dominant_basin,0.5594276846213269,0.2499273124962166,0.1771266009326666,0.4903390953839275,,,,,0.6127177130231836,-0.3095003721251103,-0.38240373288234464,0.07224684281412222,0.48782000794756114,0.0,0.0,transport_dominant_basin,transport_unrelaxed_topology_relaxed
157,hysteresis,phase_boundary_resonance,fracture_precursor,topology_only_basin,0.0487304607497168,0.5047783726856935,0.0758094769827009,0.2102445177677734,,,,,0.507125096338267,0.45604791193597666,0.8239216510866573,0.030765018963547636,0.1949962046564231,0.45604791193597666,0.19670040568467126,topology_only_basin,transport_relaxed_topology_persistent
158,hysteresis,phase_boundary_resonance,fracture_precursor,transition_basin,0.5972019761383759,0.489912709649881,0.1127448938616275,0.5166054813383688,,,,,0.7724407183597133,-0.1072892664884949,-0.09869176443937167,0.04588732402992325,0.5152801005325482,0.0,0.0,transition_basin,intermediate_relaxation
159,hysteresis,phase_boundary_resonance,fracture_precursor,transition_basin,0.8138708101138767,0.4728237431928418,0.243884579203935,0.7076572191010926,,,,,0.941248101024543,-0.3410470669210349,-0.2650567425223817,0.09957926785055336,0.7150144079696922,0.0,0.0,transition_basin,intermediate_relaxation
160,hysteresis,phase_boundary_resonance,fracture_precursor,coupled_memory_basin,0.8951869415630267,0.5397293239893165,0.3202357077969799,0.7870079428682932,,,,,1.0453073249140323,-0.3554576175737102,-0.24772011169351124,0.1308393741742715,0.7979713181861365,0.0,0.0,coupled_memory_basin,transport_and_topology_unrelaxed
161,hysteresis,phase_boundary_resonance,fracture_precursor,coupled_memory_basin,0.9057665272039048,0.973816420276366,0.1632781989282854,0.8330248479597235,,,,,1.329936623378309,0.06804989307246112,0.03620478317472031,0.06657695257087594,0.8460795153502605,0.06804989307246112,0.0293509546339744,coupled_memory_basin,transport_and_topology_unrelaxed
162,hysteresis,phase_boundary_resonance,fracture_precursor,coupled_memory_basin,0.8176022015373705,0.58073786939801,0.2943754974827142,0.7525481208826816,,,,,1.0028608242980155,-0.23686433213936053,-0.16938964781345883,0.12025154215561948,0.7619454292865994,0.0,0.0,coupled_memory_basin,transport_and_topology_unrelaxed
163,hysteresis,phase_boundary_resonance,fracture_precursor,transport_dominant_basin,0.58122064208245,0.1989327726925425,0.2149765274542443,0.5132361172778174,,,,,0.6143221327885543,-0.38228786938990744,-0.4900162739141183,0.087743571535919,0.5117576117814977,0.0,0.0,transport_dominant_basin,transport_unrelaxed_topology_relaxed
164,hysteresis,phase_boundary_resonance,fracture_precursor,transition_basin,0.031119611373266,0.3321883984238266,0.0091874832104994,0.1103599893552605,,,,,0.33364286633975865,0.30106878705056056,0.8286874468247444,0.003488269461683453,0.09057230702647164,0.30106878705056056,0.1298555502654093,transition_basin,intermediate_relaxation
165,hysteresis,phase_boundary_resonance,fracture_precursor,transport_dominant_basin,0.6036599429260822,0.3181568569737424,0.0902399506204334,0.4573891330362633,,,,,0.6823702164755809,-0.28550308595233975,-0.30971781592943,0.03667322423214955,0.45337259602313135,0.0,0.0,transport_dominant_basin,transport_unrelaxed_topology_relaxed
166,hysteresis,phase_boundary_resonance,fracture_precursor,transport_dominant_basin,0.8239061973643392,0.397318521165572,0.1848780380699408,0.6613423575415062,,,,,0.9147040118620682,-0.42658767619876725,-0.3493113672903187,0.07542047958332226,0.6665947133572305,0.0,0.0,transport_dominant_basin,transport_unrelaxed_topology_relaxed
167,hysteresis,phase_boundary_resonance,fracture_precursor,coupled_memory_basin,0.906799105378438,0.5969456483232242,0.2883809986329124,0.797722093819476,,,,,1.0856466849611663,-0.30985345705521383,-0.20605455566329553,0.11779724089177045,0.8091723862584367,0.0,0.0,coupled_memory_basin,transport_and_topology_unrelaxed
168,hysteresis,neutral_coupling,fracture_precursor,coupled_memory_basin,0.7664197202739392,0.5961966090171807,0.0642278270353067,0.5628068336374801,,,,,0.9710044202929091,-0.17022311125675849,-0.12492372768289771,0.026023195032046424,0.5635811273234334,0.0,0.0,coupled_memory_basin,transport_and_topology_unrelaxed
169,hysteresis,neutral_coupling,fracture_precursor,transport_dominant_basin,0.643615136502982,0.1326036552048405,0.0048084634927478,0.3601821896196969,,,,,0.6571332994982345,-0.5110114812981414,-0.658334334026061,0.0016953867041777195,0.3517479693709381,0.0,0.0,transport_dominant_basin,transport_unrelaxed_topology_relaxed
170,hysteresis,neutral_coupling,fracture_precursor,transition_basin,0.3936843246991146,0.3373363069066085,0.0683768297192952,0.3282566815589964,,,,,0.5184429876767429,-0.05634801779250609,-0.07708129614434793,0.027721902928430908,0.31837156925673243,0.0,0.0,transition_basin,intermediate_relaxation
171,hysteresis,neutral_coupling,fracture_precursor,transition_basin,0.0558283596344637,0.4993802071388142,0.0689994303034762,0.1982813227184288,,,,,0.5024911909889367,0.4435518475043505,0.7988922975042605,0.027976811543632175,0.18248932821605332,0.4435518475043505,0.19131066289925155,transition_basin,intermediate_relaxation
172,hysteresis,neutral_coupling,fracture_precursor,transition_basin,0.4543918351397801,0.4817073272948405,0.0323280306167608,0.3670649719586348,,,,,0.6622038122898687,0.027315492155060406,0.029180126690839768,0.012962601873511954,0.35894354780328774,0.027315492155060406,0.01178158752129345,transition_basin,intermediate_relaxation
173,hysteresis,neutral_coupling,fracture_precursor,transition_basin,0.6706271982983194,0.4278658544940334,0.1527527162107906,0.577434305188661,,,,,0.7954935754230594,-0.242761343804286,-0.22099488311461712,0.06226755053687224,0.5788733614273709,0.0,0.0,transition_basin,intermediate_relaxation
174,hysteresis,neutral_coupling,fracture_precursor,transition_basin,0.7751228836785603,0.4391733190980542,0.2332260094742597,0.6679981964176112,,,,,0.8908920748383433,-0.3359495645805061,-0.2766619576113685,0.09521537658727786,0.6735530346156484,0.0,0.0,transition_basin,intermediate_relaxation
175,hysteresis,neutral_coupling,fracture_precursor,coupled_memory_basin,0.8711216392276168,0.8595898592868874,0.0915566418538396,0.7221680093361424,,,,,1.2238250024082122,-0.011531779940729403,-0.006663028442707314,0.03721231132503549,0.730184658038618,0.0,0.0,coupled_memory_basin,transport_and_topology_unrelaxed
176,hysteresis,neutral_coupling,fracture_precursor,transition_basin,0.7750484365443157,0.4161070356331723,0.1752692660928705,0.6381640945292173,,,,,0.8796846844712111,-0.35894140091114335,-0.301338833842303,0.0714864023905073,0.6423630870733331,0.0,0.0,transition_basin,intermediate_relaxation
177,hysteresis,neutral_coupling,fracture_precursor,transport_dominant_basin,0.5301710212941124,0.3248201880688314,0.2157179291776363,0.5230059116783379,,,,,0.6217631915746648,-0.20535083322528103,-0.24017888251511765,0.08804712037833823,0.5219714059151828,0.0,0.0,transport_dominant_basin,transport_unrelaxed_topology_relaxed
178,hysteresis,neutral_coupling,fracture_precursor,topology_only_basin,0.048591006434545,0.524558646313382,0.0873607032388079,0.2303044636113262,,,,,0.5268043843102008,0.475967639878837,0.8304421674095276,0.03549438665711337,0.2159677982007053,0.475967639878837,0.20529208753418487,topology_only_basin,transport_relaxed_topology_persistent
179,hysteresis,neutral_coupling,fracture_precursor,transition_basin,0.5701483046068052,0.4934475742040242,0.1051191864467582,0.4935464155336827,,,,,0.7540289104098399,-0.07670073040278103,-0.07211454268557849,0.04276516422724425,0.4911730885127647,0.0,0.0,transition_basin,intermediate_relaxation
180,hysteresis,neutral_coupling,fracture_precursor,transition_basin,0.7882497647100157,0.4697212444040797,0.2325820213692342,0.6899811857266056,,,,,0.9175923599343624,-0.31852852030593604,-0.2532081566251682,0.09495171137360948,0.6965350665848276,0.0,0.0,transition_basin,intermediate_relaxation
181,hysteresis,neutral_coupling,fracture_precursor,coupled_memory_basin,0.8739502844118828,0.5301536883691302,0.3099189184783073,0.7710722380599179,,,,,1.0221800393839648,-0.3437965960427526,-0.24485123801877234,0.1266154165594461,0.7813113966345376,0.0,0.0,coupled_memory_basin,transport_and_topology_unrelaxed
182,hysteresis,neutral_coupling,fracture_precursor,coupled_memory_basin,0.8791904492245494,0.9669973856102128,0.2177315798370434,0.8530734759788969,,,,,1.3069276145925801,0.08780693638566339,0.047561214914773144,0.0888715604995498,0.8670392767183972,0.08780693638566339,0.037872468126578844,coupled_memory_basin,transport_and_topology_unrelaxed
183,hysteresis,neutral_coupling,fracture_precursor,transition_basin,0.7780581534174213,0.4994954800454687,0.3469132207217691,0.7307572579119259,,,,,0.9245919233289791,-0.2785626733719527,-0.218043819120668,0.14176183080128776,0.7391642550618088,0.0,0.0,transition_basin,intermediate_relaxation
184,hysteresis,neutral_coupling,fracture_precursor,transport_dominant_basin,0.5331442006284808,0.2369516086740278,0.2136991872027227,0.4941203624394875,,,,,0.5834284904913295,-0.29619259195445297,-0.3846178467356367,0.08722059574224136,0.4917731191069851,0.0,0.0,transport_dominant_basin,transport_unrelaxed_topology_relaxed
185,hysteresis,neutral_coupling,fracture_precursor,transition_basin,0.0289738625550623,0.3356131339216596,0.0098787767388461,0.1104856350083305,,,,,0.33686148543886324,0.3066392713665973,0.841059265220762,0.0037713027264855738,0.09070366279319905,0.3066392713665973,0.13225818493634348,transition_basin,intermediate_relaxation
186,hysteresis,neutral_coupling,fracture_precursor,transport_dominant_basin,0.5565653250247229,0.3164821364582993,0.0801406877828934,0.4265019704157066,,,,,0.6402545616526953,-0.24008318856642358,-0.2749944294647232,0.03253832752649123,0.42108173017203304,0.0,0.0,transport_dominant_basin,transport_unrelaxed_topology_relaxed
187,hysteresis,neutral_coupling,fracture_precursor,transport_dominant_basin,0.7853342201344558,0.3920859262900823,0.1688419660561484,0.6353444930019241,,,,,0.8777705912759585,-0.39324829384437343,-0.3339914770765672,0.06885490124278658,0.6394153454568604,0.0,0.0,transport_dominant_basin,transport_unrelaxed_topology_relaxed
188,hysteresis,neutral_coupling,fracture_precursor,coupled_memory_basin,0.8804515647693529,0.586909816963469,0.2737556803710768,0.7790452627842992,,,,,1.0581389753491244,-0.29354174780588393,-0.2000473444783162,0.11180926124683244,0.7896467647926715,0.0,0.0,coupled_memory_basin,transport_and_topology_unrelaxed
189,hysteresis,suppression_sensitive_coupling,fracture_precursor,coupled_memory_basin,0.8132509425539286,0.7219092788180019,0.1204490707586591,0.6929431674683613,,,,,1.0874419995606115,-0.09134166373592667,-0.05949975935035474,0.04904161124709844,0.6996316590511352,0.0,0.0,coupled_memory_basin,transport_and_topology_unrelaxed
190,hysteresis,suppression_sensitive_coupling,fracture_precursor,coupled_memory_basin,0.8132509425539286,0.7219092788180019,0.1204490707586591,0.6929431674683613,,,,,1.0874419995606115,-0.09134166373592667,-0.05949975935035474,0.04904161124709844,0.6996316590511352,0.0,0.0,coupled_memory_basin,transport_and_topology_unrelaxed
191,hysteresis,suppression_sensitive_coupling,fracture_precursor,transport_dominant_basin,0.6937370437191694,0.3585646138007488,0.061785607941172,0.4739121051731577,,,,,0.7809223188629538,-0.33517242991842067,-0.3185136386728136,0.025023288024052046,0.47064647395385456,0.0,0.0,transport_dominant_basin,transport_unrelaxed_topology_relaxed
192,hysteresis,suppression_sensitive_coupling,fracture_precursor,transport_dominant_basin,0.6937370437191694,0.3585646138007488,0.061785607941172,0.4739121051731577,,,,,0.7809223188629538,-0.33517242991842067,-0.3185136386728136,0.025023288024052046,0.47064647395385456,0.0,0.0,transport_dominant_basin,transport_unrelaxed_topology_relaxed
193,hysteresis,suppression_sensitive_coupling,fracture_precursor,transition_basin,0.4392402882241887,0.1661195661788095,0.0027654923397255,0.2663515206731208,,,,,0.469603812874964,-0.2731207220453792,-0.45117085326756234,0.0008589420223949324,0.2536530559308735,0.0,0.0,transition_basin,intermediate_relaxation
194,hysteresis,suppression_sensitive_coupling,fracture_precursor,transition_basin,0.4392402882241887,0.1661195661788095,0.0027654923397255,0.2663515206731208,,,,,0.469603812874964,-0.2731207220453792,-0.45117085326756234,0.0008589420223949324,0.2536530559308735,0.0,0.0,transition_basin,intermediate_relaxation
195,hysteresis,suppression_sensitive_coupling,fracture_precursor,transition_basin,0.0495765295981728,0.4300307996696286,0.0302406962077572,0.1494661703360718,,,,,0.43287910662389184,0.3804542700714558,0.7932620017535761,0.012107993739211871,0.13145571414007046,0.3804542700714558,0.16409571737722767,transition_basin,intermediate_relaxation
196,hysteresis,suppression_sensitive_coupling,fracture_precursor,transition_basin,0.0495765295981728,0.4300307996696286,0.0302406962077572,0.1494661703360718,,,,,0.43287910662389184,0.3804542700714558,0.7932620017535761,0.012107993739211871,0.13145571414007046,0.3804542700714558,0.16409571737722767,transition_basin,intermediate_relaxation
197,hysteresis,suppression_sensitive_coupling,fracture_precursor,transition_basin,0.4890804042576482,0.463222291498528,0.0428158307288901,0.3876614545284285,,,,,0.6736278892459633,-0.0258581127591202,-0.027153249564793477,0.017256575684357886,0.3804760616128617,0.0,0.0,transition_basin,intermediate_relaxation
198,hysteresis,suppression_sensitive_coupling,fracture_precursor,transition_basin,0.4890804042576482,0.463222291498528,0.0428158307288901,0.3876614545284285,,,,,0.6736278892459633,-0.0258581127591202,-0.027153249564793477,0.017256575684357886,0.3804760616128617,0.0,0.0,transition_basin,intermediate_relaxation
199,hysteresis,suppression_sensitive_coupling,fracture_precursor,transition_basin,0.7140243778919102,0.4370371105374718,0.1644639166456616,0.6062122728680026,,,,,0.8371572422256596,-0.2769872673544384,-0.24063637793333317,0.06706241575391096,0.6089591775062618,0.0,0.0,transition_basin,intermediate_relaxation
200,hysteresis,suppression_sensitive_coupling,fracture_precursor,transition_basin,0.7140243778919102,0.4370371105374718,0.1644639166456616,0.6062122728680026,,,,,0.8371572422256596,-0.2769872673544384,-0.24063637793333317,0.06706241575391096,0.6089591775062618,0.0,0.0,transition_basin,intermediate_relaxation
201,hysteresis,suppression_sensitive_coupling,fracture_precursor,transition_basin,0.8188867844329302,0.4705354516515516,0.2575142936396557,0.7054979705162533,,,,,0.9444464923857963,-0.3483513327813786,-0.2701607922001779,0.10515962180567955,0.712757029807484,0.0,0.0,transition_basin,intermediate_relaxation
202,hysteresis,suppression_sensitive_coupling,fracture_precursor,transition_basin,0.8188867844329302,0.4705354516515516,0.2575142936396557,0.7054979705162533,,,,,0.9444464923857963,-0.3483513327813786,-0.2701607922001779,0.10515962180567955,0.712757029807484,0.0,0.0,transition_basin,intermediate_relaxation
203,hysteresis,suppression_sensitive_coupling,fracture_precursor,coupled_memory_basin,0.9091880064382264,0.9083556436813672,0.0425723294907154,0.7043047129121884,,,,,1.2851975748727926,-0.0008323627568591618,-0.0004579602568576192,0.017156880044809846,0.7115095432159828,0.0,0.0,coupled_memory_basin,transport_and_topology_unrelaxed
204,hysteresis,suppression_sensitive_coupling,fracture_precursor,coupled_memory_basin,0.9091880064382264,0.9083556436813672,0.0425723294907154,0.7043047129121884,,,,,1.2851975748727926,-0.0008323627568591618,-0.0004579602568576192,0.017156880044809846,0.7115095432159828,0.0,0.0,coupled_memory_basin,transport_and_topology_unrelaxed
205,hysteresis,suppression_sensitive_coupling,fracture_precursor,coupled_memory_basin,0.8225272369542975,0.5945403948752668,0.1115879316058214,0.6531986186133735,,,,,1.0149036095463002,-0.22798684207903075,-0.16088635218103028,0.04541363406887764,0.6580808726886906,0.0,0.0,coupled_memory_basin,transport_and_topology_unrelaxed
206,hysteresis,suppression_sensitive_coupling,fracture_precursor,coupled_memory_basin,0.8225272369542975,0.5945403948752668,0.1115879316058214,0.6531986186133735,,,,,1.0149036095463002,-0.22798684207903075,-0.16088635218103028,0.04541363406887764,0.6580808726886906,0.0,0.0,coupled_memory_basin,transport_and_topology_unrelaxed
207,hysteresis,suppression_sensitive_coupling,fracture_precursor,transport_dominant_basin,0.5824117269762892,0.1395600768605322,0.1653066534152882,0.4694768851301357,,,,,0.5988993527904511,-0.442851650115757,-0.6133918911537383,0.06740745375802285,0.4660096901485979,0.0,0.0,transport_dominant_basin,transport_unrelaxed_topology_relaxed
208,hysteresis,suppression_sensitive_coupling,fracture_precursor,transport_dominant_basin,0.5824117269762892,0.1395600768605322,0.1653066534152882,0.4694768851301357,,,,,0.5988993527904511,-0.442851650115757,-0.6133918911537383,0.06740745375802285,0.4660096901485979,0.0,0.0,transport_dominant_basin,transport_unrelaxed_topology_relaxed
209,hysteresis,suppression_sensitive_coupling,fracture_precursor,transition_basin,0.0481260983584079,0.4815107411673648,0.078148867040698,0.2108235924092507,,,,,0.4839098213538842,0.4333846428089569,0.8182675570607654,0.03172282513214303,0.19560159602226102,0.4333846428089569,0.18692539276442463,transition_basin,intermediate_relaxation
210,hysteresis,suppression_sensitive_coupling,fracture_precursor,transition_basin,0.0481260983584079,0.4815107411673648,0.078148867040698,0.2108235924092507,,,,,0.4839098213538842,0.4333846428089569,0.8182675570607654,0.03172282513214303,0.19560159602226102,0.4333846428089569,0.18692539276442463,transition_basin,intermediate_relaxation
211,hysteresis,suppression_sensitive_coupling,fracture_precursor,transition_basin,0.6178952238958159,0.4890167337933139,0.1308985849832011,0.5558544426431108,,,,,0.7879923055735641,-0.12887849010250196,-0.11643066027712057,0.053319909835603446,0.5563127767888929,0.0,0.0,transition_basin,intermediate_relaxation
212,hysteresis,suppression_sensitive_coupling,fracture_precursor,transition_basin,0.6178952238958159,0.4890167337933139,0.1308985849832011,0.5558544426431108,,,,,0.7879923055735641,-0.12887849010250196,-0.11643066027712057,0.053319909835603446,0.5563127767888929,0.0,0.0,transition_basin,intermediate_relaxation
213,hysteresis,suppression_sensitive_coupling,fracture_precursor,transition_basin,0.8331575093500554,0.4819897803474723,0.2862530186677334,0.7342998248575112,,,,,0.9625308222315753,-0.3511677290025831,-0.26701779470121667,0.11692599142641157,0.7428678181055796,0.0,0.0,transition_basin,intermediate_relaxation
214,hysteresis,suppression_sensitive_coupling,fracture_precursor,transition_basin,0.8331575093500554,0.4819897803474723,0.2862530186677334,0.7342998248575112,,,,,0.9625308222315753,-0.3511677290025831,-0.26701779470121667,0.11692599142641157,0.7428678181055796,0.0,0.0,transition_basin,intermediate_relaxation
215,hysteresis,suppression_sensitive_coupling,fracture_precursor,coupled_memory_basin,0.9113266923760596,0.5582741701404627,0.3734868213771931,0.8115019599264531,,,,,1.0687312053473086,-0.3530525222355969,-0.24023701349140125,0.15264174308549533,0.8235784944974095,0.0,0.0,coupled_memory_basin,transport_and_topology_unrelaxed
216,hysteresis,suppression_sensitive_coupling,fracture_precursor,coupled_memory_basin,0.9113266923760596,0.5582741701404627,0.3734868213771931,0.8115019599264531,,,,,1.0687312053473086,-0.3530525222355969,-0.24023701349140125,0.15264174308549533,0.8235784944974095,0.0,0.0,coupled_memory_basin,transport_and_topology_unrelaxed
217,hysteresis,suppression_sensitive_coupling,fracture_precursor,coupled_memory_basin,0.9255111687310316,0.9798150511624584,0.2144280170110479,0.8734792156030715,,,,,1.3478161810611902,0.05430388243142681,0.028501094387098688,0.08751899732084248,0.8883723790460977,0.05430388243142681,0.023422091023659605,coupled_memory_basin,transport_and_topology_unrelaxed
218,hysteresis,suppression_sensitive_coupling,fracture_precursor,coupled_memory_basin,0.9255111687310316,0.9798150511624584,0.2144280170110479,0.8734792156030715,,,,,1.3478161810611902,0.05430388243142681,0.028501094387098688,0.08751899732084248,0.8883723790460977,0.05430388243142681,0.023422091023659605,coupled_memory_basin,transport_and_topology_unrelaxed
219,hysteresis,suppression_sensitive_coupling,fracture_precursor,coupled_memory_basin,0.8474275268786343,0.656835719903732,0.3269311821025971,0.8031439095868543,,,,,1.0721784255678215,-0.1905918069749023,-0.1267010992806301,0.1335806727318462,0.8148406027846534,0.0,0.0,coupled_memory_basin,transport_and_topology_unrelaxed
220,hysteresis,suppression_sensitive_coupling,fracture_precursor,coupled_memory_basin,0.8474275268786343,0.656835719903732,0.3269311821025971,0.8031439095868543,,,,,1.0721784255678215,-0.1905918069749023,-0.1267010992806301,0.1335806727318462,0.8148406027846534,0.0,0.0,coupled_memory_basin,transport_and_topology_unrelaxed
221,hysteresis,suppression_sensitive_coupling,fracture_precursor,transport_dominant_basin,0.6196436807712212,0.1563523567159712,0.2630913731865094,0.5398584741917449,,,,,0.6390652162106348,-0.46329132405525003,-0.5970279507545804,0.10744302092266864,0.5395898528425641,0.0,0.0,transport_dominant_basin,transport_unrelaxed_topology_relaxed
222,hysteresis,suppression_sensitive_coupling,fracture_precursor,transport_dominant_basin,0.6196436807712212,0.1563523567159712,0.2630913731865094,0.5398584741917449,,,,,0.6390652162106348,-0.46329132405525003,-0.5970279507545804,0.10744302092266864,0.5395898528425641,0.0,0.0,transport_dominant_basin,transport_unrelaxed_topology_relaxed
223,hysteresis,suppression_sensitive_coupling,fracture_precursor,transition_basin,0.0327895169136267,0.3288494845236369,0.0132165096074943,0.113168773269233,,,,,0.3304801596024952,0.2960599676100102,0.8186616112547569,0.005137855995268767,0.0935087394105342,0.2960599676100102,0.12769517020407958,transition_basin,intermediate_relaxation
224,hysteresis,suppression_sensitive_coupling,fracture_precursor,transition_basin,0.0327895169136267,0.3288494845236369,0.0132165096074943,0.113168773269233,,,,,0.3304801596024952,0.2960599676100102,0.8186616112547569,0.005137855995268767,0.0935087394105342,0.2960599676100102,0.12769517020407958,transition_basin,intermediate_relaxation
225,hysteresis,suppression_sensitive_coupling,fracture_precursor,transport_dominant_basin,0.6410887590567627,0.3201844471199768,0.1200182810246066,0.5118732220796,,,,,0.7165981280790964,-0.32090431193678587,-0.3338325773302066,0.048865234903515825,0.5103327782169716,0.0,0.0,transport_dominant_basin,transport_unrelaxed_topology_relaxed
226,hysteresis,suppression_sensitive_coupling,fracture_precursor,transport_dominant_basin,0.6410887590567627,0.3201844471199768,0.1200182810246066,0.5118732220796,,,,,0.7165981280790964,-0.32090431193678587,-0.3338325773302066,0.048865234903515825,0.5103327782169716,0.0,0.0,transport_dominant_basin,transport_unrelaxed_topology_relaxed
227,hysteresis,suppression_sensitive_coupling,fracture_precursor,transition_basin,0.8529395446927301,0.4041464833645571,0.2391473222946381,0.7100250409088221,,,,,0.9438433381216292,-0.44879306132817304,-0.35701061925044625,0.09763971361741687,0.7174898382088497,0.0,0.0,transition_basin,intermediate_relaxation
228,hysteresis,suppression_sensitive_coupling,fracture_precursor,transition_basin,0.8529395446927301,0.4041464833645571,0.2391473222946381,0.7100250409088221,,,,,0.9438433381216292,-0.44879306132817304,-0.35701061925044625,0.09763971361741687,0.7174898382088497,0.0,0.0,transition_basin,intermediate_relaxation
229,hysteresis,suppression_sensitive_coupling,fracture_precursor,coupled_memory_basin,0.926347408001774,0.6110339085774446,0.3549498614002879,0.8315514999859351,,,,,1.1097215676659773,-0.3153134994243294,-0.2050977828491626,0.14505223720032168,0.8445392093545934,0.0,0.0,coupled_memory_basin,transport_and_topology_unrelaxed
230,hysteresis,suppression_sensitive_coupling,fracture_precursor,coupled_memory_basin,0.926347408001774,0.6110339085774446,0.3549498614002879,0.8315514999859351,,,,,1.1097215676659773,-0.3153134994243294,-0.2050977828491626,0.14505223720032168,0.8445392093545934,0.0,0.0,coupled_memory_basin,transport_and_topology_unrelaxed
231,hysteresis,suppression_sensitive_coupling,fracture_precursor,coupled_memory_basin,0.8114674359815588,0.7257890277869766,0.1191900688487006,0.6876200588118524,,,,,1.0886914680084758,-0.08567840819458217,-0.055734622175202,0.048526143639843554,0.6940666354958881,0.0,0.0,coupled_memory_basin,transport_and_topology_unrelaxed
232,hysteresis,suppression_sensitive_coupling,fracture_precursor,transport_dominant_basin,0.6928495201631126,0.3671022146047362,0.0614501172250738,0.4749619720074878,,,,,0.7840946968051481,-0.32574730555837644,-0.30732277222926047,0.024885929537686393,0.4717440532143823,0.0,0.0,transport_dominant_basin,transport_unrelaxed_topology_relaxed
233,hysteresis,suppression_sensitive_coupling,fracture_precursor,transition_basin,0.4416493816007637,0.1580880093281643,0.0023310808016017,0.2645298946833734,,,,,0.46909060421381155,-0.2835613722725994,-0.4728092271067523,0.0006810828195221023,0.2517486440174704,0.0,0.0,transition_basin,intermediate_relaxation
234,hysteresis,suppression_sensitive_coupling,fracture_precursor,transition_basin,0.0394884337395199,0.4289617997767681,0.0306997415636343,0.1449957767676916,,,,,0.43077553559472775,0.38947336603724825,0.8314082012788129,0.012295938657598243,0.12678215830745718,0.38947336603724825,0.16798579074221529,transition_basin,intermediate_relaxation
235,hysteresis,suppression_sensitive_coupling,fracture_precursor,transition_basin,0.4813141784525147,0.4669808642961899,0.0409637198641963,0.3819067801004352,,,,,0.670622446685343,-0.014333314156324772,-0.015114825566063772,0.016498274089862323,0.3744598592748909,0.0,0.0,transition_basin,intermediate_relaxation
236,hysteresis,suppression_sensitive_coupling,fracture_precursor,transition_basin,0.7090288070401936,0.4442001539748033,0.1634542892048029,0.604962134444454,,,,,0.8366813168728455,-0.2648286530653903,-0.22964100106545687,0.06664904843727563,0.6076522250799083,0.0,0.0,transition_basin,intermediate_relaxation
237,hysteresis,suppression_sensitive_coupling,fracture_precursor,transition_basin,0.8159485469360744,0.4787769280626994,0.2582532736772593,0.709416916901976,,,,,0.9460440677327069,-0.33717161887337505,-0.26041939035256406,0.10546217914795174,0.7168540772952579,0.0,0.0,transition_basin,intermediate_relaxation
238,hysteresis,suppression_sensitive_coupling,fracture_precursor,coupled_memory_basin,0.9027002500367604,0.910361136819349,0.0441899460030295,0.705513810134014,,,,,1.2820394459015085,0.007660886782588694,0.00422538742379188,0.017819173649341415,0.7127735892751996,0.007660886782588694,0.0033042570716804017,coupled_memory_basin,transport_and_topology_unrelaxed
239,hysteresis,suppression_sensitive_coupling,fracture_precursor,coupled_memory_basin,0.8149522709819503,0.6027809487827261,0.112180090142711,0.6522317727186511,,,,,1.013652838102889,-0.2121713221992242,-0.14965532248323274,0.04565607893072547,0.6570700873514714,0.0,0.0,coupled_memory_basin,transport_and_topology_unrelaxed
240,hysteresis,suppression_sensitive_coupling,fracture_precursor,transport_dominant_basin,0.5764410806657013,0.1282868150554517,0.1658844439242366,0.4641187905607842,,,,,0.59054367018546,-0.4481542656102496,-0.6359252533220844,0.06764401598146859,0.4604080907047799,0.0,0.0,transport_dominant_basin,transport_unrelaxed_topology_relaxed
241,hysteresis,suppression_sensitive_coupling,fracture_precursor,transition_basin,0.037823154015079,0.4810625208140588,0.0808265018748315,0.2084052234273057,,,,,0.48254713750226014,0.4432393667989798,0.854213920906717,0.03281911736977643,0.1930733214334365,0.4432393667989798,0.19117588521491982,transition_basin,intermediate_relaxation
242,hysteresis,suppression_sensitive_coupling,fracture_precursor,transition_basin,0.6047394896003617,0.4928300662636727,0.1293335536388209,0.5494200772887148,,,,,0.7801226342669222,-0.11190942333668902,-0.10196112195230227,0.052679145944790014,0.5495859941754108,0.0,0.0,transition_basin,intermediate_relaxation
243,hysteresis,suppression_sensitive_coupling,fracture_precursor,transition_basin,0.8235392902132943,0.4887946338841332,0.2866763259698506,0.731633621636703,,,,,0.9576727816112038,-0.3347446563291611,-0.2550758234487693,0.11709930427084012,0.7400804461610427,0.0,0.0,transition_basin,intermediate_relaxation
244,hysteresis,suppression_sensitive_coupling,fracture_precursor,coupled_memory_basin,0.9044096926708048,0.5660884377554599,0.3749219883778183,0.8100872299171008,,,,,1.0669643909509432,-0.3383212549153449,-0.2300725501888554,0.15322933718997753,0.8220994704281311,0.0,0.0,coupled_memory_basin,transport_and_topology_unrelaxed
245,hysteresis,suppression_sensitive_coupling,fracture_precursor,coupled_memory_basin,0.9160515365941708,0.980344431680095,0.2165855092608315,0.876205620282029,,,,,1.3417248683775336,0.06429289508592417,0.033902674421100606,0.08840232987091269,0.8912226883744602,0.06429289508592417,0.027730504219080146,coupled_memory_basin,transport_and_topology_unrelaxed
246,hysteresis,suppression_sensitive_coupling,fracture_precursor,coupled_memory_basin,0.8330526127156956,0.6644506601045825,0.3278824572436347,0.7982170703737967,,,,,1.0655849732733014,-0.1686019526111131,-0.11258870392548061,0.13397014912335373,0.8096898576011872,0.0,0.0,coupled_memory_basin,transport_and_topology_unrelaxed
247,hysteresis,suppression_sensitive_coupling,fracture_precursor,transport_dominant_basin,0.6021753934419735,0.1498605842470432,0.2668908352654595,0.5334581010551964,,,,,0.6205428262238317,-0.4523148091949303,-0.6014536838839524,0.10899861794853545,0.5328986072630265,0.0,0.0,transport_dominant_basin,transport_unrelaxed_topology_relaxed
248,hysteresis,suppression_sensitive_coupling,fracture_precursor,transition_basin,0.0251119325607445,0.3286259009657293,0.015233030625529,0.1098904510224329,,,,,0.3295839679694276,0.3035139684049848,0.858019526433866,0.005963471314771972,0.09008142997494235,0.3035139684049848,0.13091019420039865,transition_basin,intermediate_relaxation
249,hysteresis,suppression_sensitive_coupling,fracture_precursor,transport_dominant_basin,0.6193876769234385,0.3223469829633676,0.1190461066808672,0.4985682457086798,,,,,0.6982468558827885,-0.29704069396007093,-0.315418670048163,0.048467201843487774,0.4964231416335361,0.0,0.0,transport_dominant_basin,transport_unrelaxed_topology_relaxed
250,hysteresis,suppression_sensitive_coupling,fracture_precursor,transition_basin,0.837664461952237,0.4095450003616929,0.239045949529403,0.7030564993407111,,,,,0.9324209661622747,-0.4281194615905441,-0.34326187743630243,0.09759820901259997,0.7102046031188542,0.0,0.0,transition_basin,intermediate_relaxation
251,hysteresis,suppression_sensitive_coupling,fracture_precursor,coupled_memory_basin,0.9167608723643486,0.6174923932623437,0.3558351294262087,0.8283452045410218,,,,,1.1053268081590613,-0.2992684791020048,-0.19505806883817736,0.14541468858938725,0.8411872000631417,0.0,0.0,coupled_memory_basin,transport_and_topology_unrelaxed
252,hysteresis,neutral_coupling,latent_transport_activation,transition_basin,0.1696358165630546,0.0033553500882277,0.3239244214760828,0.2960768314502109,,,,,0.16966899727183185,-0.1662804664748269,-0.961207844843638,0.13234962797053318,0.28472926822259115,0.0,0.0,transition_basin,intermediate_relaxation
253,hysteresis,neutral_coupling,latent_transport_activation,transition_basin,0.1696358165630546,0.0033553500882277,0.3239244214760828,0.2960768314502109,,,,,0.16966899727183185,-0.1662804664748269,-0.961207844843638,0.13234962797053318,0.28472926822259115,0.0,0.0,transition_basin,intermediate_relaxation
254,hysteresis,neutral_coupling,latent_transport_activation,transition_basin,0.1696358165630546,0.0033553500882277,0.3239244214760828,0.2960768314502109,,,,,0.16966899727183185,-0.1662804664748269,-0.961207844843638,0.13234962797053318,0.28472926822259115,0.0,0.0,transition_basin,intermediate_relaxation
255,hysteresis,neutral_coupling,latent_transport_activation,coupled_memory_basin,0.5090637303794948,0.527304462408861,0.2149500478028989,0.5048302525413637,,,,,0.7329364758723534,0.018240732029366158,0.017600628962060036,0.08773273008888702,0.5029697326906986,0.018240732029366158,0.007867505356905141,coupled_memory_basin,transport_and_topology_unrelaxed
256,hysteresis,neutral_coupling,latent_transport_activation,coupled_memory_basin,0.5090637303794948,0.527304462408861,0.2149500478028989,0.5048302525413637,,,,,0.7329364758723534,0.018240732029366158,0.017600628962060036,0.08773273008888702,0.5029697326906986,0.018240732029366158,0.007867505356905141,coupled_memory_basin,transport_and_topology_unrelaxed
257,hysteresis,neutral_coupling,latent_transport_activation,coupled_memory_basin,0.5090637303794948,0.527304462408861,0.2149500478028989,0.5048302525413637,,,,,0.7329364758723534,0.018240732029366158,0.017600628962060036,0.08773273008888702,0.5029697326906986,0.018240732029366158,0.007867505356905141,coupled_memory_basin,transport_and_topology_unrelaxed
258,hysteresis,neutral_coupling,latent_transport_activation,coupled_memory_basin,0.6912294317079258,0.716637260666286,0.1162434885337848,0.558816310976178,,,,,0.9956741889968528,0.025407828958360135,0.018047041737662382,0.047319738238469654,0.5594092506925216,0.025407828958360135,0.010958783349013106,coupled_memory_basin,transport_and_topology_unrelaxed
259,hysteresis,neutral_coupling,latent_transport_activation,coupled_memory_basin,0.6912294317079258,0.716637260666286,0.1162434885337848,0.558816310976178,,,,,0.9956741889968528,0.025407828958360135,0.018047041737662382,0.047319738238469654,0.5594092506925216,0.025407828958360135,0.010958783349013106,coupled_memory_basin,transport_and_topology_unrelaxed
260,hysteresis,neutral_coupling,latent_transport_activation,coupled_memory_basin,0.6912294317079258,0.716637260666286,0.1162434885337848,0.558816310976178,,,,,0.9956741889968528,0.025407828958360135,0.018047041737662382,0.047319738238469654,0.5594092506925216,0.025407828958360135,0.010958783349013106,coupled_memory_basin,transport_and_topology_unrelaxed
261,hysteresis,neutral_coupling,latent_transport_activation,coupled_memory_basin,0.7768883558274466,0.7783438339578221,0.0708764418085547,0.5599904626540434,,,,,1.0997157092996512,0.0014554781303754982,0.0009358590568881683,0.02874530809765614,0.5606367630666611,0.0014554781303754982,0.0006277698707021364,coupled_memory_basin,transport_and_topology_unrelaxed
262,hysteresis,neutral_coupling,latent_transport_activation,coupled_memory_basin,0.7768883558274466,0.7783438339578221,0.0708764418085547,0.5599904626540434,,,,,1.0997157092996512,0.0014554781303754982,0.0009358590568881683,0.02874530809765614,0.5606367630666611,0.0014554781303754982,0.0006277698707021364,coupled_memory_basin,transport_and_topology_unrelaxed
263,hysteresis,neutral_coupling,latent_transport_activation,coupled_memory_basin,0.7768883558274466,0.7783438339578221,0.0708764418085547,0.5599904626540434,,,,,1.0997157092996512,0.0014554781303754982,0.0009358590568881683,0.02874530809765614,0.5606367630666611,0.0014554781303754982,0.0006277698707021364,coupled_memory_basin,transport_and_topology_unrelaxed
264,hysteresis,neutral_coupling,latent_transport_activation,coupled_memory_basin,0.7983899977182453,0.7603195096777865,0.0746174044757448,0.5714954587582209,,,,,1.1025027642837044,-0.03807048804045876,-0.02442436378285432,0.030276953967001887,0.5726646171748968,0.0,0.0,coupled_memory_basin,transport_and_topology_unrelaxed
265,hysteresis,neutral_coupling,latent_transport_activation,coupled_memory_basin,0.7983899977182453,0.7603195096777865,0.0746174044757448,0.5714954587582209,,,,,1.1025027642837044,-0.03807048804045876,-0.02442436378285432,0.030276953967001887,0.5726646171748968,0.0,0.0,coupled_memory_basin,transport_and_topology_unrelaxed
266,hysteresis,neutral_coupling,latent_transport_activation,coupled_memory_basin,0.7983899977182453,0.7603195096777865,0.0746174044757448,0.5714954587582209,,,,,1.1025027642837044,-0.03807048804045876,-0.02442436378285432,0.030276953967001887,0.5726646171748968,0.0,0.0,coupled_memory_basin,transport_and_topology_unrelaxed
267,hysteresis,neutral_coupling,latent_transport_activation,coupled_memory_basin,0.719662210908667,0.6441838372850881,0.0650444763375102,0.4849658584946897,,,,,0.9658605044359623,-0.0754783736235789,-0.05534229741214948,0.026357552159262446,0.4822025780234193,0.0,0.0,coupled_memory_basin,transport_and_topology_unrelaxed
268,hysteresis,neutral_coupling,latent_transport_activation,coupled_memory_basin,0.719662210908667,0.6441838372850881,0.0650444763375102,0.4849658584946897,,,,,0.9658605044359623,-0.0754783736235789,-0.05534229741214948,0.026357552159262446,0.4822025780234193,0.0,0.0,coupled_memory_basin,transport_and_topology_unrelaxed
269,hysteresis,neutral_coupling,latent_transport_activation,coupled_memory_basin,0.719662210908667,0.6441838372850881,0.0650444763375102,0.4849658584946897,,,,,0.9658605044359623,-0.0754783736235789,-0.05534229741214948,0.026357552159262446,0.4822025780234193,0.0,0.0,coupled_memory_basin,transport_and_topology_unrelaxed
270,hysteresis,neutral_coupling,latent_transport_activation,transition_basin,0.0744777945890302,0.1120239887290166,0.0066798057655237,0.0610986517734467,,,,,0.1345225480639012,0.0375461941399864,0.2013181508069362,0.002461562129387764,0.03907223034278988,0.0375461941399864,0.01619424500355472,transition_basin,intermediate_relaxation
271,hysteresis,neutral_coupling,latent_transport_activation,transition_basin,0.0744777945890302,0.1120239887290166,0.0066798057655237,0.0610986517734467,,,,,0.1345225480639012,0.0375461941399864,0.2013181508069362,0.002461562129387764,0.03907223034278988,0.0375461941399864,0.01619424500355472,transition_basin,intermediate_relaxation
272,hysteresis,neutral_coupling,latent_transport_activation,transition_basin,0.0744777945890302,0.1120239887290166,0.0066798057655237,0.0610986517734467,,,,,0.1345225480639012,0.0375461941399864,0.2013181508069362,0.002461562129387764,0.03907223034278988,0.0375461941399864,0.01619424500355472,transition_basin,intermediate_relaxation
273,hysteresis,neutral_coupling,latent_transport_activation,transition_basin,0.295713883926004,0.5476372874408589,0.3264514534831555,0.4510286686223446,,,,,0.6223771362623984,0.2519234035148549,0.2987170849674056,0.1333842595559493,0.4467230728648002,0.2519234035148549,0.10865839833028722,transition_basin,intermediate_relaxation
274,hysteresis,neutral_coupling,latent_transport_activation,transition_basin,0.295713883926004,0.5476372874408589,0.3264514534831555,0.4510286686223446,,,,,0.6223771362623984,0.2519234035148549,0.2987170849674056,0.1333842595559493,0.4467230728648002,0.2519234035148549,0.10865839833028722,transition_basin,intermediate_relaxation
275,hysteresis,neutral_coupling,latent_transport_activation,transition_basin,0.295713883926004,0.5476372874408589,0.3264514534831555,0.4510286686223446,,,,,0.6223771362623984,0.2519234035148549,0.2987170849674056,0.1333842595559493,0.4467230728648002,0.2519234035148549,0.10865839833028722,transition_basin,intermediate_relaxation
276,hysteresis,neutral_coupling,latent_transport_activation,transition_basin,0.3906383359734192,0.443000264444605,0.2029834036828472,0.4351872162099677,,,,,0.5906331719689234,0.052361928471185815,0.06281130509655666,0.08283327968881804,0.43016168711957237,0.052361928471185815,0.02258449672314238,transition_basin,intermediate_relaxation
277,hysteresis,neutral_coupling,latent_transport_activation,transition_basin,0.3906383359734192,0.443000264444605,0.2029834036828472,0.4351872162099677,,,,,0.5906331719689234,0.052361928471185815,0.06281130509655666,0.08283327968881804,0.43016168711957237,0.052361928471185815,0.02258449672314238,transition_basin,intermediate_relaxation
278,hysteresis,neutral_coupling,latent_transport_activation,transition_basin,0.3906383359734192,0.443000264444605,0.2029834036828472,0.4351872162099677,,,,,0.5906331719689234,0.052361928471185815,0.06281130509655666,0.08283327968881804,0.43016168711957237,0.052361928471185815,0.02258449672314238,transition_basin,intermediate_relaxation
279,hysteresis,neutral_coupling,latent_transport_activation,coupled_memory_basin,0.7162497200701714,0.7879248899087329,0.107551726724715,0.5905857965944934,,,,,1.0648189018036296,0.07167516983856148,0.04765083080315992,0.04376110848015714,0.592622537741966,0.07167516983856148,0.030914591681634566,coupled_memory_basin,transport_and_topology_unrelaxed
280,hysteresis,neutral_coupling,latent_transport_activation,coupled_memory_basin,0.7162497200701714,0.7879248899087329,0.107551726724715,0.5905857965944934,,,,,1.0648189018036296,0.07167516983856148,0.04765083080315992,0.04376110848015714,0.592622537741966,0.07167516983856148,0.030914591681634566,coupled_memory_basin,transport_and_topology_unrelaxed
281,hysteresis,neutral_coupling,latent_transport_activation,coupled_memory_basin,0.7162497200701714,0.7879248899087329,0.107551726724715,0.5905857965944934,,,,,1.0648189018036296,0.07167516983856148,0.04765083080315992,0.04376110848015714,0.592622537741966,0.07167516983856148,0.030914591681634566,coupled_memory_basin,transport_and_topology_unrelaxed
282,hysteresis,neutral_coupling,latent_transport_activation,coupled_memory_basin,0.838984998796541,0.865756145617379,0.1257253790260168,0.7015990688119704,,,,,1.205582652446481,0.026771146820838032,0.015703936582129065,0.05120186690374292,0.7086809379551419,0.026771146820838032,0.011546803093447784,coupled_memory_basin,transport_and_topology_unrelaxed
283,hysteresis,neutral_coupling,latent_transport_activation,coupled_memory_basin,0.838984998796541,0.865756145617379,0.1257253790260168,0.7015990688119704,,,,,1.205582652446481,0.026771146820838032,0.015703936582129065,0.05120186690374292,0.7086809379551419,0.026771146820838032,0.011546803093447784,coupled_memory_basin,transport_and_topology_unrelaxed
284,hysteresis,neutral_coupling,latent_transport_activation,coupled_memory_basin,0.838984998796541,0.865756145617379,0.1257253790260168,0.7015990688119704,,,,,1.205582652446481,0.026771146820838032,0.015703936582129065,0.05120186690374292,0.7086809379551419,0.026771146820838032,0.011546803093447784,coupled_memory_basin,transport_and_topology_unrelaxed
285,hysteresis,neutral_coupling,latent_transport_activation,coupled_memory_basin,0.8871899987571151,0.8599771442777371,0.2157169049164582,0.783352912853235,,,,,1.2355835797608925,-0.027212854479378046,-0.015575415659484865,0.08804670101959501,0.7941501810571653,0.0,0.0,coupled_memory_basin,transport_and_topology_unrelaxed
286,hysteresis,neutral_coupling,latent_transport_activation,coupled_memory_basin,0.8871899987571151,0.8599771442777371,0.2157169049164582,0.783352912853235,,,,,1.2355835797608925,-0.027212854479378046,-0.015575415659484865,0.08804670101959501,0.7941501810571653,0.0,0.0,coupled_memory_basin,transport_and_topology_unrelaxed
287,hysteresis,neutral_coupling,latent_transport_activation,coupled_memory_basin,0.8871899987571151,0.8599771442777371,0.2157169049164582,0.783352912853235,,,,,1.2355835797608925,-0.027212854479378046,-0.015575415659484865,0.08804670101959501,0.7941501810571653,0.0,0.0,coupled_memory_basin,transport_and_topology_unrelaxed
288,hysteresis,neutral_coupling,latent_transport_activation,coupled_memory_basin,0.8842842650585045,0.8030145707358477,0.26370066918741,0.787578851028311,,,,,1.1944835964734457,-0.08126969432265685,-0.04816556059813096,0.1076924823009318,0.7985681719352136,0.0,0.0,coupled_memory_basin,transport_and_topology_unrelaxed
289,hysteresis,neutral_coupling,latent_transport_activation,coupled_memory_basin,0.8842842650585045,0.8030145707358477,0.26370066918741,0.787578851028311,,,,,1.1944835964734457,-0.08126969432265685,-0.04816556059813096,0.1076924823009318,0.7985681719352136,0.0,0.0,coupled_memory_basin,transport_and_topology_unrelaxed
290,hysteresis,neutral_coupling,latent_transport_activation,coupled_memory_basin,0.8842842650585045,0.8030145707358477,0.26370066918741,0.787578851028311,,,,,1.1944835964734457,-0.08126969432265685,-0.04816556059813096,0.1076924823009318,0.7985681719352136,0.0,0.0,coupled_memory_basin,transport_and_topology_unrelaxed
291,hysteresis,neutral_coupling,latent_transport_activation,coupled_memory_basin,0.7679769893049111,0.6186491576679514,0.2067433828671898,0.6513055872269975,,,,,0.9861619726926714,-0.14932783163695973,-0.10769148696845864,0.08437271140703134,0.6561018102768943,0.0,0.0,coupled_memory_basin,transport_and_topology_unrelaxed
292,hysteresis,neutral_coupling,latent_transport_activation,coupled_memory_basin,0.7679769893049111,0.6186491576679514,0.2067433828671898,0.6513055872269975,,,,,0.9861619726926714,-0.14932783163695973,-0.10769148696845864,0.08437271140703134,0.6561018102768943,0.0,0.0,coupled_memory_basin,transport_and_topology_unrelaxed
293,hysteresis,neutral_coupling,latent_transport_activation,coupled_memory_basin,0.7679769893049111,0.6186491576679514,0.2067433828671898,0.6513055872269975,,,,,0.9861619726926714,-0.14932783163695973,-0.10769148696845864,0.08437271140703134,0.6561018102768943,0.0,0.0,coupled_memory_basin,transport_and_topology_unrelaxed
294,hysteresis,neutral_coupling,latent_transport_activation,coupled_memory_basin,0.7126326035490761,0.9529303853723768,0.2577784908266749,0.7508520645465427,,,,,1.189925017388525,0.24029778182330075,0.14427420843372785,0.10526779089641647,0.7601722936865777,0.24029778182330075,0.10364409074721412,coupled_memory_basin,transport_and_topology_unrelaxed
295,hysteresis,neutral_coupling,latent_transport_activation,coupled_memory_basin,0.7126326035490761,0.9529303853723768,0.2577784908266749,0.7508520645465427,,,,,1.189925017388525,0.24029778182330075,0.14427420843372785,0.10526779089641647,0.7601722936865777,0.24029778182330075,0.10364409074721412,coupled_memory_basin,transport_and_topology_unrelaxed
296,hysteresis,neutral_coupling,latent_transport_activation,coupled_memory_basin,0.7126326035490761,0.9529303853723768,0.2577784908266749,0.7508520645465427,,,,,1.189925017388525,0.24029778182330075,0.14427420843372785,0.10526779089641647,0.7601722936865777,0.24029778182330075,0.10364409074721412,coupled_memory_basin,transport_and_topology_unrelaxed
297,hysteresis,neutral_coupling,latent_transport_activation,transition_basin,0.2778174776231523,0.3103159467161514,0.0810600122793991,0.2770364447336606,,,,,0.4165075481419659,0.03249846909299914,0.05525696678343346,0.0329147225063211,0.2648235688623021,0.03249846909299914,0.014017084362006906,transition_basin,intermediate_relaxation
298,hysteresis,neutral_coupling,latent_transport_activation,transition_basin,0.2778174776231523,0.3103159467161514,0.0810600122793991,0.2770364447336606,,,,,0.4165075481419659,0.03249846909299914,0.05525696678343346,0.0329147225063211,0.2648235688623021,0.03249846909299914,0.014017084362006906,transition_basin,intermediate_relaxation
299,hysteresis,neutral_coupling,latent_transport_activation,transition_basin,0.2778174776231523,0.3103159467161514,0.0810600122793991,0.2770364447336606,,,,,0.4165075481419659,0.03249846909299914,0.05525696678343346,0.0329147225063211,0.2648235688623021,0.03249846909299914,0.014017084362006906,transition_basin,intermediate_relaxation
300,hysteresis,neutral_coupling,latent_transport_activation,transition_basin,0.4455373673508953,0.6287874052851266,0.1178139178955746,0.4635364187897196,,,,,0.7706342496613867,0.18325003793423128,0.17057229117450992,0.04796271221577783,0.4597992523674443,0.18325003793423128,0.07903853051399345,transition_basin,intermediate_relaxation
301,hysteresis,neutral_coupling,latent_transport_activation,transition_basin,0.4455373673508953,0.6287874052851266,0.1178139178955746,0.4635364187897196,,,,,0.7706342496613867,0.18325003793423128,0.17057229117450992,0.04796271221577783,0.4597992523674443,0.18325003793423128,0.07903853051399345,transition_basin,intermediate_relaxation
302,hysteresis,neutral_coupling,latent_transport_activation,transition_basin,0.4455373673508953,0.6287874052851266,0.1178139178955746,0.4635364187897196,,,,,0.7706342496613867,0.18325003793423128,0.17057229117450992,0.04796271221577783,0.4597992523674443,0.18325003793423128,0.07903853051399345,transition_basin,intermediate_relaxation
303,hysteresis,neutral_coupling,latent_transport_activation,coupled_memory_basin,0.7667185981792848,0.7802844035748691,0.3013326424988847,0.7552023927599054,,,,,1.0939383708674801,0.013565805395584274,0.008769087959230315,0.12309997539979849,0.7647203276536877,0.013565805395584274,0.005851138345142426,coupled_memory_basin,transport_and_topology_unrelaxed
304,hysteresis,neutral_coupling,latent_transport_activation,coupled_memory_basin,0.7667185981792848,0.7802844035748691,0.3013326424988847,0.7552023927599054,,,,,1.0939383708674801,0.013565805395584274,0.008769087959230315,0.12309997539979849,0.7647203276536877,0.013565805395584274,0.005851138345142426,coupled_memory_basin,transport_and_topology_unrelaxed
305,hysteresis,neutral_coupling,latent_transport_activation,coupled_memory_basin,0.7667185981792848,0.7802844035748691,0.3013326424988847,0.7552023927599054,,,,,1.0939383708674801,0.013565805395584274,0.008769087959230315,0.12309997539979849,0.7647203276536877,0.013565805395584274,0.005851138345142426,coupled_memory_basin,transport_and_topology_unrelaxed
306,hysteresis,neutral_coupling,latent_transport_activation,coupled_memory_basin,0.8706096703052068,0.80717962216118,0.4153389490884382,0.8364497756978055,,,,,1.1872237112108257,-0.06343004814402675,-0.037805729497024855,0.16977707541438156,0.8496600929351535,0.0,0.0,coupled_memory_basin,transport_and_topology_unrelaxed
307,hysteresis,neutral_coupling,latent_transport_activation,coupled_memory_basin,0.8706096703052068,0.80717962216118,0.4153389490884382,0.8364497756978055,,,,,1.1872237112108257,-0.06343004814402675,-0.037805729497024855,0.16977707541438156,0.8496600929351535,0.0,0.0,coupled_memory_basin,transport_and_topology_unrelaxed
308,hysteresis,neutral_coupling,latent_transport_activation,coupled_memory_basin,0.8706096703052068,0.80717962216118,0.4153389490884382,0.8364497756978055,,,,,1.1872237112108257,-0.06343004814402675,-0.037805729497024855,0.16977707541438156,0.8496600929351535,0.0,0.0,coupled_memory_basin,transport_and_topology_unrelaxed
309,hysteresis,neutral_coupling,latent_transport_activation,coupled_memory_basin,0.893305336952004,0.7930814395197705,0.4499717756825152,0.8511677786434373,,,,,1.1945595819119634,-0.10022389743223348,-0.05943114523339688,0.18395664108121257,0.8650469727386471,0.0,0.0,coupled_memory_basin,transport_and_topology_unrelaxed
310,hysteresis,neutral_coupling,latent_transport_activation,coupled_memory_basin,0.893305336952004,0.7930814395197705,0.4499717756825152,0.8511677786434373,,,,,1.1945595819119634,-0.10022389743223348,-0.05943114523339688,0.18395664108121257,0.8650469727386471,0.0,0.0,coupled_memory_basin,transport_and_topology_unrelaxed
311,hysteresis,neutral_coupling,latent_transport_activation,coupled_memory_basin,0.893305336952004,0.7930814395197705,0.4499717756825152,0.8511677786434373,,,,,1.1945595819119634,-0.10022389743223348,-0.05943114523339688,0.18395664108121257,0.8650469727386471,0.0,0.0,coupled_memory_basin,transport_and_topology_unrelaxed
312,hysteresis,neutral_coupling,latent_transport_activation,coupled_memory_basin,0.8649646181555299,0.7311572354835243,0.4078546866127195,0.8063496143466763,,,,,1.1325876097065743,-0.13380738267200565,-0.08383281161576082,0.1667128267902048,0.8181919945466389,0.0,0.0,coupled_memory_basin,transport_and_topology_unrelaxed
313,hysteresis,neutral_coupling,latent_transport_activation,coupled_memory_basin,0.8649646181555299,0.7311572354835243,0.4078546866127195,0.8063496143466763,,,,,1.1325876097065743,-0.13380738267200565,-0.08383281161576082,0.1667128267902048,0.8181919945466389,0.0,0.0,coupled_memory_basin,transport_and_topology_unrelaxed
314,hysteresis,neutral_coupling,latent_transport_activation,coupled_memory_basin,0.8649646181555299,0.7311572354835243,0.4078546866127195,0.8063496143466763,,,,,1.1325876097065743,-0.13380738267200565,-0.08383281161576082,0.1667128267902048,0.8181919945466389,0.0,0.0,coupled_memory_basin,transport_and_topology_unrelaxed
315,hysteresis,neutral_coupling,latent_transport_activation,transition_basin,0.1696358165630546,0.0033553500882277,0.3239244214760828,0.2960768314502109,,,,,0.16966899727183185,-0.1662804664748269,-0.961207844843638,0.13234962797053318,0.28472926822259115,0.0,0.0,transition_basin,intermediate_relaxation
316,hysteresis,neutral_coupling,latent_transport_activation,transition_basin,0.1696358165630546,0.0033553500882277,0.3239244214760828,0.2960768314502109,,,,,0.16966899727183185,-0.1662804664748269,-0.961207844843638,0.13234962797053318,0.28472926822259115,0.0,0.0,transition_basin,intermediate_relaxation
317,hysteresis,neutral_coupling,latent_transport_activation,transition_basin,0.1696358165630546,0.0033553500882277,0.3239244214760828,0.2960768314502109,,,,,0.16966899727183185,-0.1662804664748269,-0.961207844843638,0.13234962797053318,0.28472926822259115,0.0,0.0,transition_basin,intermediate_relaxation
318,hysteresis,neutral_coupling,latent_transport_activation,coupled_memory_basin,0.5090637303794948,0.527304462408861,0.2149500478028989,0.5048302525413637,,,,,0.7329364758723534,0.018240732029366158,0.017600628962060036,0.08773273008888702,0.5029697326906986,0.018240732029366158,0.007867505356905141,coupled_memory_basin,transport_and_topology_unrelaxed
319,hysteresis,neutral_coupling,latent_transport_activation,coupled_memory_basin,0.5090637303794948,0.527304462408861,0.2149500478028989,0.5048302525413637,,,,,0.7329364758723534,0.018240732029366158,0.017600628962060036,0.08773273008888702,0.5029697326906986,0.018240732029366158,0.007867505356905141,coupled_memory_basin,transport_and_topology_unrelaxed
320,hysteresis,neutral_coupling,latent_transport_activation,coupled_memory_basin,0.5090637303794948,0.527304462408861,0.2149500478028989,0.5048302525413637,,,,,0.7329364758723534,0.018240732029366158,0.017600628962060036,0.08773273008888702,0.5029697326906986,0.018240732029366158,0.007867505356905141,coupled_memory_basin,transport_and_topology_unrelaxed
321,hysteresis,neutral_coupling,latent_transport_activation,coupled_memory_basin,0.6912294317079258,0.716637260666286,0.1162434885337848,0.558816310976178,,,,,0.9956741889968528,0.025407828958360135,0.018047041737662382,0.047319738238469654,0.5594092506925216,0.025407828958360135,0.010958783349013106,coupled_memory_basin,transport_and_topology_unrelaxed
322,hysteresis,neutral_coupling,latent_transport_activation,coupled_memory_basin,0.6912294317079258,0.716637260666286,0.1162434885337848,0.558816310976178,,,,,0.9956741889968528,0.025407828958360135,0.018047041737662382,0.047319738238469654,0.5594092506925216,0.025407828958360135,0.010958783349013106,coupled_memory_basin,transport_and_topology_unrelaxed
323,hysteresis,neutral_coupling,latent_transport_activation,coupled_memory_basin,0.6912294317079258,0.716637260666286,0.1162434885337848,0.558816310976178,,,,,0.9956741889968528,0.025407828958360135,0.018047041737662382,0.047319738238469654,0.5594092506925216,0.025407828958360135,0.010958783349013106,coupled_memory_basin,transport_and_topology_unrelaxed
324,hysteresis,neutral_coupling,latent_transport_activation,coupled_memory_basin,0.7768883558274466,0.7783438339578221,0.0708764418085547,0.5599904626540434,,,,,1.0997157092996512,0.0014554781303754982,0.0009358590568881683,0.02874530809765614,0.5606367630666611,0.0014554781303754982,0.0006277698707021364,coupled_memory_basin,transport_and_topology_unrelaxed
325,hysteresis,neutral_coupling,latent_transport_activation,coupled_memory_basin,0.7768883558274466,0.7783438339578221,0.0708764418085547,0.5599904626540434,,,,,1.0997157092996512,0.0014554781303754982,0.0009358590568881683,0.02874530809765614,0.5606367630666611,0.0014554781303754982,0.0006277698707021364,coupled_memory_basin,transport_and_topology_unrelaxed
326,hysteresis,neutral_coupling,latent_transport_activation,coupled_memory_basin,0.7768883558274466,0.7783438339578221,0.0708764418085547,0.5599904626540434,,,,,1.0997157092996512,0.0014554781303754982,0.0009358590568881683,0.02874530809765614,0.5606367630666611,0.0014554781303754982,0.0006277698707021364,coupled_memory_basin,transport_and_topology_unrelaxed
327,hysteresis,neutral_coupling,latent_transport_activation,coupled_memory_basin,0.7983899977182453,0.7603195096777865,0.0746174044757448,0.5714954587582209,,,,,1.1025027642837044,-0.03807048804045876,-0.02442436378285432,0.030276953967001887,0.5726646171748968,0.0,0.0,coupled_memory_basin,transport_and_topology_unrelaxed
328,hysteresis,neutral_coupling,latent_transport_activation,coupled_memory_basin,0.7983899977182453,0.7603195096777865,0.0746174044757448,0.5714954587582209,,,,,1.1025027642837044,-0.03807048804045876,-0.02442436378285432,0.030276953967001887,0.5726646171748968,0.0,0.0,coupled_memory_basin,transport_and_topology_unrelaxed
329,hysteresis,neutral_coupling,latent_transport_activation,coupled_memory_basin,0.7983899977182453,0.7603195096777865,0.0746174044757448,0.5714954587582209,,,,,1.1025027642837044,-0.03807048804045876,-0.02442436378285432,0.030276953967001887,0.5726646171748968,0.0,0.0,coupled_memory_basin,transport_and_topology_unrelaxed
330,hysteresis,neutral_coupling,latent_transport_activation,coupled_memory_basin,0.719662210908667,0.6441838372850881,0.0650444763375102,0.4849658584946897,,,,,0.9658605044359623,-0.0754783736235789,-0.05534229741214948,0.026357552159262446,0.4822025780234193,0.0,0.0,coupled_memory_basin,transport_and_topology_unrelaxed
331,hysteresis,neutral_coupling,latent_transport_activation,coupled_memory_basin,0.719662210908667,0.6441838372850881,0.0650444763375102,0.4849658584946897,,,,,0.9658605044359623,-0.0754783736235789,-0.05534229741214948,0.026357552159262446,0.4822025780234193,0.0,0.0,coupled_memory_basin,transport_and_topology_unrelaxed
332,hysteresis,neutral_coupling,latent_transport_activation,coupled_memory_basin,0.719662210908667,0.6441838372850881,0.0650444763375102,0.4849658584946897,,,,,0.9658605044359623,-0.0754783736235789,-0.05534229741214948,0.026357552159262446,0.4822025780234193,0.0,0.0,coupled_memory_basin,transport_and_topology_unrelaxed
333,hysteresis,neutral_coupling,latent_transport_activation,transition_basin,0.0744777945890302,0.1120239887290166,0.0066798057655237,0.0610986517734467,,,,,0.1345225480639012,0.0375461941399864,0.2013181508069362,0.002461562129387764,0.03907223034278988,0.0375461941399864,0.01619424500355472,transition_basin,intermediate_relaxation
334,hysteresis,neutral_coupling,latent_transport_activation,transition_basin,0.0744777945890302,0.1120239887290166,0.0066798057655237,0.0610986517734467,,,,,0.1345225480639012,0.0375461941399864,0.2013181508069362,0.002461562129387764,0.03907223034278988,0.0375461941399864,0.01619424500355472,transition_basin,intermediate_relaxation
335,hysteresis,neutral_coupling,latent_transport_activation,transition_basin,0.0744777945890302,0.1120239887290166,0.0066798057655237,0.0610986517734467,,,,,0.1345225480639012,0.0375461941399864,0.2013181508069362,0.002461562129387764,0.03907223034278988,0.0375461941399864,0.01619424500355472,transition_basin,intermediate_relaxation
336,hysteresis,neutral_coupling,latent_transport_activation,transition_basin,0.295713883926004,0.5476372874408589,0.3264514534831555,0.4510286686223446,,,,,0.6223771362623984,0.2519234035148549,0.2987170849674056,0.1333842595559493,0.4467230728648002,0.2519234035148549,0.10865839833028722,transition_basin,intermediate_relaxation
337,hysteresis,neutral_coupling,latent_transport_activation,transition_basin,0.295713883926004,0.5476372874408589,0.3264514534831555,0.4510286686223446,,,,,0.6223771362623984,0.2519234035148549,0.2987170849674056,0.1333842595559493,0.4467230728648002,0.2519234035148549,0.10865839833028722,transition_basin,intermediate_relaxation
338,hysteresis,neutral_coupling,latent_transport_activation,transition_basin,0.295713883926004,0.5476372874408589,0.3264514534831555,0.4510286686223446,,,,,0.6223771362623984,0.2519234035148549,0.2987170849674056,0.1333842595559493,0.4467230728648002,0.2519234035148549,0.10865839833028722,transition_basin,intermediate_relaxation
339,hysteresis,neutral_coupling,latent_transport_activation,transition_basin,0.3906383359734192,0.443000264444605,0.2029834036828472,0.4351872162099677,,,,,0.5906331719689234,0.052361928471185815,0.06281130509655666,0.08283327968881804,0.43016168711957237,0.052361928471185815,0.02258449672314238,transition_basin,intermediate_relaxation
340,hysteresis,neutral_coupling,latent_transport_activation,transition_basin,0.3906383359734192,0.443000264444605,0.2029834036828472,0.4351872162099677,,,,,0.5906331719689234,0.052361928471185815,0.06281130509655666,0.08283327968881804,0.43016168711957237,0.052361928471185815,0.02258449672314238,transition_basin,intermediate_relaxation
341,hysteresis,neutral_coupling,latent_transport_activation,transition_basin,0.3906383359734192,0.443000264444605,0.2029834036828472,0.4351872162099677,,,,,0.5906331719689234,0.052361928471185815,0.06281130509655666,0.08283327968881804,0.43016168711957237,0.052361928471185815,0.02258449672314238,transition_basin,intermediate_relaxation
342,hysteresis,neutral_coupling,latent_transport_activation,coupled_memory_basin,0.7162497200701714,0.7879248899087329,0.107551726724715,0.5905857965944934,,,,,1.0648189018036296,0.07167516983856148,0.04765083080315992,0.04376110848015714,0.592622537741966,0.07167516983856148,0.030914591681634566,coupled_memory_basin,transport_and_topology_unrelaxed
343,hysteresis,neutral_coupling,latent_transport_activation,coupled_memory_basin,0.7162497200701714,0.7879248899087329,0.107551726724715,0.5905857965944934,,,,,1.0648189018036296,0.07167516983856148,0.04765083080315992,0.04376110848015714,0.592622537741966,0.07167516983856148,0.030914591681634566,coupled_memory_basin,transport_and_topology_unrelaxed
344,hysteresis,neutral_coupling,latent_transport_activation,coupled_memory_basin,0.7162497200701714,0.7879248899087329,0.107551726724715,0.5905857965944934,,,,,1.0648189018036296,0.07167516983856148,0.04765083080315992,0.04376110848015714,0.592622537741966,0.07167516983856148,0.030914591681634566,coupled_memory_basin,transport_and_topology_unrelaxed
345,hysteresis,neutral_coupling,latent_transport_activation,coupled_memory_basin,0.838984998796541,0.865756145617379,0.1257253790260168,0.7015990688119704,,,,,1.205582652446481,0.026771146820838032,0.015703936582129065,0.05120186690374292,0.7086809379551419,0.026771146820838032,0.011546803093447784,coupled_memory_basin,transport_and_topology_unrelaxed
346,hysteresis,neutral_coupling,latent_transport_activation,coupled_memory_basin,0.838984998796541,0.865756145617379,0.1257253790260168,0.7015990688119704,,,,,1.205582652446481,0.026771146820838032,0.015703936582129065,0.05120186690374292,0.7086809379551419,0.026771146820838032,0.011546803093447784,coupled_memory_basin,transport_and_topology_unrelaxed
347,hysteresis,neutral_coupling,latent_transport_activation,coupled_memory_basin,0.838984998796541,0.865756145617379,0.1257253790260168,0.7015990688119704,,,,,1.205582652446481,0.026771146820838032,0.015703936582129065,0.05120186690374292,0.7086809379551419,0.026771146820838032,0.011546803093447784,coupled_memory_basin,transport_and_topology_unrelaxed
348,hysteresis,neutral_coupling,latent_transport_activation,coupled_memory_basin,0.8871899987571151,0.8599771442777371,0.2157169049164582,0.783352912853235,,,,,1.2355835797608925,-0.027212854479378046,-0.015575415659484865,0.08804670101959501,0.7941501810571653,0.0,0.0,coupled_memory_basin,transport_and_topology_unrelaxed
349,hysteresis,neutral_coupling,latent_transport_activation,coupled_memory_basin,0.8871899987571151,0.8599771442777371,0.2157169049164582,0.783352912853235,,,,,1.2355835797608925,-0.027212854479378046,-0.015575415659484865,0.08804670101959501,0.7941501810571653,0.0,0.0,coupled_memory_basin,transport_and_topology_unrelaxed
350,hysteresis,neutral_coupling,latent_transport_activation,coupled_memory_basin,0.8871899987571151,0.8599771442777371,0.2157169049164582,0.783352912853235,,,,,1.2355835797608925,-0.027212854479378046,-0.015575415659484865,0.08804670101959501,0.7941501810571653,0.0,0.0,coupled_memory_basin,transport_and_topology_unrelaxed
351,hysteresis,neutral_coupling,latent_transport_activation,coupled_memory_basin,0.8842842650585045,0.8030145707358477,0.26370066918741,0.787578851028311,,,,,1.1944835964734457,-0.08126969432265685,-0.04816556059813096,0.1076924823009318,0.7985681719352136,0.0,0.0,coupled_memory_basin,transport_and_topology_unrelaxed
352,hysteresis,neutral_coupling,latent_transport_activation,coupled_memory_basin,0.8842842650585045,0.8030145707358477,0.26370066918741,0.787578851028311,,,,,1.1944835964734457,-0.08126969432265685,-0.04816556059813096,0.1076924823009318,0.7985681719352136,0.0,0.0,coupled_memory_basin,transport_and_topology_unrelaxed
353,hysteresis,neutral_coupling,latent_transport_activation,coupled_memory_basin,0.8842842650585045,0.8030145707358477,0.26370066918741,0.787578851028311,,,,,1.1944835964734457,-0.08126969432265685,-0.04816556059813096,0.1076924823009318,0.7985681719352136,0.0,0.0,coupled_memory_basin,transport_and_topology_unrelaxed
354,hysteresis,neutral_coupling,latent_transport_activation,coupled_memory_basin,0.7679769893049111,0.6186491576679514,0.2067433828671898,0.6513055872269975,,,,,0.9861619726926714,-0.14932783163695973,-0.10769148696845864,0.08437271140703134,0.6561018102768943,0.0,0.0,coupled_memory_basin,transport_and_topology_unrelaxed
355,hysteresis,neutral_coupling,latent_transport_activation,coupled_memory_basin,0.7679769893049111,0.6186491576679514,0.2067433828671898,0.6513055872269975,,,,,0.9861619726926714,-0.14932783163695973,-0.10769148696845864,0.08437271140703134,0.6561018102768943,0.0,0.0,coupled_memory_basin,transport_and_topology_unrelaxed
356,hysteresis,neutral_coupling,latent_transport_activation,coupled_memory_basin,0.7679769893049111,0.6186491576679514,0.2067433828671898,0.6513055872269975,,,,,0.9861619726926714,-0.14932783163695973,-0.10769148696845864,0.08437271140703134,0.6561018102768943,0.0,0.0,coupled_memory_basin,transport_and_topology_unrelaxed
357,hysteresis,neutral_coupling,latent_transport_activation,coupled_memory_basin,0.7126326035490761,0.9529303853723768,0.2577784908266749,0.7508520645465427,,,,,1.189925017388525,0.24029778182330075,0.14427420843372785,0.10526779089641647,0.7601722936865777,0.24029778182330075,0.10364409074721412,coupled_memory_basin,transport_and_topology_unrelaxed
358,hysteresis,neutral_coupling,latent_transport_activation,coupled_memory_basin,0.7126326035490761,0.9529303853723768,0.2577784908266749,0.7508520645465427,,,,,1.189925017388525,0.24029778182330075,0.14427420843372785,0.10526779089641647,0.7601722936865777,0.24029778182330075,0.10364409074721412,coupled_memory_basin,transport_and_topology_unrelaxed
359,hysteresis,neutral_coupling,latent_transport_activation,coupled_memory_basin,0.7126326035490761,0.9529303853723768,0.2577784908266749,0.7508520645465427,,,,,1.189925017388525,0.24029778182330075,0.14427420843372785,0.10526779089641647,0.7601722936865777,0.24029778182330075,0.10364409074721412,coupled_memory_basin,transport_and_topology_unrelaxed
360,hysteresis,neutral_coupling,latent_transport_activation,transition_basin,0.2778174776231523,0.3103159467161514,0.0810600122793991,0.2770364447336606,,,,,0.4165075481419659,0.03249846909299914,0.05525696678343346,0.0329147225063211,0.2648235688623021,0.03249846909299914,0.014017084362006906,transition_basin,intermediate_relaxation
361,hysteresis,neutral_coupling,latent_transport_activation,transition_basin,0.2778174776231523,0.3103159467161514,0.0810600122793991,0.2770364447336606,,,,,0.4165075481419659,0.03249846909299914,0.05525696678343346,0.0329147225063211,0.2648235688623021,0.03249846909299914,0.014017084362006906,transition_basin,intermediate_relaxation
362,hysteresis,neutral_coupling,latent_transport_activation,transition_basin,0.2778174776231523,0.3103159467161514,0.0810600122793991,0.2770364447336606,,,,,0.4165075481419659,0.03249846909299914,0.05525696678343346,0.0329147225063211,0.2648235688623021,0.03249846909299914,0.014017084362006906,transition_basin,intermediate_relaxation
363,hysteresis,neutral_coupling,latent_transport_activation,transition_basin,0.4455373673508953,0.6287874052851266,0.1178139178955746,0.4635364187897196,,,,,0.7706342496613867,0.18325003793423128,0.17057229117450992,0.04796271221577783,0.4597992523674443,0.18325003793423128,0.07903853051399345,transition_basin,intermediate_relaxation
364,hysteresis,neutral_coupling,latent_transport_activation,transition_basin,0.4455373673508953,0.6287874052851266,0.1178139178955746,0.4635364187897196,,,,,0.7706342496613867,0.18325003793423128,0.17057229117450992,0.04796271221577783,0.4597992523674443,0.18325003793423128,0.07903853051399345,transition_basin,intermediate_relaxation
365,hysteresis,neutral_coupling,latent_transport_activation,transition_basin,0.4455373673508953,0.6287874052851266,0.1178139178955746,0.4635364187897196,,,,,0.7706342496613867,0.18325003793423128,0.17057229117450992,0.04796271221577783,0.4597992523674443,0.18325003793423128,0.07903853051399345,transition_basin,intermediate_relaxation
366,hysteresis,neutral_coupling,latent_transport_activation,coupled_memory_basin,0.7667185981792848,0.7802844035748691,0.3013326424988847,0.7552023927599054,,,,,1.0939383708674801,0.013565805395584274,0.008769087959230315,0.12309997539979849,0.7647203276536877,0.013565805395584274,0.005851138345142426,coupled_memory_basin,transport_and_topology_unrelaxed
367,hysteresis,neutral_coupling,latent_transport_activation,coupled_memory_basin,0.7667185981792848,0.7802844035748691,0.3013326424988847,0.7552023927599054,,,,,1.0939383708674801,0.013565805395584274,0.008769087959230315,0.12309997539979849,0.7647203276536877,0.013565805395584274,0.005851138345142426,coupled_memory_basin,transport_and_topology_unrelaxed
368,hysteresis,neutral_coupling,latent_transport_activation,coupled_memory_basin,0.7667185981792848,0.7802844035748691,0.3013326424988847,0.7552023927599054,,,,,1.0939383708674801,0.013565805395584274,0.008769087959230315,0.12309997539979849,0.7647203276536877,0.013565805395584274,0.005851138345142426,coupled_memory_basin,transport_and_topology_unrelaxed
369,hysteresis,neutral_coupling,latent_transport_activation,coupled_memory_basin,0.8706096703052068,0.80717962216118,0.4153389490884382,0.8364497756978055,,,,,1.1872237112108257,-0.06343004814402675,-0.037805729497024855,0.16977707541438156,0.8496600929351535,0.0,0.0,coupled_memory_basin,transport_and_topology_unrelaxed
370,hysteresis,neutral_coupling,latent_transport_activation,coupled_memory_basin,0.8706096703052068,0.80717962216118,0.4153389490884382,0.8364497756978055,,,,,1.1872237112108257,-0.06343004814402675,-0.037805729497024855,0.16977707541438156,0.8496600929351535,0.0,0.0,coupled_memory_basin,transport_and_topology_unrelaxed
371,hysteresis,neutral_coupling,latent_transport_activation,coupled_memory_basin,0.8706096703052068,0.80717962216118,0.4153389490884382,0.8364497756978055,,,,,1.1872237112108257,-0.06343004814402675,-0.037805729497024855,0.16977707541438156,0.8496600929351535,0.0,0.0,coupled_memory_basin,transport_and_topology_unrelaxed
372,hysteresis,neutral_coupling,latent_transport_activation,coupled_memory_basin,0.893305336952004,0.7930814395197705,0.4499717756825152,0.8511677786434373,,,,,1.1945595819119634,-0.10022389743223348,-0.05943114523339688,0.18395664108121257,0.8650469727386471,0.0,0.0,coupled_memory_basin,transport_and_topology_unrelaxed
373,hysteresis,neutral_coupling,latent_transport_activation,coupled_memory_basin,0.893305336952004,0.7930814395197705,0.4499717756825152,0.8511677786434373,,,,,1.1945595819119634,-0.10022389743223348,-0.05943114523339688,0.18395664108121257,0.8650469727386471,0.0,0.0,coupled_memory_basin,transport_and_topology_unrelaxed
374,hysteresis,neutral_coupling,latent_transport_activation,coupled_memory_basin,0.893305336952004,0.7930814395197705,0.4499717756825152,0.8511677786434373,,,,,1.1945595819119634,-0.10022389743223348,-0.05943114523339688,0.18395664108121257,0.8650469727386471,0.0,0.0,coupled_memory_basin,transport_and_topology_unrelaxed
375,hysteresis,neutral_coupling,latent_transport_activation,coupled_memory_basin,0.8649646181555299,0.7311572354835243,0.4078546866127195,0.8063496143466763,,,,,1.1325876097065743,-0.13380738267200565,-0.08383281161576082,0.1667128267902048,0.8181919945466389,0.0,0.0,coupled_memory_basin,transport_and_topology_unrelaxed
376,hysteresis,neutral_coupling,latent_transport_activation,coupled_memory_basin,0.8649646181555299,0.7311572354835243,0.4078546866127195,0.8063496143466763,,,,,1.1325876097065743,-0.13380738267200565,-0.08383281161576082,0.1667128267902048,0.8181919945466389,0.0,0.0,coupled_memory_basin,transport_and_topology_unrelaxed
377,hysteresis,neutral_coupling,latent_transport_activation,coupled_memory_basin,0.8649646181555299,0.7311572354835243,0.4078546866127195,0.8063496143466763,,,,,1.1325876097065743,-0.13380738267200565,-0.08383281161576082,0.1667128267902048,0.8181919945466389,0.0,0.0,coupled_memory_basin,transport_and_topology_unrelaxed
378,hysteresis,base_stabilized_coupling,latent_transport_activation,transition_basin,0.109959475438186,0.1826745024377951,0.298857200764782,0.2817384814984999,,,,,0.2132159939580918,0.07271502699960909,0.24848456603415134,0.12208646619263704,0.26973929518736456,0.07271502699960909,0.03136309790231624,transition_basin,intermediate_relaxation
379,hysteresis,base_stabilized_coupling,latent_transport_activation,transition_basin,0.109959475438186,0.1826745024377951,0.298857200764782,0.2817384814984999,,,,,0.2132159939580918,0.07271502699960909,0.24848456603415134,0.12208646619263704,0.26973929518736456,0.07271502699960909,0.03136309790231624,transition_basin,intermediate_relaxation
380,hysteresis,base_stabilized_coupling,latent_transport_activation,transition_basin,0.3580701738375377,0.4345436735657772,0.193479644121814,0.3930930437837588,,,,,0.5630652303491002,0.07647349972823952,0.09648266930823649,0.07894219726701854,0.38615449579462136,0.07647349972823952,0.03298418439592169,transition_basin,intermediate_relaxation
381,hysteresis,base_stabilized_coupling,latent_transport_activation,transition_basin,0.3580701738375377,0.4345436735657772,0.193479644121814,0.3930930437837588,,,,,0.5630652303491002,0.07647349972823952,0.09648266930823649,0.07894219726701854,0.38615449579462136,0.07647349972823952,0.03298418439592169,transition_basin,intermediate_relaxation
382,hysteresis,base_stabilized_coupling,latent_transport_activation,coupled_memory_basin,0.6098531876169697,0.6670034484721813,0.0941099635974733,0.4746660601086682,,,,,0.9037779100643922,0.057150260855211577,0.044758557256835634,0.03825770660150978,0.4714346932532259,0.057150260855211577,0.024649777361074873,coupled_memory_basin,transport_and_topology_unrelaxed
383,hysteresis,base_stabilized_coupling,latent_transport_activation,coupled_memory_basin,0.6098531876169697,0.6670034484721813,0.0941099635974733,0.4746660601086682,,,,,0.9037779100643922,0.057150260855211577,0.044758557256835634,0.03825770660150978,0.4714346932532259,0.057150260855211577,0.024649777361074873,coupled_memory_basin,transport_and_topology_unrelaxed
384,hysteresis,base_stabilized_coupling,latent_transport_activation,coupled_memory_basin,0.7260005187992153,0.745347078194009,0.0434451872015713,0.4983185221881887,,,,,1.0404897982532437,0.019346559394793683,0.013148870759238835,0.01751425033323435,0.4961620691355827,0.019346559394793683,0.008344465530833844,coupled_memory_basin,transport_and_topology_unrelaxed
385,hysteresis,base_stabilized_coupling,latent_transport_activation,coupled_memory_basin,0.7260005187992153,0.745347078194009,0.0434451872015713,0.4983185221881887,,,,,1.0404897982532437,0.019346559394793683,0.013148870759238835,0.01751425033323435,0.4961620691355827,0.019346559394793683,0.008344465530833844,coupled_memory_basin,transport_and_topology_unrelaxed
386,hysteresis,base_stabilized_coupling,latent_transport_activation,coupled_memory_basin,0.7556462798630054,0.7297247808027351,0.0427099454532111,0.5051677653227762,,,,,1.0504758712071396,-0.025921499060270303,-0.01745119434913111,0.017213223542263376,0.5033225841352131,0.0,0.0,coupled_memory_basin,transport_and_topology_unrelaxed
387,hysteresis,base_stabilized_coupling,latent_transport_activation,coupled_memory_basin,0.7556462798630054,0.7297247808027351,0.0427099454532111,0.5051677653227762,,,,,1.0504758712071396,-0.025921499060270303,-0.01745119434913111,0.017213223542263376,0.5033225841352131,0.0,0.0,coupled_memory_basin,transport_and_topology_unrelaxed
388,hysteresis,base_stabilized_coupling,latent_transport_activation,coupled_memory_basin,0.6617430054175247,0.6035628716468178,0.0368906863145772,0.4228771150942672,,,,,0.895651687459791,-0.058180133770706965,-0.04598108238115963,0.014830669901588902,0.417292139060924,0.0,0.0,coupled_memory_basin,transport_and_topology_unrelaxed
389,hysteresis,base_stabilized_coupling,latent_transport_activation,coupled_memory_basin,0.6617430054175247,0.6035628716468178,0.0368906863145772,0.4228771150942672,,,,,0.895651687459791,-0.058180133770706965,-0.04598108238115963,0.014830669901588902,0.417292139060924,0.0,0.0,coupled_memory_basin,transport_and_topology_unrelaxed
390,hysteresis,base_stabilized_coupling,latent_transport_activation,erased_basin,0.0423179184735793,0.065817764173553,0.0042485165872827,0.0366747967202281,,,,,0.0782482223743258,0.02349984569997371,0.21731814258241605,0.0014661301087215725,0.013538404630833384,0.02349984569997371,0.010135841129256034,erased_basin,transport_and_topology_relaxed
391,hysteresis,base_stabilized_coupling,latent_transport_activation,erased_basin,0.0423179184735793,0.065817764173553,0.0042485165872827,0.0366747967202281,,,,,0.0782482223743258,0.02349984569997371,0.21731814258241605,0.0014661301087215725,0.013538404630833384,0.02349984569997371,0.010135841129256034,erased_basin,transport_and_topology_relaxed
392,hysteresis,base_stabilized_coupling,latent_transport_activation,transition_basin,0.4645629745083522,0.6287113471402817,0.300007690898715,0.5426647254146423,,,,,0.7817267523290958,0.16414837263192944,0.1501438105527322,0.12255750630132785,0.5425236374344434,0.16414837263192944,0.07079969153265621,transition_basin,intermediate_relaxation
393,hysteresis,base_stabilized_coupling,latent_transport_activation,transition_basin,0.4645629745083522,0.6287113471402817,0.300007690898715,0.5426647254146423,,,,,0.7817267523290958,0.16414837263192944,0.1501438105527322,0.12255750630132785,0.5425236374344434,0.16414837263192944,0.07079969153265621,transition_basin,intermediate_relaxation
394,hysteresis,base_stabilized_coupling,latent_transport_activation,transition_basin,0.2359243773257026,0.3337132716713633,0.1806979264719732,0.3225484991716695,,,,,0.4086867498538772,0.09778889434566068,0.17166859409251006,0.07370903490129332,0.3124039718445926,0.09778889434566068,0.042177838524885686,transition_basin,intermediate_relaxation
395,hysteresis,base_stabilized_coupling,latent_transport_activation,transition_basin,0.2359243773257026,0.3337132716713633,0.1806979264719732,0.3225484991716695,,,,,0.4086867498538772,0.09778889434566068,0.17166859409251006,0.07370903490129332,0.3124039718445926,0.09778889434566068,0.042177838524885686,transition_basin,intermediate_relaxation
396,hysteresis,base_stabilized_coupling,latent_transport_activation,coupled_memory_basin,0.6694039478119633,0.7569457727549685,0.0773862927827897,0.5297031970842114,,,,,1.0104793655675797,0.08754182494300522,0.06137472716589347,0.03141060771216222,0.5289730572893899,0.08754182494300522,0.037758121526237795,coupled_memory_basin,transport_and_topology_unrelaxed
397,hysteresis,base_stabilized_coupling,latent_transport_activation,coupled_memory_basin,0.6694039478119633,0.7569457727549685,0.0773862927827897,0.5297031970842114,,,,,1.0104793655675797,0.08754182494300522,0.06137472716589347,0.03141060771216222,0.5289730572893899,0.08754182494300522,0.037758121526237795,coupled_memory_basin,transport_and_topology_unrelaxed
398,hysteresis,base_stabilized_coupling,latent_transport_activation,coupled_memory_basin,0.8278779059673927,0.8557382066883996,0.0786474092079836,0.639870467901971,,,,,1.1906593574886284,0.02786030072100687,0.016547893852739713,0.03192694105607745,0.6441470085797653,0.02786030072100687,0.012016571748032324,coupled_memory_basin,transport_and_topology_unrelaxed
399,hysteresis,base_stabilized_coupling,latent_transport_activation,coupled_memory_basin,0.8278779059673927,0.8557382066883996,0.0786474092079836,0.639870467901971,,,,,1.1906593574886284,0.02786030072100687,0.016547893852739713,0.03192694105607745,0.6441470085797653,0.02786030072100687,0.012016571748032324,coupled_memory_basin,transport_and_topology_unrelaxed
400,hysteresis,base_stabilized_coupling,latent_transport_activation,coupled_memory_basin,0.884197309790424,0.8571351481484544,0.1668349661026802,0.7495065256363866,,,,,1.2314566759866528,-0.027062161641969618,-0.01554106541721855,0.06803318409081735,0.7587656051869236,0.0,0.0,coupled_memory_basin,transport_and_topology_unrelaxed
401,hysteresis,base_stabilized_coupling,latent_transport_activation,coupled_memory_basin,0.884197309790424,0.8571351481484544,0.1668349661026802,0.7495065256363866,,,,,1.2314566759866528,-0.027062161641969618,-0.01554106541721855,0.06803318409081735,0.7587656051869236,0.0,0.0,coupled_memory_basin,transport_and_topology_unrelaxed
402,hysteresis,base_stabilized_coupling,latent_transport_activation,coupled_memory_basin,0.8863848226814514,0.8092444348593972,0.2242934670343399,0.7732409499869352,,,,,1.2002310649333041,-0.07714038782205412,-0.045493664065389176,0.0915581650756925,0.7835786682115774,0.0,0.0,coupled_memory_basin,transport_and_topology_unrelaxed
403,hysteresis,base_stabilized_coupling,latent_transport_activation,coupled_memory_basin,0.8863848226814514,0.8092444348593972,0.2242934670343399,0.7732409499869352,,,,,1.2002310649333041,-0.07714038782205412,-0.045493664065389176,0.0915581650756925,0.7835786682115774,0.0,0.0,coupled_memory_basin,transport_and_topology_unrelaxed
404,hysteresis,base_stabilized_coupling,latent_transport_activation,coupled_memory_basin,0.7950283864394269,0.6480314761476473,0.1909251272190526,0.6608915445093054,,,,,1.025677790206348,-0.14699691029177953,-0.10186473486148111,0.07789631266180616,0.666123412599516,0.0,0.0,coupled_memory_basin,transport_and_topology_unrelaxed
405,hysteresis,base_stabilized_coupling,latent_transport_activation,coupled_memory_basin,0.7950283864394269,0.6480314761476473,0.1909251272190526,0.6608915445093054,,,,,1.025677790206348,-0.14699691029177953,-0.10186473486148111,0.07789631266180616,0.666123412599516,0.0,0.0,coupled_memory_basin,transport_and_topology_unrelaxed
406,hysteresis,base_stabilized_coupling,latent_transport_activation,coupled_memory_basin,0.7618215715288397,0.9595946509692376,0.2459373370832001,0.774282188657688,,,,,1.2252322233011357,0.1977730794403979,0.11488974999508225,0.10041971946856026,0.7846672271915428,0.1977730794403979,0.0853025393632201,coupled_memory_basin,transport_and_topology_unrelaxed
407,hysteresis,base_stabilized_coupling,latent_transport_activation,coupled_memory_basin,0.7618215715288397,0.9595946509692376,0.2459373370832001,0.774282188657688,,,,,1.2252322233011357,0.1977730794403979,0.11488974999508225,0.10041971946856026,0.7846672271915428,0.1977730794403979,0.0853025393632201,coupled_memory_basin,transport_and_topology_unrelaxed
408,hysteresis,base_stabilized_coupling,latent_transport_activation,transition_basin,0.3302652785726493,0.3806001133023591,0.072601977941543,0.3016195305302449,,,,,0.503916263357751,0.05033483472970979,0.07080782846506806,0.029451786757194193,0.2905238617449908,0.05033483472970979,0.02171018033911041,transition_basin,intermediate_relaxation
409,hysteresis,base_stabilized_coupling,latent_transport_activation,transition_basin,0.3302652785726493,0.3806001133023591,0.072601977941543,0.3016195305302449,,,,,0.503916263357751,0.05033483472970979,0.07080782846506806,0.029451786757194193,0.2905238617449908,0.05033483472970979,0.02171018033911041,transition_basin,intermediate_relaxation
410,hysteresis,base_stabilized_coupling,latent_transport_activation,transition_basin,0.4735901371531447,0.6392536360273399,0.0758810546294541,0.4339117300526757,,,,,0.7955707568676146,0.16566349887419518,0.14886500950675532,0.030794324684224446,0.4288282350020691,0.16566349887419518,0.07145318854188931,transition_basin,intermediate_relaxation
411,hysteresis,base_stabilized_coupling,latent_transport_activation,transition_basin,0.4735901371531447,0.6392536360273399,0.0758810546294541,0.4339117300526757,,,,,0.7955707568676146,0.16566349887419518,0.14886500950675532,0.030794324684224446,0.4288282350020691,0.16566349887419518,0.07145318854188931,transition_basin,intermediate_relaxation
412,hysteresis,base_stabilized_coupling,latent_transport_activation,coupled_memory_basin,0.7850101176478165,0.8002454123674166,0.2673943528899647,0.7590154959245125,,,,,1.120996701522594,0.015235294719600168,0.0096106239222166,0.10920477095200701,0.7687067217513696,0.015235294719600168,0.0065712145010140815,coupled_memory_basin,transport_and_topology_unrelaxed
413,hysteresis,base_stabilized_coupling,latent_transport_activation,coupled_memory_basin,0.7850101176478165,0.8002454123674166,0.2673943528899647,0.7590154959245125,,,,,1.120996701522594,0.015235294719600168,0.0096106239222166,0.10920477095200701,0.7687067217513696,0.015235294719600168,0.0065712145010140815,coupled_memory_basin,transport_and_topology_unrelaxed
414,hysteresis,base_stabilized_coupling,latent_transport_activation,coupled_memory_basin,0.8829012960095604,0.82870149357912,0.3981707285372597,0.8413874845954142,,,,,1.210892589768236,-0.054199802430440314,-0.03166611012794244,0.16274796648425147,0.8548222017886984,0.0,0.0,coupled_memory_basin,transport_and_topology_unrelaxed
415,hysteresis,base_stabilized_coupling,latent_transport_activation,coupled_memory_basin,0.8829012960095604,0.82870149357912,0.3981707285372597,0.8413874845954142,,,,,1.210892589768236,-0.054199802430440314,-0.03166611012794244,0.16274796648425147,0.8548222017886984,0.0,0.0,coupled_memory_basin,transport_and_topology_unrelaxed
416,hysteresis,base_stabilized_coupling,latent_transport_activation,coupled_memory_basin,0.9065042591594124,0.8179530852396675,0.4444784075542731,0.8604293733222046,,,,,1.2209820725658693,-0.08855117391974487,-0.05135016775410636,0.18170751556167422,0.8747294714198397,0.0,0.0,coupled_memory_basin,transport_and_topology_unrelaxed
417,hysteresis,base_stabilized_coupling,latent_transport_activation,coupled_memory_basin,0.9065042591594124,0.8179530852396675,0.4444784075542731,0.8604293733222046,,,,,1.2209820725658693,-0.08855117391974487,-0.05135016775410636,0.18170751556167422,0.8747294714198397,0.0,0.0,coupled_memory_basin,transport_and_topology_unrelaxed
418,hysteresis,base_stabilized_coupling,latent_transport_activation,coupled_memory_basin,0.8870366796865424,0.76061188766728,0.4224571650244182,0.8310800416101616,,,,,1.168488132062157,-0.12642479201926238,-0.0767304354363795,0.1726914552158897,0.8440463250015208,0.0,0.0,coupled_memory_basin,transport_and_topology_unrelaxed
419,hysteresis,base_stabilized_coupling,latent_transport_activation,coupled_memory_basin,0.8870366796865424,0.76061188766728,0.4224571650244182,0.8310800416101616,,,,,1.168488132062157,-0.12642479201926238,-0.0767304354363795,0.1726914552158897,0.8440463250015208,0.0,0.0,coupled_memory_basin,transport_and_topology_unrelaxed
420,hysteresis,base_stabilized_coupling,latent_transport_activation,transition_basin,0.109959475438186,0.1826745024377951,0.298857200764782,0.2817384814984999,,,,,0.2132159939580918,0.07271502699960909,0.24848456603415134,0.12208646619263704,0.26973929518736456,0.07271502699960909,0.03136309790231624,transition_basin,intermediate_relaxation
421,hysteresis,base_stabilized_coupling,latent_transport_activation,transition_basin,0.109959475438186,0.1826745024377951,0.298857200764782,0.2817384814984999,,,,,0.2132159939580918,0.07271502699960909,0.24848456603415134,0.12208646619263704,0.26973929518736456,0.07271502699960909,0.03136309790231624,transition_basin,intermediate_relaxation
422,hysteresis,base_stabilized_coupling,latent_transport_activation,transition_basin,0.3580701738375377,0.4345436735657772,0.193479644121814,0.3930930437837588,,,,,0.5630652303491002,0.07647349972823952,0.09648266930823649,0.07894219726701854,0.38615449579462136,0.07647349972823952,0.03298418439592169,transition_basin,intermediate_relaxation
423,hysteresis,base_stabilized_coupling,latent_transport_activation,transition_basin,0.3580701738375377,0.4345436735657772,0.193479644121814,0.3930930437837588,,,,,0.5630652303491002,0.07647349972823952,0.09648266930823649,0.07894219726701854,0.38615449579462136,0.07647349972823952,0.03298418439592169,transition_basin,intermediate_relaxation
424,hysteresis,base_stabilized_coupling,latent_transport_activation,coupled_memory_basin,0.6098531876169697,0.6670034484721813,0.0941099635974733,0.4746660601086682,,,,,0.9037779100643922,0.057150260855211577,0.044758557256835634,0.03825770660150978,0.4714346932532259,0.057150260855211577,0.024649777361074873,coupled_memory_basin,transport_and_topology_unrelaxed
425,hysteresis,base_stabilized_coupling,latent_transport_activation,coupled_memory_basin,0.6098531876169697,0.6670034484721813,0.0941099635974733,0.4746660601086682,,,,,0.9037779100643922,0.057150260855211577,0.044758557256835634,0.03825770660150978,0.4714346932532259,0.057150260855211577,0.024649777361074873,coupled_memory_basin,transport_and_topology_unrelaxed
426,hysteresis,base_stabilized_coupling,latent_transport_activation,coupled_memory_basin,0.7260005187992153,0.745347078194009,0.0434451872015713,0.4983185221881887,,,,,1.0404897982532437,0.019346559394793683,0.013148870759238835,0.01751425033323435,0.4961620691355827,0.019346559394793683,0.008344465530833844,coupled_memory_basin,transport_and_topology_unrelaxed
427,hysteresis,base_stabilized_coupling,latent_transport_activation,coupled_memory_basin,0.7260005187992153,0.745347078194009,0.0434451872015713,0.4983185221881887,,,,,1.0404897982532437,0.019346559394793683,0.013148870759238835,0.01751425033323435,0.4961620691355827,0.019346559394793683,0.008344465530833844,coupled_memory_basin,transport_and_topology_unrelaxed
428,hysteresis,base_stabilized_coupling,latent_transport_activation,coupled_memory_basin,0.7556462798630054,0.7297247808027351,0.0427099454532111,0.5051677653227762,,,,,1.0504758712071396,-0.025921499060270303,-0.01745119434913111,0.017213223542263376,0.5033225841352131,0.0,0.0,coupled_memory_basin,transport_and_topology_unrelaxed
429,hysteresis,base_stabilized_coupling,latent_transport_activation,coupled_memory_basin,0.7556462798630054,0.7297247808027351,0.0427099454532111,0.5051677653227762,,,,,1.0504758712071396,-0.025921499060270303,-0.01745119434913111,0.017213223542263376,0.5033225841352131,0.0,0.0,coupled_memory_basin,transport_and_topology_unrelaxed
430,hysteresis,base_stabilized_coupling,latent_transport_activation,coupled_memory_basin,0.6617430054175247,0.6035628716468178,0.0368906863145772,0.4228771150942672,,,,,0.895651687459791,-0.058180133770706965,-0.04598108238115963,0.014830669901588902,0.417292139060924,0.0,0.0,coupled_memory_basin,transport_and_topology_unrelaxed
431,hysteresis,base_stabilized_coupling,latent_transport_activation,coupled_memory_basin,0.6617430054175247,0.6035628716468178,0.0368906863145772,0.4228771150942672,,,,,0.895651687459791,-0.058180133770706965,-0.04598108238115963,0.014830669901588902,0.417292139060924,0.0,0.0,coupled_memory_basin,transport_and_topology_unrelaxed
432,hysteresis,base_stabilized_coupling,latent_transport_activation,erased_basin,0.0423179184735793,0.065817764173553,0.0042485165872827,0.0366747967202281,,,,,0.0782482223743258,0.02349984569997371,0.21731814258241605,0.0014661301087215725,0.013538404630833384,0.02349984569997371,0.010135841129256034,erased_basin,transport_and_topology_relaxed
433,hysteresis,base_stabilized_coupling,latent_transport_activation,erased_basin,0.0423179184735793,0.065817764173553,0.0042485165872827,0.0366747967202281,,,,,0.0782482223743258,0.02349984569997371,0.21731814258241605,0.0014661301087215725,0.013538404630833384,0.02349984569997371,0.010135841129256034,erased_basin,transport_and_topology_relaxed
434,hysteresis,base_stabilized_coupling,latent_transport_activation,transition_basin,0.4645629745083522,0.6287113471402817,0.300007690898715,0.5426647254146423,,,,,0.7817267523290958,0.16414837263192944,0.1501438105527322,0.12255750630132785,0.5425236374344434,0.16414837263192944,0.07079969153265621,transition_basin,intermediate_relaxation
435,hysteresis,base_stabilized_coupling,latent_transport_activation,transition_basin,0.4645629745083522,0.6287113471402817,0.300007690898715,0.5426647254146423,,,,,0.7817267523290958,0.16414837263192944,0.1501438105527322,0.12255750630132785,0.5425236374344434,0.16414837263192944,0.07079969153265621,transition_basin,intermediate_relaxation
436,hysteresis,base_stabilized_coupling,latent_transport_activation,transition_basin,0.2359243773257026,0.3337132716713633,0.1806979264719732,0.3225484991716695,,,,,0.4086867498538772,0.09778889434566068,0.17166859409251006,0.07370903490129332,0.3124039718445926,0.09778889434566068,0.042177838524885686,transition_basin,intermediate_relaxation
437,hysteresis,base_stabilized_coupling,latent_transport_activation,transition_basin,0.2359243773257026,0.3337132716713633,0.1806979264719732,0.3225484991716695,,,,,0.4086867498538772,0.09778889434566068,0.17166859409251006,0.07370903490129332,0.3124039718445926,0.09778889434566068,0.042177838524885686,transition_basin,intermediate_relaxation
438,hysteresis,base_stabilized_coupling,latent_transport_activation,coupled_memory_basin,0.6694039478119633,0.7569457727549685,0.0773862927827897,0.5297031970842114,,,,,1.0104793655675797,0.08754182494300522,0.06137472716589347,0.03141060771216222,0.5289730572893899,0.08754182494300522,0.037758121526237795,coupled_memory_basin,transport_and_topology_unrelaxed
439,hysteresis,base_stabilized_coupling,latent_transport_activation,coupled_memory_basin,0.6694039478119633,0.7569457727549685,0.0773862927827897,0.5297031970842114,,,,,1.0104793655675797,0.08754182494300522,0.06137472716589347,0.03141060771216222,0.5289730572893899,0.08754182494300522,0.037758121526237795,coupled_memory_basin,transport_and_topology_unrelaxed
440,hysteresis,base_stabilized_coupling,latent_transport_activation,coupled_memory_basin,0.8278779059673927,0.8557382066883996,0.0786474092079836,0.639870467901971,,,,,1.1906593574886284,0.02786030072100687,0.016547893852739713,0.03192694105607745,0.6441470085797653,0.02786030072100687,0.012016571748032324,coupled_memory_basin,transport_and_topology_unrelaxed
441,hysteresis,base_stabilized_coupling,latent_transport_activation,coupled_memory_basin,0.8278779059673927,0.8557382066883996,0.0786474092079836,0.639870467901971,,,,,1.1906593574886284,0.02786030072100687,0.016547893852739713,0.03192694105607745,0.6441470085797653,0.02786030072100687,0.012016571748032324,coupled_memory_basin,transport_and_topology_unrelaxed
442,hysteresis,base_stabilized_coupling,latent_transport_activation,coupled_memory_basin,0.884197309790424,0.8571351481484544,0.1668349661026802,0.7495065256363866,,,,,1.2314566759866528,-0.027062161641969618,-0.01554106541721855,0.06803318409081735,0.7587656051869236,0.0,0.0,coupled_memory_basin,transport_and_topology_unrelaxed
443,hysteresis,base_stabilized_coupling,latent_transport_activation,coupled_memory_basin,0.884197309790424,0.8571351481484544,0.1668349661026802,0.7495065256363866,,,,,1.2314566759866528,-0.027062161641969618,-0.01554106541721855,0.06803318409081735,0.7587656051869236,0.0,0.0,coupled_memory_basin,transport_and_topology_unrelaxed
444,hysteresis,base_stabilized_coupling,latent_transport_activation,coupled_memory_basin,0.8863848226814514,0.8092444348593972,0.2242934670343399,0.7732409499869352,,,,,1.2002310649333041,-0.07714038782205412,-0.045493664065389176,0.0915581650756925,0.7835786682115774,0.0,0.0,coupled_memory_basin,transport_and_topology_unrelaxed
445,hysteresis,base_stabilized_coupling,latent_transport_activation,coupled_memory_basin,0.8863848226814514,0.8092444348593972,0.2242934670343399,0.7732409499869352,,,,,1.2002310649333041,-0.07714038782205412,-0.045493664065389176,0.0915581650756925,0.7835786682115774,0.0,0.0,coupled_memory_basin,transport_and_topology_unrelaxed
446,hysteresis,base_stabilized_coupling,latent_transport_activation,coupled_memory_basin,0.7950283864394269,0.6480314761476473,0.1909251272190526,0.6608915445093054,,,,,1.025677790206348,-0.14699691029177953,-0.10186473486148111,0.07789631266180616,0.666123412599516,0.0,0.0,coupled_memory_basin,transport_and_topology_unrelaxed
447,hysteresis,base_stabilized_coupling,latent_transport_activation,coupled_memory_basin,0.7950283864394269,0.6480314761476473,0.1909251272190526,0.6608915445093054,,,,,1.025677790206348,-0.14699691029177953,-0.10186473486148111,0.07789631266180616,0.666123412599516,0.0,0.0,coupled_memory_basin,transport_and_topology_unrelaxed
448,hysteresis,base_stabilized_coupling,latent_transport_activation,coupled_memory_basin,0.7618215715288397,0.9595946509692376,0.2459373370832001,0.774282188657688,,,,,1.2252322233011357,0.1977730794403979,0.11488974999508225,0.10041971946856026,0.7846672271915428,0.1977730794403979,0.0853025393632201,coupled_memory_basin,transport_and_topology_unrelaxed
449,hysteresis,base_stabilized_coupling,latent_transport_activation,coupled_memory_basin,0.7618215715288397,0.9595946509692376,0.2459373370832001,0.774282188657688,,,,,1.2252322233011357,0.1977730794403979,0.11488974999508225,0.10041971946856026,0.7846672271915428,0.1977730794403979,0.0853025393632201,coupled_memory_basin,transport_and_topology_unrelaxed
450,hysteresis,base_stabilized_coupling,latent_transport_activation,transition_basin,0.3302652785726493,0.3806001133023591,0.072601977941543,0.3016195305302449,,,,,0.503916263357751,0.05033483472970979,0.07080782846506806,0.029451786757194193,0.2905238617449908,0.05033483472970979,0.02171018033911041,transition_basin,intermediate_relaxation
451,hysteresis,base_stabilized_coupling,latent_transport_activation,transition_basin,0.3302652785726493,0.3806001133023591,0.072601977941543,0.3016195305302449,,,,,0.503916263357751,0.05033483472970979,0.07080782846506806,0.029451786757194193,0.2905238617449908,0.05033483472970979,0.02171018033911041,transition_basin,intermediate_relaxation
452,hysteresis,base_stabilized_coupling,latent_transport_activation,transition_basin,0.4735901371531447,0.6392536360273399,0.0758810546294541,0.4339117300526757,,,,,0.7955707568676146,0.16566349887419518,0.14886500950675532,0.030794324684224446,0.4288282350020691,0.16566349887419518,0.07145318854188931,transition_basin,intermediate_relaxation
453,hysteresis,base_stabilized_coupling,latent_transport_activation,transition_basin,0.4735901371531447,0.6392536360273399,0.0758810546294541,0.4339117300526757,,,,,0.7955707568676146,0.16566349887419518,0.14886500950675532,0.030794324684224446,0.4288282350020691,0.16566349887419518,0.07145318854188931,transition_basin,intermediate_relaxation
454,hysteresis,base_stabilized_coupling,latent_transport_activation,coupled_memory_basin,0.7850101176478165,0.8002454123674166,0.2673943528899647,0.7590154959245125,,,,,1.120996701522594,0.015235294719600168,0.0096106239222166,0.10920477095200701,0.7687067217513696,0.015235294719600168,0.0065712145010140815,coupled_memory_basin,transport_and_topology_unrelaxed
455,hysteresis,base_stabilized_coupling,latent_transport_activation,coupled_memory_basin,0.7850101176478165,0.8002454123674166,0.2673943528899647,0.7590154959245125,,,,,1.120996701522594,0.015235294719600168,0.0096106239222166,0.10920477095200701,0.7687067217513696,0.015235294719600168,0.0065712145010140815,coupled_memory_basin,transport_and_topology_unrelaxed
456,hysteresis,base_stabilized_coupling,latent_transport_activation,coupled_memory_basin,0.8829012960095604,0.82870149357912,0.3981707285372597,0.8413874845954142,,,,,1.210892589768236,-0.054199802430440314,-0.03166611012794244,0.16274796648425147,0.8548222017886984,0.0,0.0,coupled_memory_basin,transport_and_topology_unrelaxed
457,hysteresis,base_stabilized_coupling,latent_transport_activation,coupled_memory_basin,0.8829012960095604,0.82870149357912,0.3981707285372597,0.8413874845954142,,,,,1.210892589768236,-0.054199802430440314,-0.03166611012794244,0.16274796648425147,0.8548222017886984,0.0,0.0,coupled_memory_basin,transport_and_topology_unrelaxed
458,hysteresis,base_stabilized_coupling,latent_transport_activation,coupled_memory_basin,0.9065042591594124,0.8179530852396675,0.4444784075542731,0.8604293733222046,,,,,1.2209820725658693,-0.08855117391974487,-0.05135016775410636,0.18170751556167422,0.8747294714198397,0.0,0.0,coupled_memory_basin,transport_and_topology_unrelaxed
459,hysteresis,base_stabilized_coupling,latent_transport_activation,coupled_memory_basin,0.9065042591594124,0.8179530852396675,0.4444784075542731,0.8604293733222046,,,,,1.2209820725658693,-0.08855117391974487,-0.05135016775410636,0.18170751556167422,0.8747294714198397,0.0,0.0,coupled_memory_basin,transport_and_topology_unrelaxed
460,hysteresis,base_stabilized_coupling,latent_transport_activation,coupled_memory_basin,0.8870366796865424,0.76061188766728,0.4224571650244182,0.8310800416101616,,,,,1.168488132062157,-0.12642479201926238,-0.0767304354363795,0.1726914552158897,0.8440463250015208,0.0,0.0,coupled_memory_basin,transport_and_topology_unrelaxed
461,hysteresis,base_stabilized_coupling,latent_transport_activation,coupled_memory_basin,0.8870366796865424,0.76061188766728,0.4224571650244182,0.8310800416101616,,,,,1.168488132062157,-0.12642479201926238,-0.0767304354363795,0.1726914552158897,0.8440463250015208,0.0,0.0,coupled_memory_basin,transport_and_topology_unrelaxed
462,hysteresis,neutral_coupling,latent_transport_activation,transition_basin,0.1696358165630546,0.0033553500882277,0.3239244214760828,0.2960768314502109,,,,,0.16966899727183185,-0.1662804664748269,-0.961207844843638,0.13234962797053318,0.28472926822259115,0.0,0.0,transition_basin,intermediate_relaxation
463,hysteresis,neutral_coupling,latent_transport_activation,transition_basin,0.1696358165630546,0.0033553500882277,0.3239244214760828,0.2960768314502109,,,,,0.16966899727183185,-0.1662804664748269,-0.961207844843638,0.13234962797053318,0.28472926822259115,0.0,0.0,transition_basin,intermediate_relaxation
464,hysteresis,neutral_coupling,latent_transport_activation,transition_basin,0.1696358165630546,0.0033553500882277,0.3239244214760828,0.2960768314502109,,,,,0.16966899727183185,-0.1662804664748269,-0.961207844843638,0.13234962797053318,0.28472926822259115,0.0,0.0,transition_basin,intermediate_relaxation
465,hysteresis,neutral_coupling,latent_transport_activation,coupled_memory_basin,0.5090637303794948,0.527304462408861,0.2149500478028989,0.5048302525413637,,,,,0.7329364758723534,0.018240732029366158,0.017600628962060036,0.08773273008888702,0.5029697326906986,0.018240732029366158,0.007867505356905141,coupled_memory_basin,transport_and_topology_unrelaxed
466,hysteresis,neutral_coupling,latent_transport_activation,coupled_memory_basin,0.5090637303794948,0.527304462408861,0.2149500478028989,0.5048302525413637,,,,,0.7329364758723534,0.018240732029366158,0.017600628962060036,0.08773273008888702,0.5029697326906986,0.018240732029366158,0.007867505356905141,coupled_memory_basin,transport_and_topology_unrelaxed
467,hysteresis,neutral_coupling,latent_transport_activation,coupled_memory_basin,0.5090637303794948,0.527304462408861,0.2149500478028989,0.5048302525413637,,,,,0.7329364758723534,0.018240732029366158,0.017600628962060036,0.08773273008888702,0.5029697326906986,0.018240732029366158,0.007867505356905141,coupled_memory_basin,transport_and_topology_unrelaxed
468,hysteresis,neutral_coupling,latent_transport_activation,coupled_memory_basin,0.6912294317079258,0.716637260666286,0.1162434885337848,0.558816310976178,,,,,0.9956741889968528,0.025407828958360135,0.018047041737662382,0.047319738238469654,0.5594092506925216,0.025407828958360135,0.010958783349013106,coupled_memory_basin,transport_and_topology_unrelaxed
469,hysteresis,neutral_coupling,latent_transport_activation,coupled_memory_basin,0.6912294317079258,0.716637260666286,0.1162434885337848,0.558816310976178,,,,,0.9956741889968528,0.025407828958360135,0.018047041737662382,0.047319738238469654,0.5594092506925216,0.025407828958360135,0.010958783349013106,coupled_memory_basin,transport_and_topology_unrelaxed
470,hysteresis,neutral_coupling,latent_transport_activation,coupled_memory_basin,0.6912294317079258,0.716637260666286,0.1162434885337848,0.558816310976178,,,,,0.9956741889968528,0.025407828958360135,0.018047041737662382,0.047319738238469654,0.5594092506925216,0.025407828958360135,0.010958783349013106,coupled_memory_basin,transport_and_topology_unrelaxed
471,hysteresis,neutral_coupling,latent_transport_activation,coupled_memory_basin,0.7768883558274466,0.7783438339578221,0.0708764418085547,0.5599904626540434,,,,,1.0997157092996512,0.0014554781303754982,0.0009358590568881683,0.02874530809765614,0.5606367630666611,0.0014554781303754982,0.0006277698707021364,coupled_memory_basin,transport_and_topology_unrelaxed
472,hysteresis,neutral_coupling,latent_transport_activation,coupled_memory_basin,0.7768883558274466,0.7783438339578221,0.0708764418085547,0.5599904626540434,,,,,1.0997157092996512,0.0014554781303754982,0.0009358590568881683,0.02874530809765614,0.5606367630666611,0.0014554781303754982,0.0006277698707021364,coupled_memory_basin,transport_and_topology_unrelaxed
473,hysteresis,neutral_coupling,latent_transport_activation,coupled_memory_basin,0.7768883558274466,0.7783438339578221,0.0708764418085547,0.5599904626540434,,,,,1.0997157092996512,0.0014554781303754982,0.0009358590568881683,0.02874530809765614,0.5606367630666611,0.0014554781303754982,0.0006277698707021364,coupled_memory_basin,transport_and_topology_unrelaxed
474,hysteresis,neutral_coupling,latent_transport_activation,coupled_memory_basin,0.7983899977182453,0.7603195096777865,0.0746174044757448,0.5714954587582209,,,,,1.1025027642837044,-0.03807048804045876,-0.02442436378285432,0.030276953967001887,0.5726646171748968,0.0,0.0,coupled_memory_basin,transport_and_topology_unrelaxed
475,hysteresis,neutral_coupling,latent_transport_activation,coupled_memory_basin,0.7983899977182453,0.7603195096777865,0.0746174044757448,0.5714954587582209,,,,,1.1025027642837044,-0.03807048804045876,-0.02442436378285432,0.030276953967001887,0.5726646171748968,0.0,0.0,coupled_memory_basin,transport_and_topology_unrelaxed
476,hysteresis,neutral_coupling,latent_transport_activation,coupled_memory_basin,0.7983899977182453,0.7603195096777865,0.0746174044757448,0.5714954587582209,,,,,1.1025027642837044,-0.03807048804045876,-0.02442436378285432,0.030276953967001887,0.5726646171748968,0.0,0.0,coupled_memory_basin,transport_and_topology_unrelaxed
477,hysteresis,neutral_coupling,latent_transport_activation,coupled_memory_basin,0.719662210908667,0.6441838372850881,0.0650444763375102,0.4849658584946897,,,,,0.9658605044359623,-0.0754783736235789,-0.05534229741214948,0.026357552159262446,0.4822025780234193,0.0,0.0,coupled_memory_basin,transport_and_topology_unrelaxed
478,hysteresis,neutral_coupling,latent_transport_activation,coupled_memory_basin,0.719662210908667,0.6441838372850881,0.0650444763375102,0.4849658584946897,,,,,0.9658605044359623,-0.0754783736235789,-0.05534229741214948,0.026357552159262446,0.4822025780234193,0.0,0.0,coupled_memory_basin,transport_and_topology_unrelaxed
479,hysteresis,neutral_coupling,latent_transport_activation,coupled_memory_basin,0.719662210908667,0.6441838372850881,0.0650444763375102,0.4849658584946897,,,,,0.9658605044359623,-0.0754783736235789,-0.05534229741214948,0.026357552159262446,0.4822025780234193,0.0,0.0,coupled_memory_basin,transport_and_topology_unrelaxed
480,hysteresis,neutral_coupling,latent_transport_activation,transition_basin,0.0744777945890302,0.1120239887290166,0.0066798057655237,0.0610986517734467,,,,,0.1345225480639012,0.0375461941399864,0.2013181508069362,0.002461562129387764,0.03907223034278988,0.0375461941399864,0.01619424500355472,transition_basin,intermediate_relaxation
481,hysteresis,neutral_coupling,latent_transport_activation,transition_basin,0.0744777945890302,0.1120239887290166,0.0066798057655237,0.0610986517734467,,,,,0.1345225480639012,0.0375461941399864,0.2013181508069362,0.002461562129387764,0.03907223034278988,0.0375461941399864,0.01619424500355472,transition_basin,intermediate_relaxation
482,hysteresis,neutral_coupling,latent_transport_activation,transition_basin,0.0744777945890302,0.1120239887290166,0.0066798057655237,0.0610986517734467,,,,,0.1345225480639012,0.0375461941399864,0.2013181508069362,0.002461562129387764,0.03907223034278988,0.0375461941399864,0.01619424500355472,transition_basin,intermediate_relaxation
483,hysteresis,neutral_coupling,latent_transport_activation,transition_basin,0.295713883926004,0.5476372874408589,0.3264514534831555,0.4510286686223446,,,,,0.6223771362623984,0.2519234035148549,0.2987170849674056,0.1333842595559493,0.4467230728648002,0.2519234035148549,0.10865839833028722,transition_basin,intermediate_relaxation
484,hysteresis,neutral_coupling,latent_transport_activation,transition_basin,0.295713883926004,0.5476372874408589,0.3264514534831555,0.4510286686223446,,,,,0.6223771362623984,0.2519234035148549,0.2987170849674056,0.1333842595559493,0.4467230728648002,0.2519234035148549,0.10865839833028722,transition_basin,intermediate_relaxation
485,hysteresis,neutral_coupling,latent_transport_activation,transition_basin,0.295713883926004,0.5476372874408589,0.3264514534831555,0.4510286686223446,,,,,0.6223771362623984,0.2519234035148549,0.2987170849674056,0.1333842595559493,0.4467230728648002,0.2519234035148549,0.10865839833028722,transition_basin,intermediate_relaxation
486,hysteresis,neutral_coupling,latent_transport_activation,transition_basin,0.3906383359734192,0.443000264444605,0.2029834036828472,0.4351872162099677,,,,,0.5906331719689234,0.052361928471185815,0.06281130509655666,0.08283327968881804,0.43016168711957237,0.052361928471185815,0.02258449672314238,transition_basin,intermediate_relaxation
487,hysteresis,neutral_coupling,latent_transport_activation,transition_basin,0.3906383359734192,0.443000264444605,0.2029834036828472,0.4351872162099677,,,,,0.5906331719689234,0.052361928471185815,0.06281130509655666,0.08283327968881804,0.43016168711957237,0.052361928471185815,0.02258449672314238,transition_basin,intermediate_relaxation
488,hysteresis,neutral_coupling,latent_transport_activation,transition_basin,0.3906383359734192,0.443000264444605,0.2029834036828472,0.4351872162099677,,,,,0.5906331719689234,0.052361928471185815,0.06281130509655666,0.08283327968881804,0.43016168711957237,0.052361928471185815,0.02258449672314238,transition_basin,intermediate_relaxation
489,hysteresis,neutral_coupling,latent_transport_activation,coupled_memory_basin,0.7162497200701714,0.7879248899087329,0.107551726724715,0.5905857965944934,,,,,1.0648189018036296,0.07167516983856148,0.04765083080315992,0.04376110848015714,0.592622537741966,0.07167516983856148,0.030914591681634566,coupled_memory_basin,transport_and_topology_unrelaxed
490,hysteresis,neutral_coupling,latent_transport_activation,coupled_memory_basin,0.7162497200701714,0.7879248899087329,0.107551726724715,0.5905857965944934,,,,,1.0648189018036296,0.07167516983856148,0.04765083080315992,0.04376110848015714,0.592622537741966,0.07167516983856148,0.030914591681634566,coupled_memory_basin,transport_and_topology_unrelaxed
491,hysteresis,neutral_coupling,latent_transport_activation,coupled_memory_basin,0.7162497200701714,0.7879248899087329,0.107551726724715,0.5905857965944934,,,,,1.0648189018036296,0.07167516983856148,0.04765083080315992,0.04376110848015714,0.592622537741966,0.07167516983856148,0.030914591681634566,coupled_memory_basin,transport_and_topology_unrelaxed
492,hysteresis,neutral_coupling,latent_transport_activation,coupled_memory_basin,0.838984998796541,0.865756145617379,0.1257253790260168,0.7015990688119704,,,,,1.205582652446481,0.026771146820838032,0.015703936582129065,0.05120186690374292,0.7086809379551419,0.026771146820838032,0.011546803093447784,coupled_memory_basin,transport_and_topology_unrelaxed
493,hysteresis,neutral_coupling,latent_transport_activation,coupled_memory_basin,0.838984998796541,0.865756145617379,0.1257253790260168,0.7015990688119704,,,,,1.205582652446481,0.026771146820838032,0.015703936582129065,0.05120186690374292,0.7086809379551419,0.026771146820838032,0.011546803093447784,coupled_memory_basin,transport_and_topology_unrelaxed
494,hysteresis,neutral_coupling,latent_transport_activation,coupled_memory_basin,0.838984998796541,0.865756145617379,0.1257253790260168,0.7015990688119704,,,,,1.205582652446481,0.026771146820838032,0.015703936582129065,0.05120186690374292,0.7086809379551419,0.026771146820838032,0.011546803093447784,coupled_memory_basin,transport_and_topology_unrelaxed
495,hysteresis,neutral_coupling,latent_transport_activation,coupled_memory_basin,0.8871899987571151,0.8599771442777371,0.2157169049164582,0.783352912853235,,,,,1.2355835797608925,-0.027212854479378046,-0.015575415659484865,0.08804670101959501,0.7941501810571653,0.0,0.0,coupled_memory_basin,transport_and_topology_unrelaxed
496,hysteresis,neutral_coupling,latent_transport_activation,coupled_memory_basin,0.8871899987571151,0.8599771442777371,0.2157169049164582,0.783352912853235,,,,,1.2355835797608925,-0.027212854479378046,-0.015575415659484865,0.08804670101959501,0.7941501810571653,0.0,0.0,coupled_memory_basin,transport_and_topology_unrelaxed
497,hysteresis,neutral_coupling,latent_transport_activation,coupled_memory_basin,0.8871899987571151,0.8599771442777371,0.2157169049164582,0.783352912853235,,,,,1.2355835797608925,-0.027212854479378046,-0.015575415659484865,0.08804670101959501,0.7941501810571653,0.0,0.0,coupled_memory_basin,transport_and_topology_unrelaxed
498,hysteresis,neutral_coupling,latent_transport_activation,coupled_memory_basin,0.8842842650585045,0.8030145707358477,0.26370066918741,0.787578851028311,,,,,1.1944835964734457,-0.08126969432265685,-0.04816556059813096,0.1076924823009318,0.7985681719352136,0.0,0.0,coupled_memory_basin,transport_and_topology_unrelaxed
499,hysteresis,neutral_coupling,latent_transport_activation,coupled_memory_basin,0.8842842650585045,0.8030145707358477,0.26370066918741,0.787578851028311,,,,,1.1944835964734457,-0.08126969432265685,-0.04816556059813096,0.1076924823009318,0.7985681719352136,0.0,0.0,coupled_memory_basin,transport_and_topology_unrelaxed
500,hysteresis,neutral_coupling,latent_transport_activation,coupled_memory_basin,0.8842842650585045,0.8030145707358477,0.26370066918741,0.787578851028311,,,,,1.1944835964734457,-0.08126969432265685,-0.04816556059813096,0.1076924823009318,0.7985681719352136,0.0,0.0,coupled_memory_basin,transport_and_topology_unrelaxed
501,hysteresis,neutral_coupling,latent_transport_activation,coupled_memory_basin,0.7679769893049111,0.6186491576679514,0.2067433828671898,0.6513055872269975,,,,,0.9861619726926714,-0.14932783163695973,-0.10769148696845864,0.08437271140703134,0.6561018102768943,0.0,0.0,coupled_memory_basin,transport_and_topology_unrelaxed
502,hysteresis,neutral_coupling,latent_transport_activation,coupled_memory_basin,0.7679769893049111,0.6186491576679514,0.2067433828671898,0.6513055872269975,,,,,0.9861619726926714,-0.14932783163695973,-0.10769148696845864,0.08437271140703134,0.6561018102768943,0.0,0.0,coupled_memory_basin,transport_and_topology_unrelaxed
503,hysteresis,neutral_coupling,latent_transport_activation,coupled_memory_basin,0.7679769893049111,0.6186491576679514,0.2067433828671898,0.6513055872269975,,,,,0.9861619726926714,-0.14932783163695973,-0.10769148696845864,0.08437271140703134,0.6561018102768943,0.0,0.0,coupled_memory_basin,transport_and_topology_unrelaxed
504,hysteresis,neutral_coupling,latent_transport_activation,coupled_memory_basin,0.7126326035490761,0.9529303853723768,0.2577784908266749,0.7508520645465427,,,,,1.189925017388525,0.24029778182330075,0.14427420843372785,0.10526779089641647,0.7601722936865777,0.24029778182330075,0.10364409074721412,coupled_memory_basin,transport_and_topology_unrelaxed
505,hysteresis,neutral_coupling,latent_transport_activation,coupled_memory_basin,0.7126326035490761,0.9529303853723768,0.2577784908266749,0.7508520645465427,,,,,1.189925017388525,0.24029778182330075,0.14427420843372785,0.10526779089641647,0.7601722936865777,0.24029778182330075,0.10364409074721412,coupled_memory_basin,transport_and_topology_unrelaxed
506,hysteresis,neutral_coupling,latent_transport_activation,coupled_memory_basin,0.7126326035490761,0.9529303853723768,0.2577784908266749,0.7508520645465427,,,,,1.189925017388525,0.24029778182330075,0.14427420843372785,0.10526779089641647,0.7601722936865777,0.24029778182330075,0.10364409074721412,coupled_memory_basin,transport_and_topology_unrelaxed
507,hysteresis,neutral_coupling,latent_transport_activation,transition_basin,0.2778174776231523,0.3103159467161514,0.0810600122793991,0.2770364447336606,,,,,0.4165075481419659,0.03249846909299914,0.05525696678343346,0.0329147225063211,0.2648235688623021,0.03249846909299914,0.014017084362006906,transition_basin,intermediate_relaxation
508,hysteresis,neutral_coupling,latent_transport_activation,transition_basin,0.2778174776231523,0.3103159467161514,0.0810600122793991,0.2770364447336606,,,,,0.4165075481419659,0.03249846909299914,0.05525696678343346,0.0329147225063211,0.2648235688623021,0.03249846909299914,0.014017084362006906,transition_basin,intermediate_relaxation
509,hysteresis,neutral_coupling,latent_transport_activation,transition_basin,0.2778174776231523,0.3103159467161514,0.0810600122793991,0.2770364447336606,,,,,0.4165075481419659,0.03249846909299914,0.05525696678343346,0.0329147225063211,0.2648235688623021,0.03249846909299914,0.014017084362006906,transition_basin,intermediate_relaxation
510,hysteresis,neutral_coupling,latent_transport_activation,transition_basin,0.4455373673508953,0.6287874052851266,0.1178139178955746,0.4635364187897196,,,,,0.7706342496613867,0.18325003793423128,0.17057229117450992,0.04796271221577783,0.4597992523674443,0.18325003793423128,0.07903853051399345,transition_basin,intermediate_relaxation
511,hysteresis,neutral_coupling,latent_transport_activation,transition_basin,0.4455373673508953,0.6287874052851266,0.1178139178955746,0.4635364187897196,,,,,0.7706342496613867,0.18325003793423128,0.17057229117450992,0.04796271221577783,0.4597992523674443,0.18325003793423128,0.07903853051399345,transition_basin,intermediate_relaxation
512,hysteresis,neutral_coupling,latent_transport_activation,transition_basin,0.4455373673508953,0.6287874052851266,0.1178139178955746,0.4635364187897196,,,,,0.7706342496613867,0.18325003793423128,0.17057229117450992,0.04796271221577783,0.4597992523674443,0.18325003793423128,0.07903853051399345,transition_basin,intermediate_relaxation
513,hysteresis,neutral_coupling,latent_transport_activation,coupled_memory_basin,0.7667185981792848,0.7802844035748691,0.3013326424988847,0.7552023927599054,,,,,1.0939383708674801,0.013565805395584274,0.008769087959230315,0.12309997539979849,0.7647203276536877,0.013565805395584274,0.005851138345142426,coupled_memory_basin,transport_and_topology_unrelaxed
514,hysteresis,neutral_coupling,latent_transport_activation,coupled_memory_basin,0.7667185981792848,0.7802844035748691,0.3013326424988847,0.7552023927599054,,,,,1.0939383708674801,0.013565805395584274,0.008769087959230315,0.12309997539979849,0.7647203276536877,0.013565805395584274,0.005851138345142426,coupled_memory_basin,transport_and_topology_unrelaxed
515,hysteresis,neutral_coupling,latent_transport_activation,coupled_memory_basin,0.7667185981792848,0.7802844035748691,0.3013326424988847,0.7552023927599054,,,,,1.0939383708674801,0.013565805395584274,0.008769087959230315,0.12309997539979849,0.7647203276536877,0.013565805395584274,0.005851138345142426,coupled_memory_basin,transport_and_topology_unrelaxed
516,hysteresis,neutral_coupling,latent_transport_activation,coupled_memory_basin,0.8706096703052068,0.80717962216118,0.4153389490884382,0.8364497756978055,,,,,1.1872237112108257,-0.06343004814402675,-0.037805729497024855,0.16977707541438156,0.8496600929351535,0.0,0.0,coupled_memory_basin,transport_and_topology_unrelaxed
517,hysteresis,neutral_coupling,latent_transport_activation,coupled_memory_basin,0.8706096703052068,0.80717962216118,0.4153389490884382,0.8364497756978055,,,,,1.1872237112108257,-0.06343004814402675,-0.037805729497024855,0.16977707541438156,0.8496600929351535,0.0,0.0,coupled_memory_basin,transport_and_topology_unrelaxed
518,hysteresis,neutral_coupling,latent_transport_activation,coupled_memory_basin,0.8706096703052068,0.80717962216118,0.4153389490884382,0.8364497756978055,,,,,1.1872237112108257,-0.06343004814402675,-0.037805729497024855,0.16977707541438156,0.8496600929351535,0.0,0.0,coupled_memory_basin,transport_and_topology_unrelaxed
519,hysteresis,neutral_coupling,latent_transport_activation,coupled_memory_basin,0.893305336952004,0.7930814395197705,0.4499717756825152,0.8511677786434373,,,,,1.1945595819119634,-0.10022389743223348,-0.05943114523339688,0.18395664108121257,0.8650469727386471,0.0,0.0,coupled_memory_basin,transport_and_topology_unrelaxed
520,hysteresis,neutral_coupling,latent_transport_activation,coupled_memory_basin,0.893305336952004,0.7930814395197705,0.4499717756825152,0.8511677786434373,,,,,1.1945595819119634,-0.10022389743223348,-0.05943114523339688,0.18395664108121257,0.8650469727386471,0.0,0.0,coupled_memory_basin,transport_and_topology_unrelaxed
521,hysteresis,neutral_coupling,latent_transport_activation,coupled_memory_basin,0.893305336952004,0.7930814395197705,0.4499717756825152,0.8511677786434373,,,,,1.1945595819119634,-0.10022389743223348,-0.05943114523339688,0.18395664108121257,0.8650469727386471,0.0,0.0,coupled_memory_basin,transport_and_topology_unrelaxed
522,hysteresis,neutral_coupling,latent_transport_activation,coupled_memory_basin,0.8649646181555299,0.7311572354835243,0.4078546866127195,0.8063496143466763,,,,,1.1325876097065743,-0.13380738267200565,-0.08383281161576082,0.1667128267902048,0.8181919945466389,0.0,0.0,coupled_memory_basin,transport_and_topology_unrelaxed
523,hysteresis,neutral_coupling,latent_transport_activation,coupled_memory_basin,0.8649646181555299,0.7311572354835243,0.4078546866127195,0.8063496143466763,,,,,1.1325876097065743,-0.13380738267200565,-0.08383281161576082,0.1667128267902048,0.8181919945466389,0.0,0.0,coupled_memory_basin,transport_and_topology_unrelaxed
524,hysteresis,neutral_coupling,latent_transport_activation,coupled_memory_basin,0.8649646181555299,0.7311572354835243,0.4078546866127195,0.8063496143466763,,,,,1.1325876097065743,-0.13380738267200565,-0.08383281161576082,0.1667128267902048,0.8181919945466389,0.0,0.0,coupled_memory_basin,transport_and_topology_unrelaxed
525,hysteresis,neutral_coupling,latent_transport_activation,transition_basin,0.1696358165630546,0.0033553500882277,0.3239244214760828,0.2960768314502109,,,,,0.16966899727183185,-0.1662804664748269,-0.961207844843638,0.13234962797053318,0.28472926822259115,0.0,0.0,transition_basin,intermediate_relaxation
526,hysteresis,neutral_coupling,latent_transport_activation,transition_basin,0.1696358165630546,0.0033553500882277,0.3239244214760828,0.2960768314502109,,,,,0.16966899727183185,-0.1662804664748269,-0.961207844843638,0.13234962797053318,0.28472926822259115,0.0,0.0,transition_basin,intermediate_relaxation
527,hysteresis,neutral_coupling,latent_transport_activation,transition_basin,0.1696358165630546,0.0033553500882277,0.3239244214760828,0.2960768314502109,,,,,0.16966899727183185,-0.1662804664748269,-0.961207844843638,0.13234962797053318,0.28472926822259115,0.0,0.0,transition_basin,intermediate_relaxation
528,hysteresis,neutral_coupling,latent_transport_activation,coupled_memory_basin,0.5090637303794948,0.527304462408861,0.2149500478028989,0.5048302525413637,,,,,0.7329364758723534,0.018240732029366158,0.017600628962060036,0.08773273008888702,0.5029697326906986,0.018240732029366158,0.007867505356905141,coupled_memory_basin,transport_and_topology_unrelaxed
529,hysteresis,neutral_coupling,latent_transport_activation,coupled_memory_basin,0.5090637303794948,0.527304462408861,0.2149500478028989,0.5048302525413637,,,,,0.7329364758723534,0.018240732029366158,0.017600628962060036,0.08773273008888702,0.5029697326906986,0.018240732029366158,0.007867505356905141,coupled_memory_basin,transport_and_topology_unrelaxed
530,hysteresis,neutral_coupling,latent_transport_activation,coupled_memory_basin,0.5090637303794948,0.527304462408861,0.2149500478028989,0.5048302525413637,,,,,0.7329364758723534,0.018240732029366158,0.017600628962060036,0.08773273008888702,0.5029697326906986,0.018240732029366158,0.007867505356905141,coupled_memory_basin,transport_and_topology_unrelaxed
531,hysteresis,neutral_coupling,latent_transport_activation,coupled_memory_basin,0.6912294317079258,0.716637260666286,0.1162434885337848,0.558816310976178,,,,,0.9956741889968528,0.025407828958360135,0.018047041737662382,0.047319738238469654,0.5594092506925216,0.025407828958360135,0.010958783349013106,coupled_memory_basin,transport_and_topology_unrelaxed
532,hysteresis,neutral_coupling,latent_transport_activation,coupled_memory_basin,0.6912294317079258,0.716637260666286,0.1162434885337848,0.558816310976178,,,,,0.9956741889968528,0.025407828958360135,0.018047041737662382,0.047319738238469654,0.5594092506925216,0.025407828958360135,0.010958783349013106,coupled_memory_basin,transport_and_topology_unrelaxed
533,hysteresis,neutral_coupling,latent_transport_activation,coupled_memory_basin,0.6912294317079258,0.716637260666286,0.1162434885337848,0.558816310976178,,,,,0.9956741889968528,0.025407828958360135,0.018047041737662382,0.047319738238469654,0.5594092506925216,0.025407828958360135,0.010958783349013106,coupled_memory_basin,transport_and_topology_unrelaxed
534,hysteresis,neutral_coupling,latent_transport_activation,coupled_memory_basin,0.7768883558274466,0.7783438339578221,0.0708764418085547,0.5599904626540434,,,,,1.0997157092996512,0.0014554781303754982,0.0009358590568881683,0.02874530809765614,0.5606367630666611,0.0014554781303754982,0.0006277698707021364,coupled_memory_basin,transport_and_topology_unrelaxed
535,hysteresis,neutral_coupling,latent_transport_activation,coupled_memory_basin,0.7768883558274466,0.7783438339578221,0.0708764418085547,0.5599904626540434,,,,,1.0997157092996512,0.0014554781303754982,0.0009358590568881683,0.02874530809765614,0.5606367630666611,0.0014554781303754982,0.0006277698707021364,coupled_memory_basin,transport_and_topology_unrelaxed
536,hysteresis,neutral_coupling,latent_transport_activation,coupled_memory_basin,0.7768883558274466,0.7783438339578221,0.0708764418085547,0.5599904626540434,,,,,1.0997157092996512,0.0014554781303754982,0.0009358590568881683,0.02874530809765614,0.5606367630666611,0.0014554781303754982,0.0006277698707021364,coupled_memory_basin,transport_and_topology_unrelaxed
537,hysteresis,neutral_coupling,latent_transport_activation,coupled_memory_basin,0.7983899977182453,0.7603195096777865,0.0746174044757448,0.5714954587582209,,,,,1.1025027642837044,-0.03807048804045876,-0.02442436378285432,0.030276953967001887,0.5726646171748968,0.0,0.0,coupled_memory_basin,transport_and_topology_unrelaxed
538,hysteresis,neutral_coupling,latent_transport_activation,coupled_memory_basin,0.7983899977182453,0.7603195096777865,0.0746174044757448,0.5714954587582209,,,,,1.1025027642837044,-0.03807048804045876,-0.02442436378285432,0.030276953967001887,0.5726646171748968,0.0,0.0,coupled_memory_basin,transport_and_topology_unrelaxed
539,hysteresis,neutral_coupling,latent_transport_activation,coupled_memory_basin,0.7983899977182453,0.7603195096777865,0.0746174044757448,0.5714954587582209,,,,,1.1025027642837044,-0.03807048804045876,-0.02442436378285432,0.030276953967001887,0.5726646171748968,0.0,0.0,coupled_memory_basin,transport_and_topology_unrelaxed
540,hysteresis,neutral_coupling,latent_transport_activation,coupled_memory_basin,0.719662210908667,0.6441838372850881,0.0650444763375102,0.4849658584946897,,,,,0.9658605044359623,-0.0754783736235789,-0.05534229741214948,0.026357552159262446,0.4822025780234193,0.0,0.0,coupled_memory_basin,transport_and_topology_unrelaxed
541,hysteresis,neutral_coupling,latent_transport_activation,coupled_memory_basin,0.719662210908667,0.6441838372850881,0.0650444763375102,0.4849658584946897,,,,,0.9658605044359623,-0.0754783736235789,-0.05534229741214948,0.026357552159262446,0.4822025780234193,0.0,0.0,coupled_memory_basin,transport_and_topology_unrelaxed
542,hysteresis,neutral_coupling,latent_transport_activation,coupled_memory_basin,0.719662210908667,0.6441838372850881,0.0650444763375102,0.4849658584946897,,,,,0.9658605044359623,-0.0754783736235789,-0.05534229741214948,0.026357552159262446,0.4822025780234193,0.0,0.0,coupled_memory_basin,transport_and_topology_unrelaxed
543,hysteresis,neutral_coupling,latent_transport_activation,transition_basin,0.0744777945890302,0.1120239887290166,0.0066798057655237,0.0610986517734467,,,,,0.1345225480639012,0.0375461941399864,0.2013181508069362,0.002461562129387764,0.03907223034278988,0.0375461941399864,0.01619424500355472,transition_basin,intermediate_relaxation
544,hysteresis,neutral_coupling,latent_transport_activation,transition_basin,0.0744777945890302,0.1120239887290166,0.0066798057655237,0.0610986517734467,,,,,0.1345225480639012,0.0375461941399864,0.2013181508069362,0.002461562129387764,0.03907223034278988,0.0375461941399864,0.01619424500355472,transition_basin,intermediate_relaxation
545,hysteresis,neutral_coupling,latent_transport_activation,transition_basin,0.0744777945890302,0.1120239887290166,0.0066798057655237,0.0610986517734467,,,,,0.1345225480639012,0.0375461941399864,0.2013181508069362,0.002461562129387764,0.03907223034278988,0.0375461941399864,0.01619424500355472,transition_basin,intermediate_relaxation
546,hysteresis,neutral_coupling,latent_transport_activation,transition_basin,0.295713883926004,0.5476372874408589,0.3264514534831555,0.4510286686223446,,,,,0.6223771362623984,0.2519234035148549,0.2987170849674056,0.1333842595559493,0.4467230728648002,0.2519234035148549,0.10865839833028722,transition_basin,intermediate_relaxation
547,hysteresis,neutral_coupling,latent_transport_activation,transition_basin,0.295713883926004,0.5476372874408589,0.3264514534831555,0.4510286686223446,,,,,0.6223771362623984,0.2519234035148549,0.2987170849674056,0.1333842595559493,0.4467230728648002,0.2519234035148549,0.10865839833028722,transition_basin,intermediate_relaxation
548,hysteresis,neutral_coupling,latent_transport_activation,transition_basin,0.295713883926004,0.5476372874408589,0.3264514534831555,0.4510286686223446,,,,,0.6223771362623984,0.2519234035148549,0.2987170849674056,0.1333842595559493,0.4467230728648002,0.2519234035148549,0.10865839833028722,transition_basin,intermediate_relaxation
549,hysteresis,neutral_coupling,latent_transport_activation,transition_basin,0.3906383359734192,0.443000264444605,0.2029834036828472,0.4351872162099677,,,,,0.5906331719689234,0.052361928471185815,0.06281130509655666,0.08283327968881804,0.43016168711957237,0.052361928471185815,0.02258449672314238,transition_basin,intermediate_relaxation
550,hysteresis,neutral_coupling,latent_transport_activation,transition_basin,0.3906383359734192,0.443000264444605,0.2029834036828472,0.4351872162099677,,,,,0.5906331719689234,0.052361928471185815,0.06281130509655666,0.08283327968881804,0.43016168711957237,0.052361928471185815,0.02258449672314238,transition_basin,intermediate_relaxation
551,hysteresis,neutral_coupling,latent_transport_activation,transition_basin,0.3906383359734192,0.443000264444605,0.2029834036828472,0.4351872162099677,,,,,0.5906331719689234,0.052361928471185815,0.06281130509655666,0.08283327968881804,0.43016168711957237,0.052361928471185815,0.02258449672314238,transition_basin,intermediate_relaxation
552,hysteresis,neutral_coupling,latent_transport_activation,coupled_memory_basin,0.7162497200701714,0.7879248899087329,0.107551726724715,0.5905857965944934,,,,,1.0648189018036296,0.07167516983856148,0.04765083080315992,0.04376110848015714,0.592622537741966,0.07167516983856148,0.030914591681634566,coupled_memory_basin,transport_and_topology_unrelaxed
553,hysteresis,neutral_coupling,latent_transport_activation,coupled_memory_basin,0.7162497200701714,0.7879248899087329,0.107551726724715,0.5905857965944934,,,,,1.0648189018036296,0.07167516983856148,0.04765083080315992,0.04376110848015714,0.592622537741966,0.07167516983856148,0.030914591681634566,coupled_memory_basin,transport_and_topology_unrelaxed
554,hysteresis,neutral_coupling,latent_transport_activation,coupled_memory_basin,0.7162497200701714,0.7879248899087329,0.107551726724715,0.5905857965944934,,,,,1.0648189018036296,0.07167516983856148,0.04765083080315992,0.04376110848015714,0.592622537741966,0.07167516983856148,0.030914591681634566,coupled_memory_basin,transport_and_topology_unrelaxed
555,hysteresis,neutral_coupling,latent_transport_activation,coupled_memory_basin,0.838984998796541,0.865756145617379,0.1257253790260168,0.7015990688119704,,,,,1.205582652446481,0.026771146820838032,0.015703936582129065,0.05120186690374292,0.7086809379551419,0.026771146820838032,0.011546803093447784,coupled_memory_basin,transport_and_topology_unrelaxed
556,hysteresis,neutral_coupling,latent_transport_activation,coupled_memory_basin,0.838984998796541,0.865756145617379,0.1257253790260168,0.7015990688119704,,,,,1.205582652446481,0.026771146820838032,0.015703936582129065,0.05120186690374292,0.7086809379551419,0.026771146820838032,0.011546803093447784,coupled_memory_basin,transport_and_topology_unrelaxed
557,hysteresis,neutral_coupling,latent_transport_activation,coupled_memory_basin,0.838984998796541,0.865756145617379,0.1257253790260168,0.7015990688119704,,,,,1.205582652446481,0.026771146820838032,0.015703936582129065,0.05120186690374292,0.7086809379551419,0.026771146820838032,0.011546803093447784,coupled_memory_basin,transport_and_topology_unrelaxed
558,hysteresis,neutral_coupling,latent_transport_activation,coupled_memory_basin,0.8871899987571151,0.8599771442777371,0.2157169049164582,0.783352912853235,,,,,1.2355835797608925,-0.027212854479378046,-0.015575415659484865,0.08804670101959501,0.7941501810571653,0.0,0.0,coupled_memory_basin,transport_and_topology_unrelaxed
559,hysteresis,neutral_coupling,latent_transport_activation,coupled_memory_basin,0.8871899987571151,0.8599771442777371,0.2157169049164582,0.783352912853235,,,,,1.2355835797608925,-0.027212854479378046,-0.015575415659484865,0.08804670101959501,0.7941501810571653,0.0,0.0,coupled_memory_basin,transport_and_topology_unrelaxed
560,hysteresis,neutral_coupling,latent_transport_activation,coupled_memory_basin,0.8871899987571151,0.8599771442777371,0.2157169049164582,0.783352912853235,,,,,1.2355835797608925,-0.027212854479378046,-0.015575415659484865,0.08804670101959501,0.7941501810571653,0.0,0.0,coupled_memory_basin,transport_and_topology_unrelaxed
561,hysteresis,neutral_coupling,latent_transport_activation,coupled_memory_basin,0.8842842650585045,0.8030145707358477,0.26370066918741,0.787578851028311,,,,,1.1944835964734457,-0.08126969432265685,-0.04816556059813096,0.1076924823009318,0.7985681719352136,0.0,0.0,coupled_memory_basin,transport_and_topology_unrelaxed
562,hysteresis,neutral_coupling,latent_transport_activation,coupled_memory_basin,0.8842842650585045,0.8030145707358477,0.26370066918741,0.787578851028311,,,,,1.1944835964734457,-0.08126969432265685,-0.04816556059813096,0.1076924823009318,0.7985681719352136,0.0,0.0,coupled_memory_basin,transport_and_topology_unrelaxed
563,hysteresis,neutral_coupling,latent_transport_activation,coupled_memory_basin,0.8842842650585045,0.8030145707358477,0.26370066918741,0.787578851028311,,,,,1.1944835964734457,-0.08126969432265685,-0.04816556059813096,0.1076924823009318,0.7985681719352136,0.0,0.0,coupled_memory_basin,transport_and_topology_unrelaxed
564,hysteresis,neutral_coupling,latent_transport_activation,coupled_memory_basin,0.7679769893049111,0.6186491576679514,0.2067433828671898,0.6513055872269975,,,,,0.9861619726926714,-0.14932783163695973,-0.10769148696845864,0.08437271140703134,0.6561018102768943,0.0,0.0,coupled_memory_basin,transport_and_topology_unrelaxed
565,hysteresis,neutral_coupling,latent_transport_activation,coupled_memory_basin,0.7679769893049111,0.6186491576679514,0.2067433828671898,0.6513055872269975,,,,,0.9861619726926714,-0.14932783163695973,-0.10769148696845864,0.08437271140703134,0.6561018102768943,0.0,0.0,coupled_memory_basin,transport_and_topology_unrelaxed
566,hysteresis,neutral_coupling,latent_transport_activation,coupled_memory_basin,0.7679769893049111,0.6186491576679514,0.2067433828671898,0.6513055872269975,,,,,0.9861619726926714,-0.14932783163695973,-0.10769148696845864,0.08437271140703134,0.6561018102768943,0.0,0.0,coupled_memory_basin,transport_and_topology_unrelaxed
567,hysteresis,neutral_coupling,latent_transport_activation,coupled_memory_basin,0.7126326035490761,0.9529303853723768,0.2577784908266749,0.7508520645465427,,,,,1.189925017388525,0.24029778182330075,0.14427420843372785,0.10526779089641647,0.7601722936865777,0.24029778182330075,0.10364409074721412,coupled_memory_basin,transport_and_topology_unrelaxed
568,hysteresis,neutral_coupling,latent_transport_activation,coupled_memory_basin,0.7126326035490761,0.9529303853723768,0.2577784908266749,0.7508520645465427,,,,,1.189925017388525,0.24029778182330075,0.14427420843372785,0.10526779089641647,0.7601722936865777,0.24029778182330075,0.10364409074721412,coupled_memory_basin,transport_and_topology_unrelaxed
569,hysteresis,neutral_coupling,latent_transport_activation,coupled_memory_basin,0.7126326035490761,0.9529303853723768,0.2577784908266749,0.7508520645465427,,,,,1.189925017388525,0.24029778182330075,0.14427420843372785,0.10526779089641647,0.7601722936865777,0.24029778182330075,0.10364409074721412,coupled_memory_basin,transport_and_topology_unrelaxed
570,hysteresis,neutral_coupling,latent_transport_activation,transition_basin,0.2778174776231523,0.3103159467161514,0.0810600122793991,0.2770364447336606,,,,,0.4165075481419659,0.03249846909299914,0.05525696678343346,0.0329147225063211,0.2648235688623021,0.03249846909299914,0.014017084362006906,transition_basin,intermediate_relaxation
571,hysteresis,neutral_coupling,latent_transport_activation,transition_basin,0.2778174776231523,0.3103159467161514,0.0810600122793991,0.2770364447336606,,,,,0.4165075481419659,0.03249846909299914,0.05525696678343346,0.0329147225063211,0.2648235688623021,0.03249846909299914,0.014017084362006906,transition_basin,intermediate_relaxation
572,hysteresis,neutral_coupling,latent_transport_activation,transition_basin,0.2778174776231523,0.3103159467161514,0.0810600122793991,0.2770364447336606,,,,,0.4165075481419659,0.03249846909299914,0.05525696678343346,0.0329147225063211,0.2648235688623021,0.03249846909299914,0.014017084362006906,transition_basin,intermediate_relaxation
573,hysteresis,neutral_coupling,latent_transport_activation,transition_basin,0.4455373673508953,0.6287874052851266,0.1178139178955746,0.4635364187897196,,,,,0.7706342496613867,0.18325003793423128,0.17057229117450992,0.04796271221577783,0.4597992523674443,0.18325003793423128,0.07903853051399345,transition_basin,intermediate_relaxation
574,hysteresis,neutral_coupling,latent_transport_activation,transition_basin,0.4455373673508953,0.6287874052851266,0.1178139178955746,0.4635364187897196,,,,,0.7706342496613867,0.18325003793423128,0.17057229117450992,0.04796271221577783,0.4597992523674443,0.18325003793423128,0.07903853051399345,transition_basin,intermediate_relaxation
575,hysteresis,neutral_coupling,latent_transport_activation,transition_basin,0.4455373673508953,0.6287874052851266,0.1178139178955746,0.4635364187897196,,,,,0.7706342496613867,0.18325003793423128,0.17057229117450992,0.04796271221577783,0.4597992523674443,0.18325003793423128,0.07903853051399345,transition_basin,intermediate_relaxation
576,hysteresis,neutral_coupling,latent_transport_activation,coupled_memory_basin,0.7667185981792848,0.7802844035748691,0.3013326424988847,0.7552023927599054,,,,,1.0939383708674801,0.013565805395584274,0.008769087959230315,0.12309997539979849,0.7647203276536877,0.013565805395584274,0.005851138345142426,coupled_memory_basin,transport_and_topology_unrelaxed
577,hysteresis,neutral_coupling,latent_transport_activation,coupled_memory_basin,0.7667185981792848,0.7802844035748691,0.3013326424988847,0.7552023927599054,,,,,1.0939383708674801,0.013565805395584274,0.008769087959230315,0.12309997539979849,0.7647203276536877,0.013565805395584274,0.005851138345142426,coupled_memory_basin,transport_and_topology_unrelaxed
578,hysteresis,neutral_coupling,latent_transport_activation,coupled_memory_basin,0.7667185981792848,0.7802844035748691,0.3013326424988847,0.7552023927599054,,,,,1.0939383708674801,0.013565805395584274,0.008769087959230315,0.12309997539979849,0.7647203276536877,0.013565805395584274,0.005851138345142426,coupled_memory_basin,transport_and_topology_unrelaxed
579,hysteresis,neutral_coupling,latent_transport_activation,coupled_memory_basin,0.8706096703052068,0.80717962216118,0.4153389490884382,0.8364497756978055,,,,,1.1872237112108257,-0.06343004814402675,-0.037805729497024855,0.16977707541438156,0.8496600929351535,0.0,0.0,coupled_memory_basin,transport_and_topology_unrelaxed
580,hysteresis,neutral_coupling,latent_transport_activation,coupled_memory_basin,0.8706096703052068,0.80717962216118,0.4153389490884382,0.8364497756978055,,,,,1.1872237112108257,-0.06343004814402675,-0.037805729497024855,0.16977707541438156,0.8496600929351535,0.0,0.0,coupled_memory_basin,transport_and_topology_unrelaxed
581,hysteresis,neutral_coupling,latent_transport_activation,coupled_memory_basin,0.8706096703052068,0.80717962216118,0.4153389490884382,0.8364497756978055,,,,,1.1872237112108257,-0.06343004814402675,-0.037805729497024855,0.16977707541438156,0.8496600929351535,0.0,0.0,coupled_memory_basin,transport_and_topology_unrelaxed
582,hysteresis,neutral_coupling,latent_transport_activation,coupled_memory_basin,0.893305336952004,0.7930814395197705,0.4499717756825152,0.8511677786434373,,,,,1.1945595819119634,-0.10022389743223348,-0.05943114523339688,0.18395664108121257,0.8650469727386471,0.0,0.0,coupled_memory_basin,transport_and_topology_unrelaxed
583,hysteresis,neutral_coupling,latent_transport_activation,coupled_memory_basin,0.893305336952004,0.7930814395197705,0.4499717756825152,0.8511677786434373,,,,,1.1945595819119634,-0.10022389743223348,-0.05943114523339688,0.18395664108121257,0.8650469727386471,0.0,0.0,coupled_memory_basin,transport_and_topology_unrelaxed
584,hysteresis,neutral_coupling,latent_transport_activation,coupled_memory_basin,0.893305336952004,0.7930814395197705,0.4499717756825152,0.8511677786434373,,,,,1.1945595819119634,-0.10022389743223348,-0.05943114523339688,0.18395664108121257,0.8650469727386471,0.0,0.0,coupled_memory_basin,transport_and_topology_unrelaxed
585,hysteresis,neutral_coupling,latent_transport_activation,coupled_memory_basin,0.8649646181555299,0.7311572354835243,0.4078546866127195,0.8063496143466763,,,,,1.1325876097065743,-0.13380738267200565,-0.08383281161576082,0.1667128267902048,0.8181919945466389,0.0,0.0,coupled_memory_basin,transport_and_topology_unrelaxed
586,hysteresis,neutral_coupling,latent_transport_activation,coupled_memory_basin,0.8649646181555299,0.7311572354835243,0.4078546866127195,0.8063496143466763,,,,,1.1325876097065743,-0.13380738267200565,-0.08383281161576082,0.1667128267902048,0.8181919945466389,0.0,0.0,coupled_memory_basin,transport_and_topology_unrelaxed
587,hysteresis,neutral_coupling,latent_transport_activation,coupled_memory_basin,0.8649646181555299,0.7311572354835243,0.4078546866127195,0.8063496143466763,,,,,1.1325876097065743,-0.13380738267200565,-0.08383281161576082,0.1667128267902048,0.8181919945466389,0.0,0.0,coupled_memory_basin,transport_and_topology_unrelaxed
588,hysteresis,base_stabilized_coupling,latent_transport_activation,transition_basin,0.109959475438186,0.1826745024377951,0.298857200764782,0.2817384814984999,,,,,0.2132159939580918,0.07271502699960909,0.24848456603415134,0.12208646619263704,0.26973929518736456,0.07271502699960909,0.03136309790231624,transition_basin,intermediate_relaxation
589,hysteresis,base_stabilized_coupling,latent_transport_activation,transition_basin,0.109959475438186,0.1826745024377951,0.298857200764782,0.2817384814984999,,,,,0.2132159939580918,0.07271502699960909,0.24848456603415134,0.12208646619263704,0.26973929518736456,0.07271502699960909,0.03136309790231624,transition_basin,intermediate_relaxation
590,hysteresis,base_stabilized_coupling,latent_transport_activation,transition_basin,0.3580701738375377,0.4345436735657772,0.193479644121814,0.3930930437837588,,,,,0.5630652303491002,0.07647349972823952,0.09648266930823649,0.07894219726701854,0.38615449579462136,0.07647349972823952,0.03298418439592169,transition_basin,intermediate_relaxation
591,hysteresis,base_stabilized_coupling,latent_transport_activation,transition_basin,0.3580701738375377,0.4345436735657772,0.193479644121814,0.3930930437837588,,,,,0.5630652303491002,0.07647349972823952,0.09648266930823649,0.07894219726701854,0.38615449579462136,0.07647349972823952,0.03298418439592169,transition_basin,intermediate_relaxation
592,hysteresis,base_stabilized_coupling,latent_transport_activation,coupled_memory_basin,0.6098531876169697,0.6670034484721813,0.0941099635974733,0.4746660601086682,,,,,0.9037779100643922,0.057150260855211577,0.044758557256835634,0.03825770660150978,0.4714346932532259,0.057150260855211577,0.024649777361074873,coupled_memory_basin,transport_and_topology_unrelaxed
593,hysteresis,base_stabilized_coupling,latent_transport_activation,coupled_memory_basin,0.6098531876169697,0.6670034484721813,0.0941099635974733,0.4746660601086682,,,,,0.9037779100643922,0.057150260855211577,0.044758557256835634,0.03825770660150978,0.4714346932532259,0.057150260855211577,0.024649777361074873,coupled_memory_basin,transport_and_topology_unrelaxed
594,hysteresis,base_stabilized_coupling,latent_transport_activation,coupled_memory_basin,0.7260005187992153,0.745347078194009,0.0434451872015713,0.4983185221881887,,,,,1.0404897982532437,0.019346559394793683,0.013148870759238835,0.01751425033323435,0.4961620691355827,0.019346559394793683,0.008344465530833844,coupled_memory_basin,transport_and_topology_unrelaxed
595,hysteresis,base_stabilized_coupling,latent_transport_activation,coupled_memory_basin,0.7260005187992153,0.745347078194009,0.0434451872015713,0.4983185221881887,,,,,1.0404897982532437,0.019346559394793683,0.013148870759238835,0.01751425033323435,0.4961620691355827,0.019346559394793683,0.008344465530833844,coupled_memory_basin,transport_and_topology_unrelaxed
596,hysteresis,base_stabilized_coupling,latent_transport_activation,coupled_memory_basin,0.7556462798630054,0.7297247808027351,0.0427099454532111,0.5051677653227762,,,,,1.0504758712071396,-0.025921499060270303,-0.01745119434913111,0.017213223542263376,0.5033225841352131,0.0,0.0,coupled_memory_basin,transport_and_topology_unrelaxed
597,hysteresis,base_stabilized_coupling,latent_transport_activation,coupled_memory_basin,0.7556462798630054,0.7297247808027351,0.0427099454532111,0.5051677653227762,,,,,1.0504758712071396,-0.025921499060270303,-0.01745119434913111,0.017213223542263376,0.5033225841352131,0.0,0.0,coupled_memory_basin,transport_and_topology_unrelaxed
598,hysteresis,base_stabilized_coupling,latent_transport_activation,coupled_memory_basin,0.6617430054175247,0.6035628716468178,0.0368906863145772,0.4228771150942672,,,,,0.895651687459791,-0.058180133770706965,-0.04598108238115963,0.014830669901588902,0.417292139060924,0.0,0.0,coupled_memory_basin,transport_and_topology_unrelaxed
599,hysteresis,base_stabilized_coupling,latent_transport_activation,coupled_memory_basin,0.6617430054175247,0.6035628716468178,0.0368906863145772,0.4228771150942672,,,,,0.895651687459791,-0.058180133770706965,-0.04598108238115963,0.014830669901588902,0.417292139060924,0.0,0.0,coupled_memory_basin,transport_and_topology_unrelaxed
600,hysteresis,base_stabilized_coupling,latent_transport_activation,erased_basin,0.0423179184735793,0.065817764173553,0.0042485165872827,0.0366747967202281,,,,,0.0782482223743258,0.02349984569997371,0.21731814258241605,0.0014661301087215725,0.013538404630833384,0.02349984569997371,0.010135841129256034,erased_basin,transport_and_topology_relaxed
601,hysteresis,base_stabilized_coupling,latent_transport_activation,erased_basin,0.0423179184735793,0.065817764173553,0.0042485165872827,0.0366747967202281,,,,,0.0782482223743258,0.02349984569997371,0.21731814258241605,0.0014661301087215725,0.013538404630833384,0.02349984569997371,0.010135841129256034,erased_basin,transport_and_topology_relaxed
602,hysteresis,base_stabilized_coupling,latent_transport_activation,transition_basin,0.4645629745083522,0.6287113471402817,0.300007690898715,0.5426647254146423,,,,,0.7817267523290958,0.16414837263192944,0.1501438105527322,0.12255750630132785,0.5425236374344434,0.16414837263192944,0.07079969153265621,transition_basin,intermediate_relaxation
603,hysteresis,base_stabilized_coupling,latent_transport_activation,transition_basin,0.4645629745083522,0.6287113471402817,0.300007690898715,0.5426647254146423,,,,,0.7817267523290958,0.16414837263192944,0.1501438105527322,0.12255750630132785,0.5425236374344434,0.16414837263192944,0.07079969153265621,transition_basin,intermediate_relaxation
604,hysteresis,base_stabilized_coupling,latent_transport_activation,transition_basin,0.2359243773257026,0.3337132716713633,0.1806979264719732,0.3225484991716695,,,,,0.4086867498538772,0.09778889434566068,0.17166859409251006,0.07370903490129332,0.3124039718445926,0.09778889434566068,0.042177838524885686,transition_basin,intermediate_relaxation
605,hysteresis,base_stabilized_coupling,latent_transport_activation,transition_basin,0.2359243773257026,0.3337132716713633,0.1806979264719732,0.3225484991716695,,,,,0.4086867498538772,0.09778889434566068,0.17166859409251006,0.07370903490129332,0.3124039718445926,0.09778889434566068,0.042177838524885686,transition_basin,intermediate_relaxation
606,hysteresis,base_stabilized_coupling,latent_transport_activation,coupled_memory_basin,0.6694039478119633,0.7569457727549685,0.0773862927827897,0.5297031970842114,,,,,1.0104793655675797,0.08754182494300522,0.06137472716589347,0.03141060771216222,0.5289730572893899,0.08754182494300522,0.037758121526237795,coupled_memory_basin,transport_and_topology_unrelaxed
607,hysteresis,base_stabilized_coupling,latent_transport_activation,coupled_memory_basin,0.6694039478119633,0.7569457727549685,0.0773862927827897,0.5297031970842114,,,,,1.0104793655675797,0.08754182494300522,0.06137472716589347,0.03141060771216222,0.5289730572893899,0.08754182494300522,0.037758121526237795,coupled_memory_basin,transport_and_topology_unrelaxed
608,hysteresis,base_stabilized_coupling,latent_transport_activation,coupled_memory_basin,0.8278779059673927,0.8557382066883996,0.0786474092079836,0.639870467901971,,,,,1.1906593574886284,0.02786030072100687,0.016547893852739713,0.03192694105607745,0.6441470085797653,0.02786030072100687,0.012016571748032324,coupled_memory_basin,transport_and_topology_unrelaxed
609,hysteresis,base_stabilized_coupling,latent_transport_activation,coupled_memory_basin,0.8278779059673927,0.8557382066883996,0.0786474092079836,0.639870467901971,,,,,1.1906593574886284,0.02786030072100687,0.016547893852739713,0.03192694105607745,0.6441470085797653,0.02786030072100687,0.012016571748032324,coupled_memory_basin,transport_and_topology_unrelaxed
610,hysteresis,base_stabilized_coupling,latent_transport_activation,coupled_memory_basin,0.884197309790424,0.8571351481484544,0.1668349661026802,0.7495065256363866,,,,,1.2314566759866528,-0.027062161641969618,-0.01554106541721855,0.06803318409081735,0.7587656051869236,0.0,0.0,coupled_memory_basin,transport_and_topology_unrelaxed
611,hysteresis,base_stabilized_coupling,latent_transport_activation,coupled_memory_basin,0.884197309790424,0.8571351481484544,0.1668349661026802,0.7495065256363866,,,,,1.2314566759866528,-0.027062161641969618,-0.01554106541721855,0.06803318409081735,0.7587656051869236,0.0,0.0,coupled_memory_basin,transport_and_topology_unrelaxed
612,hysteresis,base_stabilized_coupling,latent_transport_activation,coupled_memory_basin,0.8863848226814514,0.8092444348593972,0.2242934670343399,0.7732409499869352,,,,,1.2002310649333041,-0.07714038782205412,-0.045493664065389176,0.0915581650756925,0.7835786682115774,0.0,0.0,coupled_memory_basin,transport_and_topology_unrelaxed
613,hysteresis,base_stabilized_coupling,latent_transport_activation,coupled_memory_basin,0.8863848226814514,0.8092444348593972,0.2242934670343399,0.7732409499869352,,,,,1.2002310649333041,-0.07714038782205412,-0.045493664065389176,0.0915581650756925,0.7835786682115774,0.0,0.0,coupled_memory_basin,transport_and_topology_unrelaxed
614,hysteresis,base_stabilized_coupling,latent_transport_activation,coupled_memory_basin,0.7950283864394269,0.6480314761476473,0.1909251272190526,0.6608915445093054,,,,,1.025677790206348,-0.14699691029177953,-0.10186473486148111,0.07789631266180616,0.666123412599516,0.0,0.0,coupled_memory_basin,transport_and_topology_unrelaxed
615,hysteresis,base_stabilized_coupling,latent_transport_activation,coupled_memory_basin,0.7950283864394269,0.6480314761476473,0.1909251272190526,0.6608915445093054,,,,,1.025677790206348,-0.14699691029177953,-0.10186473486148111,0.07789631266180616,0.666123412599516,0.0,0.0,coupled_memory_basin,transport_and_topology_unrelaxed
616,hysteresis,base_stabilized_coupling,latent_transport_activation,coupled_memory_basin,0.7618215715288397,0.9595946509692376,0.2459373370832001,0.774282188657688,,,,,1.2252322233011357,0.1977730794403979,0.11488974999508225,0.10041971946856026,0.7846672271915428,0.1977730794403979,0.0853025393632201,coupled_memory_basin,transport_and_topology_unrelaxed
617,hysteresis,base_stabilized_coupling,latent_transport_activation,coupled_memory_basin,0.7618215715288397,0.9595946509692376,0.2459373370832001,0.774282188657688,,,,,1.2252322233011357,0.1977730794403979,0.11488974999508225,0.10041971946856026,0.7846672271915428,0.1977730794403979,0.0853025393632201,coupled_memory_basin,transport_and_topology_unrelaxed
618,hysteresis,base_stabilized_coupling,latent_transport_activation,transition_basin,0.3302652785726493,0.3806001133023591,0.072601977941543,0.3016195305302449,,,,,0.503916263357751,0.05033483472970979,0.07080782846506806,0.029451786757194193,0.2905238617449908,0.05033483472970979,0.02171018033911041,transition_basin,intermediate_relaxation
619,hysteresis,base_stabilized_coupling,latent_transport_activation,transition_basin,0.3302652785726493,0.3806001133023591,0.072601977941543,0.3016195305302449,,,,,0.503916263357751,0.05033483472970979,0.07080782846506806,0.029451786757194193,0.2905238617449908,0.05033483472970979,0.02171018033911041,transition_basin,intermediate_relaxation
620,hysteresis,base_stabilized_coupling,latent_transport_activation,transition_basin,0.4735901371531447,0.6392536360273399,0.0758810546294541,0.4339117300526757,,,,,0.7955707568676146,0.16566349887419518,0.14886500950675532,0.030794324684224446,0.4288282350020691,0.16566349887419518,0.07145318854188931,transition_basin,intermediate_relaxation
621,hysteresis,base_stabilized_coupling,latent_transport_activation,transition_basin,0.4735901371531447,0.6392536360273399,0.0758810546294541,0.4339117300526757,,,,,0.7955707568676146,0.16566349887419518,0.14886500950675532,0.030794324684224446,0.4288282350020691,0.16566349887419518,0.07145318854188931,transition_basin,intermediate_relaxation
622,hysteresis,base_stabilized_coupling,latent_transport_activation,coupled_memory_basin,0.7850101176478165,0.8002454123674166,0.2673943528899647,0.7590154959245125,,,,,1.120996701522594,0.015235294719600168,0.0096106239222166,0.10920477095200701,0.7687067217513696,0.015235294719600168,0.0065712145010140815,coupled_memory_basin,transport_and_topology_unrelaxed
623,hysteresis,base_stabilized_coupling,latent_transport_activation,coupled_memory_basin,0.7850101176478165,0.8002454123674166,0.2673943528899647,0.7590154959245125,,,,,1.120996701522594,0.015235294719600168,0.0096106239222166,0.10920477095200701,0.7687067217513696,0.015235294719600168,0.0065712145010140815,coupled_memory_basin,transport_and_topology_unrelaxed
624,hysteresis,base_stabilized_coupling,latent_transport_activation,coupled_memory_basin,0.8829012960095604,0.82870149357912,0.3981707285372597,0.8413874845954142,,,,,1.210892589768236,-0.054199802430440314,-0.03166611012794244,0.16274796648425147,0.8548222017886984,0.0,0.0,coupled_memory_basin,transport_and_topology_unrelaxed
625,hysteresis,base_stabilized_coupling,latent_transport_activation,coupled_memory_basin,0.8829012960095604,0.82870149357912,0.3981707285372597,0.8413874845954142,,,,,1.210892589768236,-0.054199802430440314,-0.03166611012794244,0.16274796648425147,0.8548222017886984,0.0,0.0,coupled_memory_basin,transport_and_topology_unrelaxed
626,hysteresis,base_stabilized_coupling,latent_transport_activation,coupled_memory_basin,0.9065042591594124,0.8179530852396675,0.4444784075542731,0.8604293733222046,,,,,1.2209820725658693,-0.08855117391974487,-0.05135016775410636,0.18170751556167422,0.8747294714198397,0.0,0.0,coupled_memory_basin,transport_and_topology_unrelaxed
627,hysteresis,base_stabilized_coupling,latent_transport_activation,coupled_memory_basin,0.9065042591594124,0.8179530852396675,0.4444784075542731,0.8604293733222046,,,,,1.2209820725658693,-0.08855117391974487,-0.05135016775410636,0.18170751556167422,0.8747294714198397,0.0,0.0,coupled_memory_basin,transport_and_topology_unrelaxed
628,hysteresis,base_stabilized_coupling,latent_transport_activation,coupled_memory_basin,0.8870366796865424,0.76061188766728,0.4224571650244182,0.8310800416101616,,,,,1.168488132062157,-0.12642479201926238,-0.0767304354363795,0.1726914552158897,0.8440463250015208,0.0,0.0,coupled_memory_basin,transport_and_topology_unrelaxed
629,hysteresis,base_stabilized_coupling,latent_transport_activation,coupled_memory_basin,0.8870366796865424,0.76061188766728,0.4224571650244182,0.8310800416101616,,,,,1.168488132062157,-0.12642479201926238,-0.0767304354363795,0.1726914552158897,0.8440463250015208,0.0,0.0,coupled_memory_basin,transport_and_topology_unrelaxed
630,hysteresis,base_stabilized_coupling,latent_transport_activation,transition_basin,0.109959475438186,0.1826745024377951,0.298857200764782,0.2817384814984999,,,,,0.2132159939580918,0.07271502699960909,0.24848456603415134,0.12208646619263704,0.26973929518736456,0.07271502699960909,0.03136309790231624,transition_basin,intermediate_relaxation
631,hysteresis,base_stabilized_coupling,latent_transport_activation,transition_basin,0.109959475438186,0.1826745024377951,0.298857200764782,0.2817384814984999,,,,,0.2132159939580918,0.07271502699960909,0.24848456603415134,0.12208646619263704,0.26973929518736456,0.07271502699960909,0.03136309790231624,transition_basin,intermediate_relaxation
632,hysteresis,base_stabilized_coupling,latent_transport_activation,transition_basin,0.3580701738375377,0.4345436735657772,0.193479644121814,0.3930930437837588,,,,,0.5630652303491002,0.07647349972823952,0.09648266930823649,0.07894219726701854,0.38615449579462136,0.07647349972823952,0.03298418439592169,transition_basin,intermediate_relaxation
633,hysteresis,base_stabilized_coupling,latent_transport_activation,transition_basin,0.3580701738375377,0.4345436735657772,0.193479644121814,0.3930930437837588,,,,,0.5630652303491002,0.07647349972823952,0.09648266930823649,0.07894219726701854,0.38615449579462136,0.07647349972823952,0.03298418439592169,transition_basin,intermediate_relaxation
634,hysteresis,base_stabilized_coupling,latent_transport_activation,coupled_memory_basin,0.6098531876169697,0.6670034484721813,0.0941099635974733,0.4746660601086682,,,,,0.9037779100643922,0.057150260855211577,0.044758557256835634,0.03825770660150978,0.4714346932532259,0.057150260855211577,0.024649777361074873,coupled_memory_basin,transport_and_topology_unrelaxed
635,hysteresis,base_stabilized_coupling,latent_transport_activation,coupled_memory_basin,0.6098531876169697,0.6670034484721813,0.0941099635974733,0.4746660601086682,,,,,0.9037779100643922,0.057150260855211577,0.044758557256835634,0.03825770660150978,0.4714346932532259,0.057150260855211577,0.024649777361074873,coupled_memory_basin,transport_and_topology_unrelaxed
636,hysteresis,base_stabilized_coupling,latent_transport_activation,coupled_memory_basin,0.7260005187992153,0.745347078194009,0.0434451872015713,0.4983185221881887,,,,,1.0404897982532437,0.019346559394793683,0.013148870759238835,0.01751425033323435,0.4961620691355827,0.019346559394793683,0.008344465530833844,coupled_memory_basin,transport_and_topology_unrelaxed
637,hysteresis,base_stabilized_coupling,latent_transport_activation,coupled_memory_basin,0.7260005187992153,0.745347078194009,0.0434451872015713,0.4983185221881887,,,,,1.0404897982532437,0.019346559394793683,0.013148870759238835,0.01751425033323435,0.4961620691355827,0.019346559394793683,0.008344465530833844,coupled_memory_basin,transport_and_topology_unrelaxed
638,hysteresis,base_stabilized_coupling,latent_transport_activation,coupled_memory_basin,0.7556462798630054,0.7297247808027351,0.0427099454532111,0.5051677653227762,,,,,1.0504758712071396,-0.025921499060270303,-0.01745119434913111,0.017213223542263376,0.5033225841352131,0.0,0.0,coupled_memory_basin,transport_and_topology_unrelaxed
639,hysteresis,base_stabilized_coupling,latent_transport_activation,coupled_memory_basin,0.7556462798630054,0.7297247808027351,0.0427099454532111,0.5051677653227762,,,,,1.0504758712071396,-0.025921499060270303,-0.01745119434913111,0.017213223542263376,0.5033225841352131,0.0,0.0,coupled_memory_basin,transport_and_topology_unrelaxed
640,hysteresis,base_stabilized_coupling,latent_transport_activation,coupled_memory_basin,0.6617430054175247,0.6035628716468178,0.0368906863145772,0.4228771150942672,,,,,0.895651687459791,-0.058180133770706965,-0.04598108238115963,0.014830669901588902,0.417292139060924,0.0,0.0,coupled_memory_basin,transport_and_topology_unrelaxed
641,hysteresis,base_stabilized_coupling,latent_transport_activation,coupled_memory_basin,0.6617430054175247,0.6035628716468178,0.0368906863145772,0.4228771150942672,,,,,0.895651687459791,-0.058180133770706965,-0.04598108238115963,0.014830669901588902,0.417292139060924,0.0,0.0,coupled_memory_basin,transport_and_topology_unrelaxed
642,hysteresis,base_stabilized_coupling,latent_transport_activation,erased_basin,0.0423179184735793,0.065817764173553,0.0042485165872827,0.0366747967202281,,,,,0.0782482223743258,0.02349984569997371,0.21731814258241605,0.0014661301087215725,0.013538404630833384,0.02349984569997371,0.010135841129256034,erased_basin,transport_and_topology_relaxed
643,hysteresis,base_stabilized_coupling,latent_transport_activation,erased_basin,0.0423179184735793,0.065817764173553,0.0042485165872827,0.0366747967202281,,,,,0.0782482223743258,0.02349984569997371,0.21731814258241605,0.0014661301087215725,0.013538404630833384,0.02349984569997371,0.010135841129256034,erased_basin,transport_and_topology_relaxed
644,hysteresis,base_stabilized_coupling,latent_transport_activation,transition_basin,0.4645629745083522,0.6287113471402817,0.300007690898715,0.5426647254146423,,,,,0.7817267523290958,0.16414837263192944,0.1501438105527322,0.12255750630132785,0.5425236374344434,0.16414837263192944,0.07079969153265621,transition_basin,intermediate_relaxation
645,hysteresis,base_stabilized_coupling,latent_transport_activation,transition_basin,0.4645629745083522,0.6287113471402817,0.300007690898715,0.5426647254146423,,,,,0.7817267523290958,0.16414837263192944,0.1501438105527322,0.12255750630132785,0.5425236374344434,0.16414837263192944,0.07079969153265621,transition_basin,intermediate_relaxation
646,hysteresis,base_stabilized_coupling,latent_transport_activation,transition_basin,0.2359243773257026,0.3337132716713633,0.1806979264719732,0.3225484991716695,,,,,0.4086867498538772,0.09778889434566068,0.17166859409251006,0.07370903490129332,0.3124039718445926,0.09778889434566068,0.042177838524885686,transition_basin,intermediate_relaxation
647,hysteresis,base_stabilized_coupling,latent_transport_activation,transition_basin,0.2359243773257026,0.3337132716713633,0.1806979264719732,0.3225484991716695,,,,,0.4086867498538772,0.09778889434566068,0.17166859409251006,0.07370903490129332,0.3124039718445926,0.09778889434566068,0.042177838524885686,transition_basin,intermediate_relaxation
648,hysteresis,base_stabilized_coupling,latent_transport_activation,coupled_memory_basin,0.6694039478119633,0.7569457727549685,0.0773862927827897,0.5297031970842114,,,,,1.0104793655675797,0.08754182494300522,0.06137472716589347,0.03141060771216222,0.5289730572893899,0.08754182494300522,0.037758121526237795,coupled_memory_basin,transport_and_topology_unrelaxed
649,hysteresis,base_stabilized_coupling,latent_transport_activation,coupled_memory_basin,0.6694039478119633,0.7569457727549685,0.0773862927827897,0.5297031970842114,,,,,1.0104793655675797,0.08754182494300522,0.06137472716589347,0.03141060771216222,0.5289730572893899,0.08754182494300522,0.037758121526237795,coupled_memory_basin,transport_and_topology_unrelaxed
650,hysteresis,base_stabilized_coupling,latent_transport_activation,coupled_memory_basin,0.8278779059673927,0.8557382066883996,0.0786474092079836,0.639870467901971,,,,,1.1906593574886284,0.02786030072100687,0.016547893852739713,0.03192694105607745,0.6441470085797653,0.02786030072100687,0.012016571748032324,coupled_memory_basin,transport_and_topology_unrelaxed
651,hysteresis,base_stabilized_coupling,latent_transport_activation,coupled_memory_basin,0.8278779059673927,0.8557382066883996,0.0786474092079836,0.639870467901971,,,,,1.1906593574886284,0.02786030072100687,0.016547893852739713,0.03192694105607745,0.6441470085797653,0.02786030072100687,0.012016571748032324,coupled_memory_basin,transport_and_topology_unrelaxed
652,hysteresis,base_stabilized_coupling,latent_transport_activation,coupled_memory_basin,0.884197309790424,0.8571351481484544,0.1668349661026802,0.7495065256363866,,,,,1.2314566759866528,-0.027062161641969618,-0.01554106541721855,0.06803318409081735,0.7587656051869236,0.0,0.0,coupled_memory_basin,transport_and_topology_unrelaxed
653,hysteresis,base_stabilized_coupling,latent_transport_activation,coupled_memory_basin,0.884197309790424,0.8571351481484544,0.1668349661026802,0.7495065256363866,,,,,1.2314566759866528,-0.027062161641969618,-0.01554106541721855,0.06803318409081735,0.7587656051869236,0.0,0.0,coupled_memory_basin,transport_and_topology_unrelaxed
654,hysteresis,base_stabilized_coupling,latent_transport_activation,coupled_memory_basin,0.8863848226814514,0.8092444348593972,0.2242934670343399,0.7732409499869352,,,,,1.2002310649333041,-0.07714038782205412,-0.045493664065389176,0.0915581650756925,0.7835786682115774,0.0,0.0,coupled_memory_basin,transport_and_topology_unrelaxed
655,hysteresis,base_stabilized_coupling,latent_transport_activation,coupled_memory_basin,0.8863848226814514,0.8092444348593972,0.2242934670343399,0.7732409499869352,,,,,1.2002310649333041,-0.07714038782205412,-0.045493664065389176,0.0915581650756925,0.7835786682115774,0.0,0.0,coupled_memory_basin,transport_and_topology_unrelaxed
656,hysteresis,base_stabilized_coupling,latent_transport_activation,coupled_memory_basin,0.7950283864394269,0.6480314761476473,0.1909251272190526,0.6608915445093054,,,,,1.025677790206348,-0.14699691029177953,-0.10186473486148111,0.07789631266180616,0.666123412599516,0.0,0.0,coupled_memory_basin,transport_and_topology_unrelaxed
657,hysteresis,base_stabilized_coupling,latent_transport_activation,coupled_memory_basin,0.7950283864394269,0.6480314761476473,0.1909251272190526,0.6608915445093054,,,,,1.025677790206348,-0.14699691029177953,-0.10186473486148111,0.07789631266180616,0.666123412599516,0.0,0.0,coupled_memory_basin,transport_and_topology_unrelaxed
658,hysteresis,base_stabilized_coupling,latent_transport_activation,coupled_memory_basin,0.7618215715288397,0.9595946509692376,0.2459373370832001,0.774282188657688,,,,,1.2252322233011357,0.1977730794403979,0.11488974999508225,0.10041971946856026,0.7846672271915428,0.1977730794403979,0.0853025393632201,coupled_memory_basin,transport_and_topology_unrelaxed
659,hysteresis,base_stabilized_coupling,latent_transport_activation,coupled_memory_basin,0.7618215715288397,0.9595946509692376,0.2459373370832001,0.774282188657688,,,,,1.2252322233011357,0.1977730794403979,0.11488974999508225,0.10041971946856026,0.7846672271915428,0.1977730794403979,0.0853025393632201,coupled_memory_basin,transport_and_topology_unrelaxed
660,hysteresis,base_stabilized_coupling,latent_transport_activation,transition_basin,0.3302652785726493,0.3806001133023591,0.072601977941543,0.3016195305302449,,,,,0.503916263357751,0.05033483472970979,0.07080782846506806,0.029451786757194193,0.2905238617449908,0.05033483472970979,0.02171018033911041,transition_basin,intermediate_relaxation
661,hysteresis,base_stabilized_coupling,latent_transport_activation,transition_basin,0.3302652785726493,0.3806001133023591,0.072601977941543,0.3016195305302449,,,,,0.503916263357751,0.05033483472970979,0.07080782846506806,0.029451786757194193,0.2905238617449908,0.05033483472970979,0.02171018033911041,transition_basin,intermediate_relaxation
662,hysteresis,base_stabilized_coupling,latent_transport_activation,transition_basin,0.4735901371531447,0.6392536360273399,0.0758810546294541,0.4339117300526757,,,,,0.7955707568676146,0.16566349887419518,0.14886500950675532,0.030794324684224446,0.4288282350020691,0.16566349887419518,0.07145318854188931,transition_basin,intermediate_relaxation
663,hysteresis,base_stabilized_coupling,latent_transport_activation,transition_basin,0.4735901371531447,0.6392536360273399,0.0758810546294541,0.4339117300526757,,,,,0.7955707568676146,0.16566349887419518,0.14886500950675532,0.030794324684224446,0.4288282350020691,0.16566349887419518,0.07145318854188931,transition_basin,intermediate_relaxation
664,hysteresis,base_stabilized_coupling,latent_transport_activation,coupled_memory_basin,0.7850101176478165,0.8002454123674166,0.2673943528899647,0.7590154959245125,,,,,1.120996701522594,0.015235294719600168,0.0096106239222166,0.10920477095200701,0.7687067217513696,0.015235294719600168,0.0065712145010140815,coupled_memory_basin,transport_and_topology_unrelaxed
665,hysteresis,base_stabilized_coupling,latent_transport_activation,coupled_memory_basin,0.7850101176478165,0.8002454123674166,0.2673943528899647,0.7590154959245125,,,,,1.120996701522594,0.015235294719600168,0.0096106239222166,0.10920477095200701,0.7687067217513696,0.015235294719600168,0.0065712145010140815,coupled_memory_basin,transport_and_topology_unrelaxed
666,hysteresis,base_stabilized_coupling,latent_transport_activation,coupled_memory_basin,0.8829012960095604,0.82870149357912,0.3981707285372597,0.8413874845954142,,,,,1.210892589768236,-0.054199802430440314,-0.03166611012794244,0.16274796648425147,0.8548222017886984,0.0,0.0,coupled_memory_basin,transport_and_topology_unrelaxed
667,hysteresis,base_stabilized_coupling,latent_transport_activation,coupled_memory_basin,0.8829012960095604,0.82870149357912,0.3981707285372597,0.8413874845954142,,,,,1.210892589768236,-0.054199802430440314,-0.03166611012794244,0.16274796648425147,0.8548222017886984,0.0,0.0,coupled_memory_basin,transport_and_topology_unrelaxed
668,hysteresis,base_stabilized_coupling,latent_transport_activation,coupled_memory_basin,0.9065042591594124,0.8179530852396675,0.4444784075542731,0.8604293733222046,,,,,1.2209820725658693,-0.08855117391974487,-0.05135016775410636,0.18170751556167422,0.8747294714198397,0.0,0.0,coupled_memory_basin,transport_and_topology_unrelaxed
669,hysteresis,base_stabilized_coupling,latent_transport_activation,coupled_memory_basin,0.9065042591594124,0.8179530852396675,0.4444784075542731,0.8604293733222046,,,,,1.2209820725658693,-0.08855117391974487,-0.05135016775410636,0.18170751556167422,0.8747294714198397,0.0,0.0,coupled_memory_basin,transport_and_topology_unrelaxed
670,hysteresis,base_stabilized_coupling,latent_transport_activation,coupled_memory_basin,0.8870366796865424,0.76061188766728,0.4224571650244182,0.8310800416101616,,,,,1.168488132062157,-0.12642479201926238,-0.0767304354363795,0.1726914552158897,0.8440463250015208,0.0,0.0,coupled_memory_basin,transport_and_topology_unrelaxed
671,hysteresis,base_stabilized_coupling,latent_transport_activation,coupled_memory_basin,0.8870366796865424,0.76061188766728,0.4224571650244182,0.8310800416101616,,,,,1.168488132062157,-0.12642479201926238,-0.0767304354363795,0.1726914552158897,0.8440463250015208,0.0,0.0,coupled_memory_basin,transport_and_topology_unrelaxed
672,hysteresis,neutral_coupling,latent_transport_activation,transition_basin,0.1696358165630546,0.0033553500882277,0.3239244214760828,0.2960768314502109,,,,,0.16966899727183185,-0.1662804664748269,-0.961207844843638,0.13234962797053318,0.28472926822259115,0.0,0.0,transition_basin,intermediate_relaxation
673,hysteresis,neutral_coupling,latent_transport_activation,transition_basin,0.1696358165630546,0.0033553500882277,0.3239244214760828,0.2960768314502109,,,,,0.16966899727183185,-0.1662804664748269,-0.961207844843638,0.13234962797053318,0.28472926822259115,0.0,0.0,transition_basin,intermediate_relaxation
674,hysteresis,neutral_coupling,latent_transport_activation,transition_basin,0.1696358165630546,0.0033553500882277,0.3239244214760828,0.2960768314502109,,,,,0.16966899727183185,-0.1662804664748269,-0.961207844843638,0.13234962797053318,0.28472926822259115,0.0,0.0,transition_basin,intermediate_relaxation
675,hysteresis,neutral_coupling,latent_transport_activation,coupled_memory_basin,0.5090637303794948,0.527304462408861,0.2149500478028989,0.5048302525413637,,,,,0.7329364758723534,0.018240732029366158,0.017600628962060036,0.08773273008888702,0.5029697326906986,0.018240732029366158,0.007867505356905141,coupled_memory_basin,transport_and_topology_unrelaxed
676,hysteresis,neutral_coupling,latent_transport_activation,coupled_memory_basin,0.5090637303794948,0.527304462408861,0.2149500478028989,0.5048302525413637,,,,,0.7329364758723534,0.018240732029366158,0.017600628962060036,0.08773273008888702,0.5029697326906986,0.018240732029366158,0.007867505356905141,coupled_memory_basin,transport_and_topology_unrelaxed
677,hysteresis,neutral_coupling,latent_transport_activation,coupled_memory_basin,0.5090637303794948,0.527304462408861,0.2149500478028989,0.5048302525413637,,,,,0.7329364758723534,0.018240732029366158,0.017600628962060036,0.08773273008888702,0.5029697326906986,0.018240732029366158,0.007867505356905141,coupled_memory_basin,transport_and_topology_unrelaxed
678,hysteresis,neutral_coupling,latent_transport_activation,coupled_memory_basin,0.6912294317079258,0.716637260666286,0.1162434885337848,0.558816310976178,,,,,0.9956741889968528,0.025407828958360135,0.018047041737662382,0.047319738238469654,0.5594092506925216,0.025407828958360135,0.010958783349013106,coupled_memory_basin,transport_and_topology_unrelaxed
679,hysteresis,neutral_coupling,latent_transport_activation,coupled_memory_basin,0.6912294317079258,0.716637260666286,0.1162434885337848,0.558816310976178,,,,,0.9956741889968528,0.025407828958360135,0.018047041737662382,0.047319738238469654,0.5594092506925216,0.025407828958360135,0.010958783349013106,coupled_memory_basin,transport_and_topology_unrelaxed
680,hysteresis,neutral_coupling,latent_transport_activation,coupled_memory_basin,0.6912294317079258,0.716637260666286,0.1162434885337848,0.558816310976178,,,,,0.9956741889968528,0.025407828958360135,0.018047041737662382,0.047319738238469654,0.5594092506925216,0.025407828958360135,0.010958783349013106,coupled_memory_basin,transport_and_topology_unrelaxed
681,hysteresis,neutral_coupling,latent_transport_activation,coupled_memory_basin,0.7768883558274466,0.7783438339578221,0.0708764418085547,0.5599904626540434,,,,,1.0997157092996512,0.0014554781303754982,0.0009358590568881683,0.02874530809765614,0.5606367630666611,0.0014554781303754982,0.0006277698707021364,coupled_memory_basin,transport_and_topology_unrelaxed
682,hysteresis,neutral_coupling,latent_transport_activation,coupled_memory_basin,0.7768883558274466,0.7783438339578221,0.0708764418085547,0.5599904626540434,,,,,1.0997157092996512,0.0014554781303754982,0.0009358590568881683,0.02874530809765614,0.5606367630666611,0.0014554781303754982,0.0006277698707021364,coupled_memory_basin,transport_and_topology_unrelaxed
683,hysteresis,neutral_coupling,latent_transport_activation,coupled_memory_basin,0.7768883558274466,0.7783438339578221,0.0708764418085547,0.5599904626540434,,,,,1.0997157092996512,0.0014554781303754982,0.0009358590568881683,0.02874530809765614,0.5606367630666611,0.0014554781303754982,0.0006277698707021364,coupled_memory_basin,transport_and_topology_unrelaxed
684,hysteresis,neutral_coupling,latent_transport_activation,coupled_memory_basin,0.7983899977182453,0.7603195096777865,0.0746174044757448,0.5714954587582209,,,,,1.1025027642837044,-0.03807048804045876,-0.02442436378285432,0.030276953967001887,0.5726646171748968,0.0,0.0,coupled_memory_basin,transport_and_topology_unrelaxed
685,hysteresis,neutral_coupling,latent_transport_activation,coupled_memory_basin,0.7983899977182453,0.7603195096777865,0.0746174044757448,0.5714954587582209,,,,,1.1025027642837044,-0.03807048804045876,-0.02442436378285432,0.030276953967001887,0.5726646171748968,0.0,0.0,coupled_memory_basin,transport_and_topology_unrelaxed
686,hysteresis,neutral_coupling,latent_transport_activation,coupled_memory_basin,0.7983899977182453,0.7603195096777865,0.0746174044757448,0.5714954587582209,,,,,1.1025027642837044,-0.03807048804045876,-0.02442436378285432,0.030276953967001887,0.5726646171748968,0.0,0.0,coupled_memory_basin,transport_and_topology_unrelaxed
687,hysteresis,neutral_coupling,latent_transport_activation,coupled_memory_basin,0.719662210908667,0.6441838372850881,0.0650444763375102,0.4849658584946897,,,,,0.9658605044359623,-0.0754783736235789,-0.05534229741214948,0.026357552159262446,0.4822025780234193,0.0,0.0,coupled_memory_basin,transport_and_topology_unrelaxed
688,hysteresis,neutral_coupling,latent_transport_activation,coupled_memory_basin,0.719662210908667,0.6441838372850881,0.0650444763375102,0.4849658584946897,,,,,0.9658605044359623,-0.0754783736235789,-0.05534229741214948,0.026357552159262446,0.4822025780234193,0.0,0.0,coupled_memory_basin,transport_and_topology_unrelaxed
689,hysteresis,neutral_coupling,latent_transport_activation,coupled_memory_basin,0.719662210908667,0.6441838372850881,0.0650444763375102,0.4849658584946897,,,,,0.9658605044359623,-0.0754783736235789,-0.05534229741214948,0.026357552159262446,0.4822025780234193,0.0,0.0,coupled_memory_basin,transport_and_topology_unrelaxed
690,hysteresis,neutral_coupling,latent_transport_activation,transition_basin,0.0744777945890302,0.1120239887290166,0.0066798057655237,0.0610986517734467,,,,,0.1345225480639012,0.0375461941399864,0.2013181508069362,0.002461562129387764,0.03907223034278988,0.0375461941399864,0.01619424500355472,transition_basin,intermediate_relaxation
691,hysteresis,neutral_coupling,latent_transport_activation,transition_basin,0.0744777945890302,0.1120239887290166,0.0066798057655237,0.0610986517734467,,,,,0.1345225480639012,0.0375461941399864,0.2013181508069362,0.002461562129387764,0.03907223034278988,0.0375461941399864,0.01619424500355472,transition_basin,intermediate_relaxation
692,hysteresis,neutral_coupling,latent_transport_activation,transition_basin,0.0744777945890302,0.1120239887290166,0.0066798057655237,0.0610986517734467,,,,,0.1345225480639012,0.0375461941399864,0.2013181508069362,0.002461562129387764,0.03907223034278988,0.0375461941399864,0.01619424500355472,transition_basin,intermediate_relaxation
693,hysteresis,neutral_coupling,latent_transport_activation,transition_basin,0.295713883926004,0.5476372874408589,0.3264514534831555,0.4510286686223446,,,,,0.6223771362623984,0.2519234035148549,0.2987170849674056,0.1333842595559493,0.4467230728648002,0.2519234035148549,0.10865839833028722,transition_basin,intermediate_relaxation
694,hysteresis,neutral_coupling,latent_transport_activation,transition_basin,0.295713883926004,0.5476372874408589,0.3264514534831555,0.4510286686223446,,,,,0.6223771362623984,0.2519234035148549,0.2987170849674056,0.1333842595559493,0.4467230728648002,0.2519234035148549,0.10865839833028722,transition_basin,intermediate_relaxation
695,hysteresis,neutral_coupling,latent_transport_activation,transition_basin,0.295713883926004,0.5476372874408589,0.3264514534831555,0.4510286686223446,,,,,0.6223771362623984,0.2519234035148549,0.2987170849674056,0.1333842595559493,0.4467230728648002,0.2519234035148549,0.10865839833028722,transition_basin,intermediate_relaxation
696,hysteresis,neutral_coupling,latent_transport_activation,transition_basin,0.3906383359734192,0.443000264444605,0.2029834036828472,0.4351872162099677,,,,,0.5906331719689234,0.052361928471185815,0.06281130509655666,0.08283327968881804,0.43016168711957237,0.052361928471185815,0.02258449672314238,transition_basin,intermediate_relaxation
697,hysteresis,neutral_coupling,latent_transport_activation,transition_basin,0.3906383359734192,0.443000264444605,0.2029834036828472,0.4351872162099677,,,,,0.5906331719689234,0.052361928471185815,0.06281130509655666,0.08283327968881804,0.43016168711957237,0.052361928471185815,0.02258449672314238,transition_basin,intermediate_relaxation
698,hysteresis,neutral_coupling,latent_transport_activation,transition_basin,0.3906383359734192,0.443000264444605,0.2029834036828472,0.4351872162099677,,,,,0.5906331719689234,0.052361928471185815,0.06281130509655666,0.08283327968881804,0.43016168711957237,0.052361928471185815,0.02258449672314238,transition_basin,intermediate_relaxation
699,hysteresis,neutral_coupling,latent_transport_activation,coupled_memory_basin,0.7162497200701714,0.7879248899087329,0.107551726724715,0.5905857965944934,,,,,1.0648189018036296,0.07167516983856148,0.04765083080315992,0.04376110848015714,0.592622537741966,0.07167516983856148,0.030914591681634566,coupled_memory_basin,transport_and_topology_unrelaxed
700,hysteresis,neutral_coupling,latent_transport_activation,coupled_memory_basin,0.7162497200701714,0.7879248899087329,0.107551726724715,0.5905857965944934,,,,,1.0648189018036296,0.07167516983856148,0.04765083080315992,0.04376110848015714,0.592622537741966,0.07167516983856148,0.030914591681634566,coupled_memory_basin,transport_and_topology_unrelaxed
701,hysteresis,neutral_coupling,latent_transport_activation,coupled_memory_basin,0.7162497200701714,0.7879248899087329,0.107551726724715,0.5905857965944934,,,,,1.0648189018036296,0.07167516983856148,0.04765083080315992,0.04376110848015714,0.592622537741966,0.07167516983856148,0.030914591681634566,coupled_memory_basin,transport_and_topology_unrelaxed
702,hysteresis,neutral_coupling,latent_transport_activation,coupled_memory_basin,0.838984998796541,0.865756145617379,0.1257253790260168,0.7015990688119704,,,,,1.205582652446481,0.026771146820838032,0.015703936582129065,0.05120186690374292,0.7086809379551419,0.026771146820838032,0.011546803093447784,coupled_memory_basin,transport_and_topology_unrelaxed
703,hysteresis,neutral_coupling,latent_transport_activation,coupled_memory_basin,0.838984998796541,0.865756145617379,0.1257253790260168,0.7015990688119704,,,,,1.205582652446481,0.026771146820838032,0.015703936582129065,0.05120186690374292,0.7086809379551419,0.026771146820838032,0.011546803093447784,coupled_memory_basin,transport_and_topology_unrelaxed
704,hysteresis,neutral_coupling,latent_transport_activation,coupled_memory_basin,0.838984998796541,0.865756145617379,0.1257253790260168,0.7015990688119704,,,,,1.205582652446481,0.026771146820838032,0.015703936582129065,0.05120186690374292,0.7086809379551419,0.026771146820838032,0.011546803093447784,coupled_memory_basin,transport_and_topology_unrelaxed
705,hysteresis,neutral_coupling,latent_transport_activation,coupled_memory_basin,0.8871899987571151,0.8599771442777371,0.2157169049164582,0.783352912853235,,,,,1.2355835797608925,-0.027212854479378046,-0.015575415659484865,0.08804670101959501,0.7941501810571653,0.0,0.0,coupled_memory_basin,transport_and_topology_unrelaxed
706,hysteresis,neutral_coupling,latent_transport_activation,coupled_memory_basin,0.8871899987571151,0.8599771442777371,0.2157169049164582,0.783352912853235,,,,,1.2355835797608925,-0.027212854479378046,-0.015575415659484865,0.08804670101959501,0.7941501810571653,0.0,0.0,coupled_memory_basin,transport_and_topology_unrelaxed
707,hysteresis,neutral_coupling,latent_transport_activation,coupled_memory_basin,0.8871899987571151,0.8599771442777371,0.2157169049164582,0.783352912853235,,,,,1.2355835797608925,-0.027212854479378046,-0.015575415659484865,0.08804670101959501,0.7941501810571653,0.0,0.0,coupled_memory_basin,transport_and_topology_unrelaxed
708,hysteresis,neutral_coupling,latent_transport_activation,coupled_memory_basin,0.8842842650585045,0.8030145707358477,0.26370066918741,0.787578851028311,,,,,1.1944835964734457,-0.08126969432265685,-0.04816556059813096,0.1076924823009318,0.7985681719352136,0.0,0.0,coupled_memory_basin,transport_and_topology_unrelaxed
709,hysteresis,neutral_coupling,latent_transport_activation,coupled_memory_basin,0.8842842650585045,0.8030145707358477,0.26370066918741,0.787578851028311,,,,,1.1944835964734457,-0.08126969432265685,-0.04816556059813096,0.1076924823009318,0.7985681719352136,0.0,0.0,coupled_memory_basin,transport_and_topology_unrelaxed
710,hysteresis,neutral_coupling,latent_transport_activation,coupled_memory_basin,0.8842842650585045,0.8030145707358477,0.26370066918741,0.787578851028311,,,,,1.1944835964734457,-0.08126969432265685,-0.04816556059813096,0.1076924823009318,0.7985681719352136,0.0,0.0,coupled_memory_basin,transport_and_topology_unrelaxed
711,hysteresis,neutral_coupling,latent_transport_activation,coupled_memory_basin,0.7679769893049111,0.6186491576679514,0.2067433828671898,0.6513055872269975,,,,,0.9861619726926714,-0.14932783163695973,-0.10769148696845864,0.08437271140703134,0.6561018102768943,0.0,0.0,coupled_memory_basin,transport_and_topology_unrelaxed
712,hysteresis,neutral_coupling,latent_transport_activation,coupled_memory_basin,0.7679769893049111,0.6186491576679514,0.2067433828671898,0.6513055872269975,,,,,0.9861619726926714,-0.14932783163695973,-0.10769148696845864,0.08437271140703134,0.6561018102768943,0.0,0.0,coupled_memory_basin,transport_and_topology_unrelaxed
713,hysteresis,neutral_coupling,latent_transport_activation,coupled_memory_basin,0.7679769893049111,0.6186491576679514,0.2067433828671898,0.6513055872269975,,,,,0.9861619726926714,-0.14932783163695973,-0.10769148696845864,0.08437271140703134,0.6561018102768943,0.0,0.0,coupled_memory_basin,transport_and_topology_unrelaxed
714,hysteresis,neutral_coupling,latent_transport_activation,coupled_memory_basin,0.7126326035490761,0.9529303853723768,0.2577784908266749,0.7508520645465427,,,,,1.189925017388525,0.24029778182330075,0.14427420843372785,0.10526779089641647,0.7601722936865777,0.24029778182330075,0.10364409074721412,coupled_memory_basin,transport_and_topology_unrelaxed
715,hysteresis,neutral_coupling,latent_transport_activation,coupled_memory_basin,0.7126326035490761,0.9529303853723768,0.2577784908266749,0.7508520645465427,,,,,1.189925017388525,0.24029778182330075,0.14427420843372785,0.10526779089641647,0.7601722936865777,0.24029778182330075,0.10364409074721412,coupled_memory_basin,transport_and_topology_unrelaxed
716,hysteresis,neutral_coupling,latent_transport_activation,coupled_memory_basin,0.7126326035490761,0.9529303853723768,0.2577784908266749,0.7508520645465427,,,,,1.189925017388525,0.24029778182330075,0.14427420843372785,0.10526779089641647,0.7601722936865777,0.24029778182330075,0.10364409074721412,coupled_memory_basin,transport_and_topology_unrelaxed
717,hysteresis,neutral_coupling,latent_transport_activation,transition_basin,0.2778174776231523,0.3103159467161514,0.0810600122793991,0.2770364447336606,,,,,0.4165075481419659,0.03249846909299914,0.05525696678343346,0.0329147225063211,0.2648235688623021,0.03249846909299914,0.014017084362006906,transition_basin,intermediate_relaxation
718,hysteresis,neutral_coupling,latent_transport_activation,transition_basin,0.2778174776231523,0.3103159467161514,0.0810600122793991,0.2770364447336606,,,,,0.4165075481419659,0.03249846909299914,0.05525696678343346,0.0329147225063211,0.2648235688623021,0.03249846909299914,0.014017084362006906,transition_basin,intermediate_relaxation
719,hysteresis,neutral_coupling,latent_transport_activation,transition_basin,0.2778174776231523,0.3103159467161514,0.0810600122793991,0.2770364447336606,,,,,0.4165075481419659,0.03249846909299914,0.05525696678343346,0.0329147225063211,0.2648235688623021,0.03249846909299914,0.014017084362006906,transition_basin,intermediate_relaxation
720,hysteresis,neutral_coupling,latent_transport_activation,transition_basin,0.4455373673508953,0.6287874052851266,0.1178139178955746,0.4635364187897196,,,,,0.7706342496613867,0.18325003793423128,0.17057229117450992,0.04796271221577783,0.4597992523674443,0.18325003793423128,0.07903853051399345,transition_basin,intermediate_relaxation
721,hysteresis,neutral_coupling,latent_transport_activation,transition_basin,0.4455373673508953,0.6287874052851266,0.1178139178955746,0.4635364187897196,,,,,0.7706342496613867,0.18325003793423128,0.17057229117450992,0.04796271221577783,0.4597992523674443,0.18325003793423128,0.07903853051399345,transition_basin,intermediate_relaxation
722,hysteresis,neutral_coupling,latent_transport_activation,transition_basin,0.4455373673508953,0.6287874052851266,0.1178139178955746,0.4635364187897196,,,,,0.7706342496613867,0.18325003793423128,0.17057229117450992,0.04796271221577783,0.4597992523674443,0.18325003793423128,0.07903853051399345,transition_basin,intermediate_relaxation
723,hysteresis,neutral_coupling,latent_transport_activation,coupled_memory_basin,0.7667185981792848,0.7802844035748691,0.3013326424988847,0.7552023927599054,,,,,1.0939383708674801,0.013565805395584274,0.008769087959230315,0.12309997539979849,0.7647203276536877,0.013565805395584274,0.005851138345142426,coupled_memory_basin,transport_and_topology_unrelaxed
724,hysteresis,neutral_coupling,latent_transport_activation,coupled_memory_basin,0.7667185981792848,0.7802844035748691,0.3013326424988847,0.7552023927599054,,,,,1.0939383708674801,0.013565805395584274,0.008769087959230315,0.12309997539979849,0.7647203276536877,0.013565805395584274,0.005851138345142426,coupled_memory_basin,transport_and_topology_unrelaxed
725,hysteresis,neutral_coupling,latent_transport_activation,coupled_memory_basin,0.7667185981792848,0.7802844035748691,0.3013326424988847,0.7552023927599054,,,,,1.0939383708674801,0.013565805395584274,0.008769087959230315,0.12309997539979849,0.7647203276536877,0.013565805395584274,0.005851138345142426,coupled_memory_basin,transport_and_topology_unrelaxed
726,hysteresis,neutral_coupling,latent_transport_activation,coupled_memory_basin,0.8706096703052068,0.80717962216118,0.4153389490884382,0.8364497756978055,,,,,1.1872237112108257,-0.06343004814402675,-0.037805729497024855,0.16977707541438156,0.8496600929351535,0.0,0.0,coupled_memory_basin,transport_and_topology_unrelaxed
727,hysteresis,neutral_coupling,latent_transport_activation,coupled_memory_basin,0.8706096703052068,0.80717962216118,0.4153389490884382,0.8364497756978055,,,,,1.1872237112108257,-0.06343004814402675,-0.037805729497024855,0.16977707541438156,0.8496600929351535,0.0,0.0,coupled_memory_basin,transport_and_topology_unrelaxed
728,hysteresis,neutral_coupling,latent_transport_activation,coupled_memory_basin,0.8706096703052068,0.80717962216118,0.4153389490884382,0.8364497756978055,,,,,1.1872237112108257,-0.06343004814402675,-0.037805729497024855,0.16977707541438156,0.8496600929351535,0.0,0.0,coupled_memory_basin,transport_and_topology_unrelaxed
729,hysteresis,neutral_coupling,latent_transport_activation,coupled_memory_basin,0.893305336952004,0.7930814395197705,0.4499717756825152,0.8511677786434373,,,,,1.1945595819119634,-0.10022389743223348,-0.05943114523339688,0.18395664108121257,0.8650469727386471,0.0,0.0,coupled_memory_basin,transport_and_topology_unrelaxed
730,hysteresis,neutral_coupling,latent_transport_activation,coupled_memory_basin,0.893305336952004,0.7930814395197705,0.4499717756825152,0.8511677786434373,,,,,1.1945595819119634,-0.10022389743223348,-0.05943114523339688,0.18395664108121257,0.8650469727386471,0.0,0.0,coupled_memory_basin,transport_and_topology_unrelaxed
731,hysteresis,neutral_coupling,latent_transport_activation,coupled_memory_basin,0.893305336952004,0.7930814395197705,0.4499717756825152,0.8511677786434373,,,,,1.1945595819119634,-0.10022389743223348,-0.05943114523339688,0.18395664108121257,0.8650469727386471,0.0,0.0,coupled_memory_basin,transport_and_topology_unrelaxed
732,hysteresis,neutral_coupling,latent_transport_activation,coupled_memory_basin,0.8649646181555299,0.7311572354835243,0.4078546866127195,0.8063496143466763,,,,,1.1325876097065743,-0.13380738267200565,-0.08383281161576082,0.1667128267902048,0.8181919945466389,0.0,0.0,coupled_memory_basin,transport_and_topology_unrelaxed
733,hysteresis,neutral_coupling,latent_transport_activation,coupled_memory_basin,0.8649646181555299,0.7311572354835243,0.4078546866127195,0.8063496143466763,,,,,1.1325876097065743,-0.13380738267200565,-0.08383281161576082,0.1667128267902048,0.8181919945466389,0.0,0.0,coupled_memory_basin,transport_and_topology_unrelaxed
734,hysteresis,neutral_coupling,latent_transport_activation,coupled_memory_basin,0.8649646181555299,0.7311572354835243,0.4078546866127195,0.8063496143466763,,,,,1.1325876097065743,-0.13380738267200565,-0.08383281161576082,0.1667128267902048,0.8181919945466389,0.0,0.0,coupled_memory_basin,transport_and_topology_unrelaxed
735,hysteresis,neutral_coupling,latent_transport_activation,transition_basin,0.1696358165630546,0.0033553500882277,0.3239244214760828,0.2960768314502109,,,,,0.16966899727183185,-0.1662804664748269,-0.961207844843638,0.13234962797053318,0.28472926822259115,0.0,0.0,transition_basin,intermediate_relaxation
736,hysteresis,neutral_coupling,latent_transport_activation,transition_basin,0.1696358165630546,0.0033553500882277,0.3239244214760828,0.2960768314502109,,,,,0.16966899727183185,-0.1662804664748269,-0.961207844843638,0.13234962797053318,0.28472926822259115,0.0,0.0,transition_basin,intermediate_relaxation
737,hysteresis,neutral_coupling,latent_transport_activation,transition_basin,0.1696358165630546,0.0033553500882277,0.3239244214760828,0.2960768314502109,,,,,0.16966899727183185,-0.1662804664748269,-0.961207844843638,0.13234962797053318,0.28472926822259115,0.0,0.0,transition_basin,intermediate_relaxation
738,hysteresis,neutral_coupling,latent_transport_activation,coupled_memory_basin,0.5090637303794948,0.527304462408861,0.2149500478028989,0.5048302525413637,,,,,0.7329364758723534,0.018240732029366158,0.017600628962060036,0.08773273008888702,0.5029697326906986,0.018240732029366158,0.007867505356905141,coupled_memory_basin,transport_and_topology_unrelaxed
739,hysteresis,neutral_coupling,latent_transport_activation,coupled_memory_basin,0.5090637303794948,0.527304462408861,0.2149500478028989,0.5048302525413637,,,,,0.7329364758723534,0.018240732029366158,0.017600628962060036,0.08773273008888702,0.5029697326906986,0.018240732029366158,0.007867505356905141,coupled_memory_basin,transport_and_topology_unrelaxed
740,hysteresis,neutral_coupling,latent_transport_activation,coupled_memory_basin,0.5090637303794948,0.527304462408861,0.2149500478028989,0.5048302525413637,,,,,0.7329364758723534,0.018240732029366158,0.017600628962060036,0.08773273008888702,0.5029697326906986,0.018240732029366158,0.007867505356905141,coupled_memory_basin,transport_and_topology_unrelaxed
741,hysteresis,neutral_coupling,latent_transport_activation,coupled_memory_basin,0.6912294317079258,0.716637260666286,0.1162434885337848,0.558816310976178,,,,,0.9956741889968528,0.025407828958360135,0.018047041737662382,0.047319738238469654,0.5594092506925216,0.025407828958360135,0.010958783349013106,coupled_memory_basin,transport_and_topology_unrelaxed
742,hysteresis,neutral_coupling,latent_transport_activation,coupled_memory_basin,0.6912294317079258,0.716637260666286,0.1162434885337848,0.558816310976178,,,,,0.9956741889968528,0.025407828958360135,0.018047041737662382,0.047319738238469654,0.5594092506925216,0.025407828958360135,0.010958783349013106,coupled_memory_basin,transport_and_topology_unrelaxed
743,hysteresis,neutral_coupling,latent_transport_activation,coupled_memory_basin,0.6912294317079258,0.716637260666286,0.1162434885337848,0.558816310976178,,,,,0.9956741889968528,0.025407828958360135,0.018047041737662382,0.047319738238469654,0.5594092506925216,0.025407828958360135,0.010958783349013106,coupled_memory_basin,transport_and_topology_unrelaxed
744,hysteresis,neutral_coupling,latent_transport_activation,coupled_memory_basin,0.7768883558274466,0.7783438339578221,0.0708764418085547,0.5599904626540434,,,,,1.0997157092996512,0.0014554781303754982,0.0009358590568881683,0.02874530809765614,0.5606367630666611,0.0014554781303754982,0.0006277698707021364,coupled_memory_basin,transport_and_topology_unrelaxed
745,hysteresis,neutral_coupling,latent_transport_activation,coupled_memory_basin,0.7768883558274466,0.7783438339578221,0.0708764418085547,0.5599904626540434,,,,,1.0997157092996512,0.0014554781303754982,0.0009358590568881683,0.02874530809765614,0.5606367630666611,0.0014554781303754982,0.0006277698707021364,coupled_memory_basin,transport_and_topology_unrelaxed
746,hysteresis,neutral_coupling,latent_transport_activation,coupled_memory_basin,0.7768883558274466,0.7783438339578221,0.0708764418085547,0.5599904626540434,,,,,1.0997157092996512,0.0014554781303754982,0.0009358590568881683,0.02874530809765614,0.5606367630666611,0.0014554781303754982,0.0006277698707021364,coupled_memory_basin,transport_and_topology_unrelaxed
747,hysteresis,neutral_coupling,latent_transport_activation,coupled_memory_basin,0.7983899977182453,0.7603195096777865,0.0746174044757448,0.5714954587582209,,,,,1.1025027642837044,-0.03807048804045876,-0.02442436378285432,0.030276953967001887,0.5726646171748968,0.0,0.0,coupled_memory_basin,transport_and_topology_unrelaxed
748,hysteresis,neutral_coupling,latent_transport_activation,coupled_memory_basin,0.7983899977182453,0.7603195096777865,0.0746174044757448,0.5714954587582209,,,,,1.1025027642837044,-0.03807048804045876,-0.02442436378285432,0.030276953967001887,0.5726646171748968,0.0,0.0,coupled_memory_basin,transport_and_topology_unrelaxed
749,hysteresis,neutral_coupling,latent_transport_activation,coupled_memory_basin,0.7983899977182453,0.7603195096777865,0.0746174044757448,0.5714954587582209,,,,,1.1025027642837044,-0.03807048804045876,-0.02442436378285432,0.030276953967001887,0.5726646171748968,0.0,0.0,coupled_memory_basin,transport_and_topology_unrelaxed
750,hysteresis,neutral_coupling,latent_transport_activation,coupled_memory_basin,0.719662210908667,0.6441838372850881,0.0650444763375102,0.4849658584946897,,,,,0.9658605044359623,-0.0754783736235789,-0.05534229741214948,0.026357552159262446,0.4822025780234193,0.0,0.0,coupled_memory_basin,transport_and_topology_unrelaxed
751,hysteresis,neutral_coupling,latent_transport_activation,coupled_memory_basin,0.719662210908667,0.6441838372850881,0.0650444763375102,0.4849658584946897,,,,,0.9658605044359623,-0.0754783736235789,-0.05534229741214948,0.026357552159262446,0.4822025780234193,0.0,0.0,coupled_memory_basin,transport_and_topology_unrelaxed
752,hysteresis,neutral_coupling,latent_transport_activation,coupled_memory_basin,0.719662210908667,0.6441838372850881,0.0650444763375102,0.4849658584946897,,,,,0.9658605044359623,-0.0754783736235789,-0.05534229741214948,0.026357552159262446,0.4822025780234193,0.0,0.0,coupled_memory_basin,transport_and_topology_unrelaxed
753,hysteresis,neutral_coupling,latent_transport_activation,transition_basin,0.0744777945890302,0.1120239887290166,0.0066798057655237,0.0610986517734467,,,,,0.1345225480639012,0.0375461941399864,0.2013181508069362,0.002461562129387764,0.03907223034278988,0.0375461941399864,0.01619424500355472,transition_basin,intermediate_relaxation
754,hysteresis,neutral_coupling,latent_transport_activation,transition_basin,0.0744777945890302,0.1120239887290166,0.0066798057655237,0.0610986517734467,,,,,0.1345225480639012,0.0375461941399864,0.2013181508069362,0.002461562129387764,0.03907223034278988,0.0375461941399864,0.01619424500355472,transition_basin,intermediate_relaxation
755,hysteresis,neutral_coupling,latent_transport_activation,transition_basin,0.0744777945890302,0.1120239887290166,0.0066798057655237,0.0610986517734467,,,,,0.1345225480639012,0.0375461941399864,0.2013181508069362,0.002461562129387764,0.03907223034278988,0.0375461941399864,0.01619424500355472,transition_basin,intermediate_relaxation
756,hysteresis,neutral_coupling,latent_transport_activation,transition_basin,0.295713883926004,0.5476372874408589,0.3264514534831555,0.4510286686223446,,,,,0.6223771362623984,0.2519234035148549,0.2987170849674056,0.1333842595559493,0.4467230728648002,0.2519234035148549,0.10865839833028722,transition_basin,intermediate_relaxation
757,hysteresis,neutral_coupling,latent_transport_activation,transition_basin,0.295713883926004,0.5476372874408589,0.3264514534831555,0.4510286686223446,,,,,0.6223771362623984,0.2519234035148549,0.2987170849674056,0.1333842595559493,0.4467230728648002,0.2519234035148549,0.10865839833028722,transition_basin,intermediate_relaxation
758,hysteresis,neutral_coupling,latent_transport_activation,transition_basin,0.295713883926004,0.5476372874408589,0.3264514534831555,0.4510286686223446,,,,,0.6223771362623984,0.2519234035148549,0.2987170849674056,0.1333842595559493,0.4467230728648002,0.2519234035148549,0.10865839833028722,transition_basin,intermediate_relaxation
759,hysteresis,neutral_coupling,latent_transport_activation,transition_basin,0.3906383359734192,0.443000264444605,0.2029834036828472,0.4351872162099677,,,,,0.5906331719689234,0.052361928471185815,0.06281130509655666,0.08283327968881804,0.43016168711957237,0.052361928471185815,0.02258449672314238,transition_basin,intermediate_relaxation
760,hysteresis,neutral_coupling,latent_transport_activation,transition_basin,0.3906383359734192,0.443000264444605,0.2029834036828472,0.4351872162099677,,,,,0.5906331719689234,0.052361928471185815,0.06281130509655666,0.08283327968881804,0.43016168711957237,0.052361928471185815,0.02258449672314238,transition_basin,intermediate_relaxation
761,hysteresis,neutral_coupling,latent_transport_activation,transition_basin,0.3906383359734192,0.443000264444605,0.2029834036828472,0.4351872162099677,,,,,0.5906331719689234,0.052361928471185815,0.06281130509655666,0.08283327968881804,0.43016168711957237,0.052361928471185815,0.02258449672314238,transition_basin,intermediate_relaxation
762,hysteresis,neutral_coupling,latent_transport_activation,coupled_memory_basin,0.7162497200701714,0.7879248899087329,0.107551726724715,0.5905857965944934,,,,,1.0648189018036296,0.07167516983856148,0.04765083080315992,0.04376110848015714,0.592622537741966,0.07167516983856148,0.030914591681634566,coupled_memory_basin,transport_and_topology_unrelaxed
763,hysteresis,neutral_coupling,latent_transport_activation,coupled_memory_basin,0.7162497200701714,0.7879248899087329,0.107551726724715,0.5905857965944934,,,,,1.0648189018036296,0.07167516983856148,0.04765083080315992,0.04376110848015714,0.592622537741966,0.07167516983856148,0.030914591681634566,coupled_memory_basin,transport_and_topology_unrelaxed
764,hysteresis,neutral_coupling,latent_transport_activation,coupled_memory_basin,0.7162497200701714,0.7879248899087329,0.107551726724715,0.5905857965944934,,,,,1.0648189018036296,0.07167516983856148,0.04765083080315992,0.04376110848015714,0.592622537741966,0.07167516983856148,0.030914591681634566,coupled_memory_basin,transport_and_topology_unrelaxed
765,hysteresis,neutral_coupling,latent_transport_activation,coupled_memory_basin,0.838984998796541,0.865756145617379,0.1257253790260168,0.7015990688119704,,,,,1.205582652446481,0.026771146820838032,0.015703936582129065,0.05120186690374292,0.7086809379551419,0.026771146820838032,0.011546803093447784,coupled_memory_basin,transport_and_topology_unrelaxed
766,hysteresis,neutral_coupling,latent_transport_activation,coupled_memory_basin,0.838984998796541,0.865756145617379,0.1257253790260168,0.7015990688119704,,,,,1.205582652446481,0.026771146820838032,0.015703936582129065,0.05120186690374292,0.7086809379551419,0.026771146820838032,0.011546803093447784,coupled_memory_basin,transport_and_topology_unrelaxed
767,hysteresis,neutral_coupling,latent_transport_activation,coupled_memory_basin,0.838984998796541,0.865756145617379,0.1257253790260168,0.7015990688119704,,,,,1.205582652446481,0.026771146820838032,0.015703936582129065,0.05120186690374292,0.7086809379551419,0.026771146820838032,0.011546803093447784,coupled_memory_basin,transport_and_topology_unrelaxed
768,hysteresis,neutral_coupling,latent_transport_activation,coupled_memory_basin,0.8871899987571151,0.8599771442777371,0.2157169049164582,0.783352912853235,,,,,1.2355835797608925,-0.027212854479378046,-0.015575415659484865,0.08804670101959501,0.7941501810571653,0.0,0.0,coupled_memory_basin,transport_and_topology_unrelaxed
769,hysteresis,neutral_coupling,latent_transport_activation,coupled_memory_basin,0.8871899987571151,0.8599771442777371,0.2157169049164582,0.783352912853235,,,,,1.2355835797608925,-0.027212854479378046,-0.015575415659484865,0.08804670101959501,0.7941501810571653,0.0,0.0,coupled_memory_basin,transport_and_topology_unrelaxed
770,hysteresis,neutral_coupling,latent_transport_activation,coupled_memory_basin,0.8871899987571151,0.8599771442777371,0.2157169049164582,0.783352912853235,,,,,1.2355835797608925,-0.027212854479378046,-0.015575415659484865,0.08804670101959501,0.7941501810571653,0.0,0.0,coupled_memory_basin,transport_and_topology_unrelaxed
771,hysteresis,neutral_coupling,latent_transport_activation,coupled_memory_basin,0.8842842650585045,0.8030145707358477,0.26370066918741,0.787578851028311,,,,,1.1944835964734457,-0.08126969432265685,-0.04816556059813096,0.1076924823009318,0.7985681719352136,0.0,0.0,coupled_memory_basin,transport_and_topology_unrelaxed
772,hysteresis,neutral_coupling,latent_transport_activation,coupled_memory_basin,0.8842842650585045,0.8030145707358477,0.26370066918741,0.787578851028311,,,,,1.1944835964734457,-0.08126969432265685,-0.04816556059813096,0.1076924823009318,0.7985681719352136,0.0,0.0,coupled_memory_basin,transport_and_topology_unrelaxed
773,hysteresis,neutral_coupling,latent_transport_activation,coupled_memory_basin,0.8842842650585045,0.8030145707358477,0.26370066918741,0.787578851028311,,,,,1.1944835964734457,-0.08126969432265685,-0.04816556059813096,0.1076924823009318,0.7985681719352136,0.0,0.0,coupled_memory_basin,transport_and_topology_unrelaxed
774,hysteresis,neutral_coupling,latent_transport_activation,coupled_memory_basin,0.7679769893049111,0.6186491576679514,0.2067433828671898,0.6513055872269975,,,,,0.9861619726926714,-0.14932783163695973,-0.10769148696845864,0.08437271140703134,0.6561018102768943,0.0,0.0,coupled_memory_basin,transport_and_topology_unrelaxed
775,hysteresis,neutral_coupling,latent_transport_activation,coupled_memory_basin,0.7679769893049111,0.6186491576679514,0.2067433828671898,0.6513055872269975,,,,,0.9861619726926714,-0.14932783163695973,-0.10769148696845864,0.08437271140703134,0.6561018102768943,0.0,0.0,coupled_memory_basin,transport_and_topology_unrelaxed
776,hysteresis,neutral_coupling,latent_transport_activation,coupled_memory_basin,0.7679769893049111,0.6186491576679514,0.2067433828671898,0.6513055872269975,,,,,0.9861619726926714,-0.14932783163695973,-0.10769148696845864,0.08437271140703134,0.6561018102768943,0.0,0.0,coupled_memory_basin,transport_and_topology_unrelaxed
777,hysteresis,neutral_coupling,latent_transport_activation,coupled_memory_basin,0.7126326035490761,0.9529303853723768,0.2577784908266749,0.7508520645465427,,,,,1.189925017388525,0.24029778182330075,0.14427420843372785,0.10526779089641647,0.7601722936865777,0.24029778182330075,0.10364409074721412,coupled_memory_basin,transport_and_topology_unrelaxed
778,hysteresis,neutral_coupling,latent_transport_activation,coupled_memory_basin,0.7126326035490761,0.9529303853723768,0.2577784908266749,0.7508520645465427,,,,,1.189925017388525,0.24029778182330075,0.14427420843372785,0.10526779089641647,0.7601722936865777,0.24029778182330075,0.10364409074721412,coupled_memory_basin,transport_and_topology_unrelaxed
779,hysteresis,neutral_coupling,latent_transport_activation,coupled_memory_basin,0.7126326035490761,0.9529303853723768,0.2577784908266749,0.7508520645465427,,,,,1.189925017388525,0.24029778182330075,0.14427420843372785,0.10526779089641647,0.7601722936865777,0.24029778182330075,0.10364409074721412,coupled_memory_basin,transport_and_topology_unrelaxed
780,hysteresis,neutral_coupling,latent_transport_activation,transition_basin,0.2778174776231523,0.3103159467161514,0.0810600122793991,0.2770364447336606,,,,,0.4165075481419659,0.03249846909299914,0.05525696678343346,0.0329147225063211,0.2648235688623021,0.03249846909299914,0.014017084362006906,transition_basin,intermediate_relaxation
781,hysteresis,neutral_coupling,latent_transport_activation,transition_basin,0.2778174776231523,0.3103159467161514,0.0810600122793991,0.2770364447336606,,,,,0.4165075481419659,0.03249846909299914,0.05525696678343346,0.0329147225063211,0.2648235688623021,0.03249846909299914,0.014017084362006906,transition_basin,intermediate_relaxation
782,hysteresis,neutral_coupling,latent_transport_activation,transition_basin,0.2778174776231523,0.3103159467161514,0.0810600122793991,0.2770364447336606,,,,,0.4165075481419659,0.03249846909299914,0.05525696678343346,0.0329147225063211,0.2648235688623021,0.03249846909299914,0.014017084362006906,transition_basin,intermediate_relaxation
783,hysteresis,neutral_coupling,latent_transport_activation,transition_basin,0.4455373673508953,0.6287874052851266,0.1178139178955746,0.4635364187897196,,,,,0.7706342496613867,0.18325003793423128,0.17057229117450992,0.04796271221577783,0.4597992523674443,0.18325003793423128,0.07903853051399345,transition_basin,intermediate_relaxation
784,hysteresis,neutral_coupling,latent_transport_activation,transition_basin,0.4455373673508953,0.6287874052851266,0.1178139178955746,0.4635364187897196,,,,,0.7706342496613867,0.18325003793423128,0.17057229117450992,0.04796271221577783,0.4597992523674443,0.18325003793423128,0.07903853051399345,transition_basin,intermediate_relaxation
785,hysteresis,neutral_coupling,latent_transport_activation,transition_basin,0.4455373673508953,0.6287874052851266,0.1178139178955746,0.4635364187897196,,,,,0.7706342496613867,0.18325003793423128,0.17057229117450992,0.04796271221577783,0.4597992523674443,0.18325003793423128,0.07903853051399345,transition_basin,intermediate_relaxation
786,hysteresis,neutral_coupling,latent_transport_activation,coupled_memory_basin,0.7667185981792848,0.7802844035748691,0.3013326424988847,0.7552023927599054,,,,,1.0939383708674801,0.013565805395584274,0.008769087959230315,0.12309997539979849,0.7647203276536877,0.013565805395584274,0.005851138345142426,coupled_memory_basin,transport_and_topology_unrelaxed
787,hysteresis,neutral_coupling,latent_transport_activation,coupled_memory_basin,0.7667185981792848,0.7802844035748691,0.3013326424988847,0.7552023927599054,,,,,1.0939383708674801,0.013565805395584274,0.008769087959230315,0.12309997539979849,0.7647203276536877,0.013565805395584274,0.005851138345142426,coupled_memory_basin,transport_and_topology_unrelaxed
788,hysteresis,neutral_coupling,latent_transport_activation,coupled_memory_basin,0.7667185981792848,0.7802844035748691,0.3013326424988847,0.7552023927599054,,,,,1.0939383708674801,0.013565805395584274,0.008769087959230315,0.12309997539979849,0.7647203276536877,0.013565805395584274,0.005851138345142426,coupled_memory_basin,transport_and_topology_unrelaxed
789,hysteresis,neutral_coupling,latent_transport_activation,coupled_memory_basin,0.8706096703052068,0.80717962216118,0.4153389490884382,0.8364497756978055,,,,,1.1872237112108257,-0.06343004814402675,-0.037805729497024855,0.16977707541438156,0.8496600929351535,0.0,0.0,coupled_memory_basin,transport_and_topology_unrelaxed
790,hysteresis,neutral_coupling,latent_transport_activation,coupled_memory_basin,0.8706096703052068,0.80717962216118,0.4153389490884382,0.8364497756978055,,,,,1.1872237112108257,-0.06343004814402675,-0.037805729497024855,0.16977707541438156,0.8496600929351535,0.0,0.0,coupled_memory_basin,transport_and_topology_unrelaxed
791,hysteresis,neutral_coupling,latent_transport_activation,coupled_memory_basin,0.8706096703052068,0.80717962216118,0.4153389490884382,0.8364497756978055,,,,,1.1872237112108257,-0.06343004814402675,-0.037805729497024855,0.16977707541438156,0.8496600929351535,0.0,0.0,coupled_memory_basin,transport_and_topology_unrelaxed
792,hysteresis,neutral_coupling,latent_transport_activation,coupled_memory_basin,0.893305336952004,0.7930814395197705,0.4499717756825152,0.8511677786434373,,,,,1.1945595819119634,-0.10022389743223348,-0.05943114523339688,0.18395664108121257,0.8650469727386471,0.0,0.0,coupled_memory_basin,transport_and_topology_unrelaxed
793,hysteresis,neutral_coupling,latent_transport_activation,coupled_memory_basin,0.893305336952004,0.7930814395197705,0.4499717756825152,0.8511677786434373,,,,,1.1945595819119634,-0.10022389743223348,-0.05943114523339688,0.18395664108121257,0.8650469727386471,0.0,0.0,coupled_memory_basin,transport_and_topology_unrelaxed
794,hysteresis,neutral_coupling,latent_transport_activation,coupled_memory_basin,0.893305336952004,0.7930814395197705,0.4499717756825152,0.8511677786434373,,,,,1.1945595819119634,-0.10022389743223348,-0.05943114523339688,0.18395664108121257,0.8650469727386471,0.0,0.0,coupled_memory_basin,transport_and_topology_unrelaxed
795,hysteresis,neutral_coupling,latent_transport_activation,coupled_memory_basin,0.8649646181555299,0.7311572354835243,0.4078546866127195,0.8063496143466763,,,,,1.1325876097065743,-0.13380738267200565,-0.08383281161576082,0.1667128267902048,0.8181919945466389,0.0,0.0,coupled_memory_basin,transport_and_topology_unrelaxed
796,hysteresis,neutral_coupling,latent_transport_activation,coupled_memory_basin,0.8649646181555299,0.7311572354835243,0.4078546866127195,0.8063496143466763,,,,,1.1325876097065743,-0.13380738267200565,-0.08383281161576082,0.1667128267902048,0.8181919945466389,0.0,0.0,coupled_memory_basin,transport_and_topology_unrelaxed
797,hysteresis,neutral_coupling,latent_transport_activation,coupled_memory_basin,0.8649646181555299,0.7311572354835243,0.4078546866127195,0.8063496143466763,,,,,1.1325876097065743,-0.13380738267200565,-0.08383281161576082,0.1667128267902048,0.8181919945466389,0.0,0.0,coupled_memory_basin,transport_and_topology_unrelaxed
798,hysteresis,gradient_driven_coupling,mixed_adaptive_topology_response,topology_only_basin,0.0,0.726086942130572,0.2030987742337746,0.3452997467371248,,,,,0.726086942130572,0.726086942130572,0.9999999999986228,0.08288051534538363,0.33618917646524304,0.726086942130572,0.31317234953040696,topology_only_basin,transport_relaxed_topology_persistent
799,hysteresis,gradient_driven_coupling,mixed_adaptive_topology_response,transition_basin,0.0,0.3719088604900595,0.1562616866641244,0.2329457025174728,,,,,0.3719088604900595,0.3719088604900595,0.9999999999973113,0.06370421285581002,0.21872907129810268,0.3719088604900595,0.16040995215956277,transition_basin,intermediate_relaxation
800,hysteresis,gradient_driven_coupling,mixed_adaptive_topology_response,transition_basin,0.0,0.2749176737303607,0.1286046072696995,0.1931166733345509,,,,,0.2749176737303607,0.2749176737303607,0.9999999999963626,0.05238069664321545,0.17708996530041388,0.2749176737303607,0.11857617705799228,transition_basin,intermediate_relaxation
801,hysteresis,gradient_driven_coupling,mixed_adaptive_topology_response,topology_only_basin,0.0,0.6693035476963684,0.1092301439713114,0.2596753267000025,,,,,0.6693035476963684,0.6693035476963684,0.999999999998506,0.04444829546155489,0.2466734545142514,0.6693035476963684,0.2886808072405947,topology_only_basin,transport_relaxed_topology_persistent
802,hysteresis,gradient_driven_coupling,mixed_adaptive_topology_response,topology_only_basin,0.0,0.8476126142806519,0.0903908374602964,0.2890215009090985,,,,,0.8476126142806519,0.8476126142806519,0.9999999999988203,0.03673500116647762,0.2773532999332089,0.8476126142806519,0.36558822160741566,topology_only_basin,transport_relaxed_topology_persistent
803,hysteresis,gradient_driven_coupling,mixed_adaptive_topology_response,topology_only_basin,0.0,0.925867819046538,0.082832762325482,0.3061343217084132,,,,,0.925867819046538,0.925867819046538,0.99999999999892,0.033640531750363835,0.29524383288869593,0.925867819046538,0.3993408825044746,topology_only_basin,transport_relaxed_topology_persistent
804,hysteresis,gradient_driven_coupling,mixed_adaptive_topology_response,coupled_memory_basin,0.9999999999748832,0.9620366731065938,0.0846523419894564,0.8162269553830341,,,,,1.387629114840046,-0.037963326868289404,-0.01934893847251425,0.034385514238618714,0.8285182228988122,0.0,0.0,coupled_memory_basin,transport_and_topology_unrelaxed
805,hysteresis,gradient_driven_coupling,mixed_adaptive_topology_response,topology_only_basin,0.0,0.9489427499806444,0.1014051978009575,0.3203064157864776,,,,,0.9489427499806444,0.9489427499806444,0.9999999999989462,0.041244562212680344,0.3100599943576472,0.9489427499806444,0.4092934514278067,topology_only_basin,transport_relaxed_topology_persistent
806,hysteresis,gradient_driven_coupling,mixed_adaptive_topology_response,topology_only_basin,0.0,0.768139897444189,0.0564021831334997,0.2302877754814954,,,,,0.768139897444189,0.768139897444189,0.9999999999986982,0.022819176114055897,0.2159503516592961,0.768139897444189,0.33131042922320264,topology_only_basin,transport_relaxed_topology_persistent
807,hysteresis,gradient_driven_coupling,mixed_adaptive_topology_response,erased_basin,0.0,0.0161181459035181,0.0313458481674131,0.02372491462714,,,,,0.0161181459035181,0.0161181459035181,0.9999999999379582,0.012560471238881153,0.0,0.0161181459035181,0.00695200165405389,erased_basin,transport_and_topology_relaxed
808,hysteresis,gradient_driven_coupling,mixed_adaptive_topology_response,topology_only_basin,0.0,0.7746661829178849,0.010558548637463,0.2065341927882947,,,,,0.7746661829178849,0.7746661829178849,0.9999999999987091,0.00404961874116955,0.19111725961870096,0.7746661829178849,0.3341253154811846,topology_only_basin,transport_relaxed_topology_persistent
809,hysteresis,gradient_driven_coupling,mixed_adaptive_topology_response,topology_only_basin,0.0,0.9443971579156958,0.0032085088645912,0.2421392054453105,,,,,0.9443971579156958,0.9443971579156958,0.9999999999989412,0.0010403243270924877,0.22834038371910542,0.9443971579156958,0.4073328683841156,topology_only_basin,transport_relaxed_topology_persistent
810,hysteresis,gradient_driven_coupling,mixed_adaptive_topology_response,topology_only_basin,0.0,0.9829972118554836,0.0538828876178718,0.283126753944263,,,,,0.9829972118554836,0.9829972118554836,0.9999999999989827,0.021787712046259938,0.27119065929813196,0.9829972118554836,0.4239816591595733,topology_only_basin,transport_relaxed_topology_persistent
811,hysteresis,gradient_driven_coupling,mixed_adaptive_topology_response,coupled_memory_basin,0.9999999996752138,0.992411024271808,0.2995374001370079,0.9502211032995924,,,,,1.4088575657058617,-0.007588975403405751,-0.00380894068151057,0.12236495722595812,0.9686018915853672,0.0,0.0,coupled_memory_basin,transport_and_topology_unrelaxed
812,hysteresis,gradient_driven_coupling,mixed_adaptive_topology_response,topology_only_basin,0.0,0.9985935081637144,0.12258414886738,0.3656322705983515,,,,,0.9985935081637144,0.9985935081637144,0.9999999999989986,0.049915766874106926,0.35744573565401627,0.9985935081637144,0.43070857914038013,topology_only_basin,transport_relaxed_topology_persistent
813,hysteresis,gradient_driven_coupling,mixed_adaptive_topology_response,topology_only_basin,0.0,0.9729779012748304,0.1857654618746353,0.3970434949265507,,,,,0.9729779012748304,0.9729779012748304,0.9999999999989723,0.07578381360339694,0.39028447980999714,0.9729779012748304,0.41966017800745287,topology_only_basin,transport_relaxed_topology_persistent
814,hysteresis,gradient_driven_coupling,mixed_adaptive_topology_response,topology_only_basin,0.0,0.5580624896459067,0.177254278185539,0.2885877512630173,,,,,0.5580624896459067,0.5580624896459067,0.9999999999982081,0.0722991171494655,0.2768998380271532,0.5580624896459067,0.2407008457614821,topology_only_basin,transport_relaxed_topology_persistent
815,hysteresis,gradient_driven_coupling,mixed_adaptive_topology_response,topology_only_basin,0.0,0.8392155617987628,0.0989187318808366,0.2914740585169176,,,,,0.8392155617987628,0.8392155617987628,0.9999999999988084,0.0402265394215888,0.27991731688999694,0.8392155617987628,0.361966445064834,topology_only_basin,transport_relaxed_topology_persistent
816,hysteresis,gradient_driven_coupling,mixed_adaptive_topology_response,topology_only_basin,0.0,0.9688267234493192,0.6481470076445066,0.4837157845037864,,,,,0.9688267234493192,0.9688267234493192,0.9999999999989678,0.26509465352473366,0.480895692957928,0.9688267234493192,0.41786971182840393,topology_only_basin,transport_relaxed_topology_persistent
817,hysteresis,gradient_driven_coupling,mixed_adaptive_topology_response,topology_only_basin,0.0,0.9888773331014282,1.7763985272539924,0.4946808178691946,,,,,0.9888773331014282,0.9888773331014282,0.9999999999989888,0.7270297042936082,0.49235904508919714,0.9888773331014282,0.4265178449511985,topology_only_basin,transport_relaxed_topology_persistent
818,hysteresis,gradient_driven_coupling,mixed_adaptive_topology_response,topology_only_basin,0.0,0.9949502040832754,2.348260863088284,0.497599595838746,,,,,0.9949502040832754,0.9949502040832754,0.9999999999989949,0.9611647819293592,0.4954104703373421,0.9949502040832754,0.4291371666376614,topology_only_basin,transport_relaxed_topology_persistent
819,hysteresis,gradient_driven_coupling,mixed_adaptive_topology_response,topology_only_basin,0.0,0.726086942130572,0.2030987742337746,0.3452997467371248,,,,,0.726086942130572,0.726086942130572,0.9999999999986228,0.08288051534538363,0.33618917646524304,0.726086942130572,0.31317234953040696,topology_only_basin,transport_relaxed_topology_persistent
820,hysteresis,gradient_driven_coupling,mixed_adaptive_topology_response,transition_basin,0.0,0.3719088604900595,0.1562616866641244,0.2329457025174728,,,,,0.3719088604900595,0.3719088604900595,0.9999999999973113,0.06370421285581002,0.21872907129810268,0.3719088604900595,0.16040995215956277,transition_basin,intermediate_relaxation
821,hysteresis,gradient_driven_coupling,mixed_adaptive_topology_response,transition_basin,0.0,0.2749176737303607,0.1286046072696995,0.1931166733345509,,,,,0.2749176737303607,0.2749176737303607,0.9999999999963626,0.05238069664321545,0.17708996530041388,0.2749176737303607,0.11857617705799228,transition_basin,intermediate_relaxation
822,hysteresis,gradient_driven_coupling,mixed_adaptive_topology_response,topology_only_basin,0.0,0.6693035476963684,0.1092301439713114,0.2596753267000025,,,,,0.6693035476963684,0.6693035476963684,0.999999999998506,0.04444829546155489,0.2466734545142514,0.6693035476963684,0.2886808072405947,topology_only_basin,transport_relaxed_topology_persistent
823,hysteresis,gradient_driven_coupling,mixed_adaptive_topology_response,topology_only_basin,0.0,0.8476126142806519,0.0903908374602964,0.2890215009090985,,,,,0.8476126142806519,0.8476126142806519,0.9999999999988203,0.03673500116647762,0.2773532999332089,0.8476126142806519,0.36558822160741566,topology_only_basin,transport_relaxed_topology_persistent
824,hysteresis,gradient_driven_coupling,mixed_adaptive_topology_response,topology_only_basin,0.0,0.925867819046538,0.082832762325482,0.3061343217084132,,,,,0.925867819046538,0.925867819046538,0.99999999999892,0.033640531750363835,0.29524383288869593,0.925867819046538,0.3993408825044746,topology_only_basin,transport_relaxed_topology_persistent
825,hysteresis,gradient_driven_coupling,mixed_adaptive_topology_response,coupled_memory_basin,0.9999999999748832,0.9620366731065938,0.0846523419894564,0.8162269553830341,,,,,1.387629114840046,-0.037963326868289404,-0.01934893847251425,0.034385514238618714,0.8285182228988122,0.0,0.0,coupled_memory_basin,transport_and_topology_unrelaxed
826,hysteresis,gradient_driven_coupling,mixed_adaptive_topology_response,topology_only_basin,0.0,0.9489427499806444,0.1014051978009575,0.3203064157864776,,,,,0.9489427499806444,0.9489427499806444,0.9999999999989462,0.041244562212680344,0.3100599943576472,0.9489427499806444,0.4092934514278067,topology_only_basin,transport_relaxed_topology_persistent
827,hysteresis,gradient_driven_coupling,mixed_adaptive_topology_response,topology_only_basin,0.0,0.768139897444189,0.0564021831334997,0.2302877754814954,,,,,0.768139897444189,0.768139897444189,0.9999999999986982,0.022819176114055897,0.2159503516592961,0.768139897444189,0.33131042922320264,topology_only_basin,transport_relaxed_topology_persistent
828,hysteresis,gradient_driven_coupling,mixed_adaptive_topology_response,erased_basin,0.0,0.0161181459035181,0.0313458481674131,0.02372491462714,,,,,0.0161181459035181,0.0161181459035181,0.9999999999379582,0.012560471238881153,0.0,0.0161181459035181,0.00695200165405389,erased_basin,transport_and_topology_relaxed
829,hysteresis,gradient_driven_coupling,mixed_adaptive_topology_response,topology_only_basin,0.0,0.7746661829178849,0.010558548637463,0.2065341927882947,,,,,0.7746661829178849,0.7746661829178849,0.9999999999987091,0.00404961874116955,0.19111725961870096,0.7746661829178849,0.3341253154811846,topology_only_basin,transport_relaxed_topology_persistent
830,hysteresis,gradient_driven_coupling,mixed_adaptive_topology_response,topology_only_basin,0.0,0.9443971579156958,0.0032085088645912,0.2421392054453105,,,,,0.9443971579156958,0.9443971579156958,0.9999999999989412,0.0010403243270924877,0.22834038371910542,0.9443971579156958,0.4073328683841156,topology_only_basin,transport_relaxed_topology_persistent
831,hysteresis,gradient_driven_coupling,mixed_adaptive_topology_response,topology_only_basin,0.0,0.9829972118554836,0.0538828876178718,0.283126753944263,,,,,0.9829972118554836,0.9829972118554836,0.9999999999989827,0.021787712046259938,0.27119065929813196,0.9829972118554836,0.4239816591595733,topology_only_basin,transport_relaxed_topology_persistent
832,hysteresis,gradient_driven_coupling,mixed_adaptive_topology_response,coupled_memory_basin,0.9999999996752138,0.992411024271808,0.2995374001370079,0.9502211032995924,,,,,1.4088575657058617,-0.007588975403405751,-0.00380894068151057,0.12236495722595812,0.9686018915853672,0.0,0.0,coupled_memory_basin,transport_and_topology_unrelaxed
833,hysteresis,gradient_driven_coupling,mixed_adaptive_topology_response,topology_only_basin,0.0,0.9985935081637144,0.12258414886738,0.3656322705983515,,,,,0.9985935081637144,0.9985935081637144,0.9999999999989986,0.049915766874106926,0.35744573565401627,0.9985935081637144,0.43070857914038013,topology_only_basin,transport_relaxed_topology_persistent
834,hysteresis,gradient_driven_coupling,mixed_adaptive_topology_response,topology_only_basin,0.0,0.9729779012748304,0.1857654618746353,0.3970434949265507,,,,,0.9729779012748304,0.9729779012748304,0.9999999999989723,0.07578381360339694,0.39028447980999714,0.9729779012748304,0.41966017800745287,topology_only_basin,transport_relaxed_topology_persistent
835,hysteresis,gradient_driven_coupling,mixed_adaptive_topology_response,topology_only_basin,0.0,0.5580624896459067,0.177254278185539,0.2885877512630173,,,,,0.5580624896459067,0.5580624896459067,0.9999999999982081,0.0722991171494655,0.2768998380271532,0.5580624896459067,0.2407008457614821,topology_only_basin,transport_relaxed_topology_persistent
836,hysteresis,gradient_driven_coupling,mixed_adaptive_topology_response,topology_only_basin,0.0,0.8392155617987628,0.0989187318808366,0.2914740585169176,,,,,0.8392155617987628,0.8392155617987628,0.9999999999988084,0.0402265394215888,0.27991731688999694,0.8392155617987628,0.361966445064834,topology_only_basin,transport_relaxed_topology_persistent
837,hysteresis,gradient_driven_coupling,mixed_adaptive_topology_response,topology_only_basin,0.0,0.9688267234493192,0.6481470076445066,0.4837157845037864,,,,,0.9688267234493192,0.9688267234493192,0.9999999999989678,0.26509465352473366,0.480895692957928,0.9688267234493192,0.41786971182840393,topology_only_basin,transport_relaxed_topology_persistent
838,hysteresis,gradient_driven_coupling,mixed_adaptive_topology_response,topology_only_basin,0.0,0.9888773331014282,1.7763985272539924,0.4946808178691946,,,,,0.9888773331014282,0.9888773331014282,0.9999999999989888,0.7270297042936082,0.49235904508919714,0.9888773331014282,0.4265178449511985,topology_only_basin,transport_relaxed_topology_persistent
839,hysteresis,gradient_driven_coupling,mixed_adaptive_topology_response,topology_only_basin,0.0,0.9949502040832754,2.348260863088284,0.497599595838746,,,,,0.9949502040832754,0.9949502040832754,0.9999999999989949,0.9611647819293592,0.4954104703373421,0.9949502040832754,0.4291371666376614,topology_only_basin,transport_relaxed_topology_persistent
840,hysteresis,base_stabilized_coupling,mixed_adaptive_topology_response,topology_only_basin,0.0,0.868804938098125,0.145636037376144,0.3531431112752315,,,,,0.868804938098125,0.868804938098125,0.999999999998849,0.059353800063993545,0.3443889918782879,0.868804938098125,0.37472879342716575,topology_only_basin,transport_relaxed_topology_persistent
841,hysteresis,base_stabilized_coupling,mixed_adaptive_topology_response,topology_only_basin,0.0,0.7002707019414587,0.1423690163994306,0.3085585718439081,,,,,0.7002707019414587,0.7002707019414587,0.999999999998572,0.0580161980537047,0.29777825590697193,0.7002707019414587,0.3020374122013563,topology_only_basin,transport_relaxed_topology_persistent
842,hysteresis,base_stabilized_coupling,mixed_adaptive_topology_response,transition_basin,0.0,0.3418893836730566,0.14097616019647,0.2180878921367515,,,,,0.3418893836730566,0.3418893836730566,0.9999999999970751,0.05744592707277038,0.20319603034711486,0.3418893836730566,0.1474620948976376,transition_basin,intermediate_relaxation
843,hysteresis,base_stabilized_coupling,mixed_adaptive_topology_response,transition_basin,0.0,0.3000766248550237,0.1397156616476915,0.2062341422081536,,,,,0.3000766248550237,0.3000766248550237,0.9999999999966676,0.05692984670327473,0.1908035728890098,0.3000766248550237,0.1294276156092925,transition_basin,intermediate_relaxation
844,hysteresis,base_stabilized_coupling,mixed_adaptive_topology_response,topology_only_basin,0.0,0.6792694705627518,0.1375494449713388,0.2992816533549737,,,,,0.6792694705627518,0.6792694705627518,0.9999999999985278,0.05604294214965737,0.2880797370071366,0.6792694705627518,0.2929792614589641,topology_only_basin,transport_relaxed_topology_persistent
845,hysteresis,base_stabilized_coupling,mixed_adaptive_topology_response,topology_only_basin,0.0,0.8570492781440849,0.132173307646112,0.3412756248581501,,,,,0.8570492781440849,0.8570492781440849,0.9999999999988333,0.05384181392150424,0.3319821736609142,0.8570492781440849,0.3696583983622381,topology_only_basin,transport_relaxed_topology_persistent
846,hysteresis,base_stabilized_coupling,mixed_adaptive_topology_response,topology_only_basin,0.0,0.9413507728285224,0.1154778628674515,0.3357403542715563,,,,,0.9413507728285224,0.9413507728285224,0.9999999999989377,0.04700627149377602,0.32619534622852736,0.9413507728285224,0.406018916128584,topology_only_basin,transport_relaxed_topology_persistent
847,hysteresis,base_stabilized_coupling,mixed_adaptive_topology_response,topology_only_basin,0.0,0.9832321424723992,0.1213483132294084,0.3614417891195003,,,,,0.9832321424723992,0.9832321424723992,0.9999999999989829,0.04940978413156562,0.3530648128432224,0.9832321424723992,0.42408298831040503,topology_only_basin,transport_relaxed_topology_persistent
848,hysteresis,base_stabilized_coupling,mixed_adaptive_topology_response,topology_only_basin,0.0,0.922305804371506,0.119621500999655,0.3418334538939969,,,,,0.922305804371506,0.922305804371506,0.9999999999989158,0.04870278300534907,0.33256535388972513,0.922305804371506,0.3978045313595714,topology_only_basin,transport_relaxed_topology_persistent
849,hysteresis,base_stabilized_coupling,mixed_adaptive_topology_response,topology_only_basin,0.0,0.6482206325490445,0.1192771417011142,0.2729620208823591,,,,,0.6482206325490445,0.6482206325490445,0.9999999999984573,0.04856179349433184,0.2605639780536814,0.6482206325490445,0.279587425045532,topology_only_basin,transport_relaxed_topology_persistent
850,hysteresis,base_stabilized_coupling,mixed_adaptive_topology_response,transition_basin,0.0,0.3694267460288254,0.1190945661946338,0.2016879190002035,,,,,0.3694267460288254,0.3694267460288254,0.9999999999972932,0.04848704240878988,0.18605074125016693,0.3694267460288254,0.15933937841346682,transition_basin,intermediate_relaxation
851,hysteresis,base_stabilized_coupling,mixed_adaptive_topology_response,topology_only_basin,0.0,0.8603316132448875,0.1185634490359648,0.3238889257201854,,,,,0.8603316132448875,0.8603316132448875,0.9999999999988377,0.04826958944959608,0.31380531564535247,0.8603316132448875,0.3710741194499197,topology_only_basin,transport_relaxed_topology_persistent
852,hysteresis,base_stabilized_coupling,mixed_adaptive_topology_response,topology_only_basin,0.0,0.9694238865864012,0.1161149390075912,0.3432838427950597,,,,,0.9694238865864012,0.9694238865864012,0.9999999999989685,0.047267106772102024,0.33408165741075396,0.9694238865864012,0.4181272773785351,topology_only_basin,transport_relaxed_topology_persistent
853,hysteresis,base_stabilized_coupling,mixed_adaptive_topology_response,topology_only_basin,0.0,0.993651641766122,0.1050359689792954,0.3346348992370487,,,,,0.993651641766122,0.993651641766122,0.9999999999989936,0.04273109286603696,0.32503965249704975,0.993651641766122,0.42857707694553543,topology_only_basin,transport_relaxed_topology_persistent
854,hysteresis,base_stabilized_coupling,mixed_adaptive_topology_response,topology_only_basin,0.0,0.9997816908048331,0.078030713320488,0.316909708415494,,,,,0.9997816908048331,0.9997816908048331,0.9999999999989998,0.03167444997483535,0.3065089196474415,0.9997816908048331,0.431221060398201,topology_only_basin,transport_relaxed_topology_persistent
855,hysteresis,base_stabilized_coupling,mixed_adaptive_topology_response,topology_only_basin,0.0,0.995527682545855,0.0775366761355154,0.315496066294727,,,,,0.995527682545855,0.995527682545855,0.9999999999989956,0.03147217850596907,0.3050310329071176,0.995527682545855,0.4293862418880695,topology_only_basin,transport_relaxed_topology_persistent
856,hysteresis,base_stabilized_coupling,mixed_adaptive_topology_response,topology_only_basin,0.0,0.9087835786984472,0.0775201356872852,0.2934599002768527,,,,,0.9087835786984472,0.9087835786984472,0.9999999999988997,0.03146540642309556,0.28199340755132873,0.9087835786984472,0.3919721896120583,topology_only_basin,transport_relaxed_topology_persistent
857,hysteresis,base_stabilized_coupling,mixed_adaptive_topology_response,transition_basin,0.0,0.4623749141192193,0.0775187643012444,0.1815075940760233,,,,,0.4623749141192193,0.4623749141192193,0.9999999999978373,0.03146484494254856,0.1649532978571443,0.4623749141192193,0.19942933802629406,transition_basin,intermediate_relaxation
858,hysteresis,base_stabilized_coupling,mixed_adaptive_topology_response,topology_only_basin,0.0,0.9736356193196336,0.0775072590243968,0.3089726303201044,,,,,0.9736356193196336,0.9736356193196336,0.9999999999989729,0.031460134387718955,0.2982111317548968,0.9736356193196336,0.4199438618109588,topology_only_basin,transport_relaxed_topology_persistent
859,hysteresis,base_stabilized_coupling,mixed_adaptive_topology_response,topology_only_basin,0.0,0.9987082885688544,0.0772728864854155,0.3134900973522976,,,,,0.9987082885688544,0.9987082885688544,0.9999999999989987,0.03136417627127819,0.30293390035994255,0.9987082885688544,0.4307580856761295,topology_only_basin,transport_relaxed_topology_persistent
860,hysteresis,base_stabilized_coupling,mixed_adaptive_topology_response,topology_only_basin,0.0,0.9999373977876306,0.0749465620206866,0.3102959740967675,,,,,0.9999373977876306,0.9999373977876306,0.9999999999989999,0.030411719490992736,0.2995946164372571,0.9999373977876306,0.4312882191898161,topology_only_basin,transport_relaxed_topology_persistent
861,hysteresis,base_stabilized_coupling,mixed_adaptive_topology_response,topology_only_basin,0.0,0.868804938098125,0.145636037376144,0.3531431112752315,,,,,0.868804938098125,0.868804938098125,0.999999999998849,0.059353800063993545,0.3443889918782879,0.868804938098125,0.37472879342716575,topology_only_basin,transport_relaxed_topology_persistent
862,hysteresis,base_stabilized_coupling,mixed_adaptive_topology_response,topology_only_basin,0.0,0.7002707019414587,0.1423690163994306,0.3085585718439081,,,,,0.7002707019414587,0.7002707019414587,0.999999999998572,0.0580161980537047,0.29777825590697193,0.7002707019414587,0.3020374122013563,topology_only_basin,transport_relaxed_topology_persistent
863,hysteresis,base_stabilized_coupling,mixed_adaptive_topology_response,transition_basin,0.0,0.3418893836730566,0.14097616019647,0.2180878921367515,,,,,0.3418893836730566,0.3418893836730566,0.9999999999970751,0.05744592707277038,0.20319603034711486,0.3418893836730566,0.1474620948976376,transition_basin,intermediate_relaxation
864,hysteresis,base_stabilized_coupling,mixed_adaptive_topology_response,transition_basin,0.0,0.3000766248550237,0.1397156616476915,0.2062341422081536,,,,,0.3000766248550237,0.3000766248550237,0.9999999999966676,0.05692984670327473,0.1908035728890098,0.3000766248550237,0.1294276156092925,transition_basin,intermediate_relaxation
865,hysteresis,base_stabilized_coupling,mixed_adaptive_topology_response,topology_only_basin,0.0,0.6792694705627518,0.1375494449713388,0.2992816533549737,,,,,0.6792694705627518,0.6792694705627518,0.9999999999985278,0.05604294214965737,0.2880797370071366,0.6792694705627518,0.2929792614589641,topology_only_basin,transport_relaxed_topology_persistent
866,hysteresis,base_stabilized_coupling,mixed_adaptive_topology_response,topology_only_basin,0.0,0.8570492781440849,0.132173307646112,0.3412756248581501,,,,,0.8570492781440849,0.8570492781440849,0.9999999999988333,0.05384181392150424,0.3319821736609142,0.8570492781440849,0.3696583983622381,topology_only_basin,transport_relaxed_topology_persistent
867,hysteresis,base_stabilized_coupling,mixed_adaptive_topology_response,topology_only_basin,0.0,0.9413507728285224,0.1154778628674515,0.3357403542715563,,,,,0.9413507728285224,0.9413507728285224,0.9999999999989377,0.04700627149377602,0.32619534622852736,0.9413507728285224,0.406018916128584,topology_only_basin,transport_relaxed_topology_persistent
868,hysteresis,base_stabilized_coupling,mixed_adaptive_topology_response,topology_only_basin,0.0,0.9832321424723992,0.1213483132294084,0.3614417891195003,,,,,0.9832321424723992,0.9832321424723992,0.9999999999989829,0.04940978413156562,0.3530648128432224,0.9832321424723992,0.42408298831040503,topology_only_basin,transport_relaxed_topology_persistent
869,hysteresis,base_stabilized_coupling,mixed_adaptive_topology_response,topology_only_basin,0.0,0.922305804371506,0.119621500999655,0.3418334538939969,,,,,0.922305804371506,0.922305804371506,0.9999999999989158,0.04870278300534907,0.33256535388972513,0.922305804371506,0.3978045313595714,topology_only_basin,transport_relaxed_topology_persistent
870,hysteresis,base_stabilized_coupling,mixed_adaptive_topology_response,topology_only_basin,0.0,0.6482206325490445,0.1192771417011142,0.2729620208823591,,,,,0.6482206325490445,0.6482206325490445,0.9999999999984573,0.04856179349433184,0.2605639780536814,0.6482206325490445,0.279587425045532,topology_only_basin,transport_relaxed_topology_persistent
871,hysteresis,base_stabilized_coupling,mixed_adaptive_topology_response,transition_basin,0.0,0.3694267460288254,0.1190945661946338,0.2016879190002035,,,,,0.3694267460288254,0.3694267460288254,0.9999999999972932,0.04848704240878988,0.18605074125016693,0.3694267460288254,0.15933937841346682,transition_basin,intermediate_relaxation
872,hysteresis,base_stabilized_coupling,mixed_adaptive_topology_response,topology_only_basin,0.0,0.8603316132448875,0.1185634490359648,0.3238889257201854,,,,,0.8603316132448875,0.8603316132448875,0.9999999999988377,0.04826958944959608,0.31380531564535247,0.8603316132448875,0.3710741194499197,topology_only_basin,transport_relaxed_topology_persistent
873,hysteresis,base_stabilized_coupling,mixed_adaptive_topology_response,topology_only_basin,0.0,0.9694238865864012,0.1161149390075912,0.3432838427950597,,,,,0.9694238865864012,0.9694238865864012,0.9999999999989685,0.047267106772102024,0.33408165741075396,0.9694238865864012,0.4181272773785351,topology_only_basin,transport_relaxed_topology_persistent
874,hysteresis,base_stabilized_coupling,mixed_adaptive_topology_response,topology_only_basin,0.0,0.993651641766122,0.1050359689792954,0.3346348992370487,,,,,0.993651641766122,0.993651641766122,0.9999999999989936,0.04273109286603696,0.32503965249704975,0.993651641766122,0.42857707694553543,topology_only_basin,transport_relaxed_topology_persistent
875,hysteresis,base_stabilized_coupling,mixed_adaptive_topology_response,topology_only_basin,0.0,0.9997816908048331,0.078030713320488,0.316909708415494,,,,,0.9997816908048331,0.9997816908048331,0.9999999999989998,0.03167444997483535,0.3065089196474415,0.9997816908048331,0.431221060398201,topology_only_basin,transport_relaxed_topology_persistent
876,hysteresis,base_stabilized_coupling,mixed_adaptive_topology_response,topology_only_basin,0.0,0.995527682545855,0.0775366761355154,0.315496066294727,,,,,0.995527682545855,0.995527682545855,0.9999999999989956,0.03147217850596907,0.3050310329071176,0.995527682545855,0.4293862418880695,topology_only_basin,transport_relaxed_topology_persistent
877,hysteresis,base_stabilized_coupling,mixed_adaptive_topology_response,topology_only_basin,0.0,0.9087835786984472,0.0775201356872852,0.2934599002768527,,,,,0.9087835786984472,0.9087835786984472,0.9999999999988997,0.03146540642309556,0.28199340755132873,0.9087835786984472,0.3919721896120583,topology_only_basin,transport_relaxed_topology_persistent
878,hysteresis,base_stabilized_coupling,mixed_adaptive_topology_response,transition_basin,0.0,0.4623749141192193,0.0775187643012444,0.1815075940760233,,,,,0.4623749141192193,0.4623749141192193,0.9999999999978373,0.03146484494254856,0.1649532978571443,0.4623749141192193,0.19942933802629406,transition_basin,intermediate_relaxation
879,hysteresis,base_stabilized_coupling,mixed_adaptive_topology_response,topology_only_basin,0.0,0.9736356193196336,0.0775072590243968,0.3089726303201044,,,,,0.9736356193196336,0.9736356193196336,0.9999999999989729,0.031460134387718955,0.2982111317548968,0.9736356193196336,0.4199438618109588,topology_only_basin,transport_relaxed_topology_persistent
880,hysteresis,base_stabilized_coupling,mixed_adaptive_topology_response,topology_only_basin,0.0,0.9987082885688544,0.0772728864854155,0.3134900973522976,,,,,0.9987082885688544,0.9987082885688544,0.9999999999989987,0.03136417627127819,0.30293390035994255,0.9987082885688544,0.4307580856761295,topology_only_basin,transport_relaxed_topology_persistent
881,hysteresis,base_stabilized_coupling,mixed_adaptive_topology_response,topology_only_basin,0.0,0.9999373977876306,0.0749465620206866,0.3102959740967675,,,,,0.9999373977876306,0.9999373977876306,0.9999999999989999,0.030411719490992736,0.2995946164372571,0.9999373977876306,0.4312882191898161,topology_only_basin,transport_relaxed_topology_persistent
882,hysteresis,base_stabilized_coupling,mixed_adaptive_topology_response,topology_only_basin,0.0,0.721148130025146,0.1961388437813869,0.3391630829264546,,,,,0.721148130025146,0.721148130025146,0.9999999999986133,0.08003094167232148,0.3297736247903294,0.721148130025146,0.3110421646982614,topology_only_basin,transport_relaxed_topology_persistent
883,hysteresis,base_stabilized_coupling,mixed_adaptive_topology_response,transition_basin,0.0,0.3679651825082483,0.1633928490423142,0.2337104833021321,,,,,0.3679651825082483,0.3679651825082483,0.9999999999972824,0.06662389326213498,0.21952860843999916,0.3679651825082483,0.15870898382134818,transition_basin,intermediate_relaxation
884,hysteresis,base_stabilized_coupling,mixed_adaptive_topology_response,transition_basin,0.0,0.280971894022401,0.1433257732072284,0.2047842900322108,,,,,0.280971894022401,0.280971894022401,0.999999999996441,0.058407918779892175,0.18928783048520179,0.280971894022401,0.12118745441806905,transition_basin,intermediate_relaxation
885,hysteresis,base_stabilized_coupling,mixed_adaptive_topology_response,topology_only_basin,0.0,0.6727620353413364,0.1285042789683048,0.29187748362525,,,,,0.6727620353413364,0.6727620353413364,0.9999999999985136,0.05233961966862883,0.28033907612421866,0.6727620353413364,0.2901725056017005,topology_only_basin,transport_relaxed_topology_persistent
886,hysteresis,base_stabilized_coupling,mixed_adaptive_topology_response,topology_only_basin,0.0,0.8497281353909787,0.1126129512927844,0.3086330142399015,,,,,0.8497281353909787,0.8497281353909787,0.9999999999988232,0.045833303365046846,0.2978560814247182,0.8497281353909787,0.3665006780615397,topology_only_basin,transport_relaxed_topology_persistent
887,hysteresis,base_stabilized_coupling,mixed_adaptive_topology_response,topology_only_basin,0.0,0.9276427816139436,0.1067863729907419,0.3193581743950825,,,,,0.9276427816139436,0.9276427816139436,0.999999999998922,0.04344775307153214,0.3090686590271685,0.9276427816139436,0.4001064508755733,topology_only_basin,transport_relaxed_topology_persistent
888,hysteresis,base_stabilized_coupling,mixed_adaptive_topology_response,coupled_memory_basin,0.9999999999838048,0.9631618919983994,0.1100783920415899,0.8340152629101386,,,,,1.3884094605574921,-0.03683810798540543,-0.01876468167797982,0.0447955899332205,0.8471149408664744,0.0,0.0,coupled_memory_basin,transport_and_topology_unrelaxed
889,hysteresis,base_stabilized_coupling,mixed_adaptive_topology_response,topology_only_basin,0.0,0.949312357932598,0.1142673533462343,0.3365052603514968,,,,,0.949312357932598,0.949312357932598,0.9999999999989466,0.04651065791167935,0.32699501435989564,0.949312357932598,0.4094528689630936,topology_only_basin,transport_relaxed_topology_persistent
890,hysteresis,base_stabilized_coupling,mixed_adaptive_topology_response,topology_only_basin,0.0,0.769900351723264,0.0766115209694802,0.2555878330288552,,,,,0.769900351723264,0.769900351723264,0.9999999999987012,0.031093396300792445,0.24240019991253584,0.769900351723264,0.3320697399487213,topology_only_basin,transport_relaxed_topology_persistent
891,hysteresis,base_stabilized_coupling,mixed_adaptive_topology_response,erased_basin,0.0,0.0201317642475736,0.0536474658451213,0.0413599718742183,,,,,0.0201317642475736,0.0201317642475736,0.9999999999503273,0.021691324346657954,0.018436503049420648,0.0201317642475736,0.008683136335030104,erased_basin,transport_and_topology_relaxed
892,hysteresis,base_stabilized_coupling,mixed_adaptive_topology_response,topology_only_basin,0.0,0.7778552812334465,0.0338243306083532,0.216610178851779,,,,,0.7778552812334465,0.7778552812334465,0.9999999999987145,0.013575225389251547,0.20165116065359126,0.7778552812334465,0.33550082212428345,topology_only_basin,transport_relaxed_topology_persistent
893,hysteresis,base_stabilized_coupling,mixed_adaptive_topology_response,topology_only_basin,0.0,0.9464143493825824,0.0183210523039365,0.253672915076738,,,,,0.9464143493825824,0.9464143493825824,0.9999999999989434,0.007227786430681842,0.2403982562744199,0.9464143493825824,0.4082029137663998,topology_only_basin,transport_relaxed_topology_persistent
894,hysteresis,base_stabilized_coupling,mixed_adaptive_topology_response,topology_only_basin,0.0,0.9842443335114232,0.0719167217070215,0.3000701870193124,,,,,0.9842443335114232,0.9842443335114232,0.999999999998984,0.02917122531501423,0.2889041065061106,0.9842443335114232,0.42451956171156635,topology_only_basin,transport_relaxed_topology_persistent
895,hysteresis,base_stabilized_coupling,mixed_adaptive_topology_response,coupled_memory_basin,0.999999999954465,0.9929410038972778,0.318275008101315,0.9571813293907606,,,,,1.4092309381820511,-0.0070589960571871835,-0.003541999509037533,0.13003661353294485,0.9758784332918445,0.0,0.0,coupled_memory_basin,transport_and_topology_unrelaxed
896,hysteresis,base_stabilized_coupling,mixed_adaptive_topology_response,topology_only_basin,0.0,0.9986180286220622,0.1254235677888147,0.3668638909090169,,,,,0.9986180286220622,0.9986180286220622,0.9999999999989987,0.05107829765809472,0.35873332839018796,0.9986180286220622,0.43071915518727855,topology_only_basin,transport_relaxed_topology_persistent
897,hysteresis,base_stabilized_coupling,mixed_adaptive_topology_response,topology_only_basin,0.0,0.9729614127170214,0.1916533339400867,0.3996654232072665,,,,,0.9729614127170214,0.9729614127170214,0.9999999999989723,0.07819445913252179,0.39302556468800554,0.9729614127170214,0.41965306624150617,topology_only_basin,transport_relaxed_topology_persistent
898,hysteresis,base_stabilized_coupling,mixed_adaptive_topology_response,topology_only_basin,0.0,0.544256112944937,0.1857292452950347,0.2891627677320326,,,,,0.544256112944937,0.544256112944937,0.9999999999981627,0.0757689856087116,0.2775009867921352,0.544256112944937,0.234745945350717,topology_only_basin,transport_relaxed_topology_persistent
899,hysteresis,base_stabilized_coupling,mixed_adaptive_topology_response,topology_only_basin,0.0,0.8498389427098945,0.1014369270948361,0.2962307440808349,,,,,0.8498389427098945,0.8498389427098945,0.9999999999988234,0.041257552997734856,0.28489017559272817,0.8498389427098945,0.36654847094472826,topology_only_basin,transport_relaxed_topology_persistent
900,hysteresis,base_stabilized_coupling,mixed_adaptive_topology_response,topology_only_basin,0.0,0.9683818501223388,0.6825016004477562,0.4853552664521533,,,,,0.9683818501223388,0.9683818501223388,0.9999999999989674,0.2791603031559488,0.4826096830809567,0.9683818501223388,0.4176778311912931,topology_only_basin,transport_relaxed_topology_persistent
901,hysteresis,base_stabilized_coupling,mixed_adaptive_topology_response,topology_only_basin,0.0,0.9884823416365368,1.858400387418424,0.4952823501150165,,,,,0.9884823416365368,0.9884823416365368,0.9999999999989884,0.760603364758351,0.4929879146714752,0.9884823416365368,0.4263474791204324,topology_only_basin,transport_relaxed_topology_persistent
902,hysteresis,base_stabilized_coupling,mixed_adaptive_topology_response,topology_only_basin,0.0,0.9947983514887564,2.4431137947486428,0.498261912802161,,,,,0.9947983514887564,0.9947983514887564,0.9999999999989948,0.9999999999995905,0.4961028870697973,0.9947983514887564,0.4290716703023764,topology_only_basin,transport_relaxed_topology_persistent
903,hysteresis,base_stabilized_coupling,mixed_adaptive_topology_response,topology_only_basin,0.0,0.721148130025146,0.1961388437813869,0.3391630829264546,,,,,0.721148130025146,0.721148130025146,0.9999999999986133,0.08003094167232148,0.3297736247903294,0.721148130025146,0.3110421646982614,topology_only_basin,transport_relaxed_topology_persistent
904,hysteresis,base_stabilized_coupling,mixed_adaptive_topology_response,transition_basin,0.0,0.3679651825082483,0.1633928490423142,0.2337104833021321,,,,,0.3679651825082483,0.3679651825082483,0.9999999999972824,0.06662389326213498,0.21952860843999916,0.3679651825082483,0.15870898382134818,transition_basin,intermediate_relaxation
905,hysteresis,base_stabilized_coupling,mixed_adaptive_topology_response,transition_basin,0.0,0.280971894022401,0.1433257732072284,0.2047842900322108,,,,,0.280971894022401,0.280971894022401,0.999999999996441,0.058407918779892175,0.18928783048520179,0.280971894022401,0.12118745441806905,transition_basin,intermediate_relaxation
906,hysteresis,base_stabilized_coupling,mixed_adaptive_topology_response,topology_only_basin,0.0,0.6727620353413364,0.1285042789683048,0.29187748362525,,,,,0.6727620353413364,0.6727620353413364,0.9999999999985136,0.05233961966862883,0.28033907612421866,0.6727620353413364,0.2901725056017005,topology_only_basin,transport_relaxed_topology_persistent
907,hysteresis,base_stabilized_coupling,mixed_adaptive_topology_response,topology_only_basin,0.0,0.8497281353909787,0.1126129512927844,0.3086330142399015,,,,,0.8497281353909787,0.8497281353909787,0.9999999999988232,0.045833303365046846,0.2978560814247182,0.8497281353909787,0.3665006780615397,topology_only_basin,transport_relaxed_topology_persistent
908,hysteresis,base_stabilized_coupling,mixed_adaptive_topology_response,topology_only_basin,0.0,0.9276427816139436,0.1067863729907419,0.3193581743950825,,,,,0.9276427816139436,0.9276427816139436,0.999999999998922,0.04344775307153214,0.3090686590271685,0.9276427816139436,0.4001064508755733,topology_only_basin,transport_relaxed_topology_persistent
909,hysteresis,base_stabilized_coupling,mixed_adaptive_topology_response,coupled_memory_basin,0.9999999999838048,0.9631618919983994,0.1100783920415899,0.8340152629101386,,,,,1.3884094605574921,-0.03683810798540543,-0.01876468167797982,0.0447955899332205,0.8471149408664744,0.0,0.0,coupled_memory_basin,transport_and_topology_unrelaxed
910,hysteresis,base_stabilized_coupling,mixed_adaptive_topology_response,topology_only_basin,0.0,0.949312357932598,0.1142673533462343,0.3365052603514968,,,,,0.949312357932598,0.949312357932598,0.9999999999989466,0.04651065791167935,0.32699501435989564,0.949312357932598,0.4094528689630936,topology_only_basin,transport_relaxed_topology_persistent
911,hysteresis,base_stabilized_coupling,mixed_adaptive_topology_response,topology_only_basin,0.0,0.769900351723264,0.0766115209694802,0.2555878330288552,,,,,0.769900351723264,0.769900351723264,0.9999999999987012,0.031093396300792445,0.24240019991253584,0.769900351723264,0.3320697399487213,topology_only_basin,transport_relaxed_topology_persistent
912,hysteresis,base_stabilized_coupling,mixed_adaptive_topology_response,erased_basin,0.0,0.0201317642475736,0.0536474658451213,0.0413599718742183,,,,,0.0201317642475736,0.0201317642475736,0.9999999999503273,0.021691324346657954,0.018436503049420648,0.0201317642475736,0.008683136335030104,erased_basin,transport_and_topology_relaxed
913,hysteresis,base_stabilized_coupling,mixed_adaptive_topology_response,topology_only_basin,0.0,0.7778552812334465,0.0338243306083532,0.216610178851779,,,,,0.7778552812334465,0.7778552812334465,0.9999999999987145,0.013575225389251547,0.20165116065359126,0.7778552812334465,0.33550082212428345,topology_only_basin,transport_relaxed_topology_persistent
914,hysteresis,base_stabilized_coupling,mixed_adaptive_topology_response,topology_only_basin,0.0,0.9464143493825824,0.0183210523039365,0.253672915076738,,,,,0.9464143493825824,0.9464143493825824,0.9999999999989434,0.007227786430681842,0.2403982562744199,0.9464143493825824,0.4082029137663998,topology_only_basin,transport_relaxed_topology_persistent
915,hysteresis,base_stabilized_coupling,mixed_adaptive_topology_response,topology_only_basin,0.0,0.9842443335114232,0.0719167217070215,0.3000701870193124,,,,,0.9842443335114232,0.9842443335114232,0.999999999998984,0.02917122531501423,0.2889041065061106,0.9842443335114232,0.42451956171156635,topology_only_basin,transport_relaxed_topology_persistent
916,hysteresis,base_stabilized_coupling,mixed_adaptive_topology_response,coupled_memory_basin,0.999999999954465,0.9929410038972778,0.318275008101315,0.9571813293907606,,,,,1.4092309381820511,-0.0070589960571871835,-0.003541999509037533,0.13003661353294485,0.9758784332918445,0.0,0.0,coupled_memory_basin,transport_and_topology_unrelaxed
917,hysteresis,base_stabilized_coupling,mixed_adaptive_topology_response,topology_only_basin,0.0,0.9986180286220622,0.1254235677888147,0.3668638909090169,,,,,0.9986180286220622,0.9986180286220622,0.9999999999989987,0.05107829765809472,0.35873332839018796,0.9986180286220622,0.43071915518727855,topology_only_basin,transport_relaxed_topology_persistent
918,hysteresis,base_stabilized_coupling,mixed_adaptive_topology_response,topology_only_basin,0.0,0.9729614127170214,0.1916533339400867,0.3996654232072665,,,,,0.9729614127170214,0.9729614127170214,0.9999999999989723,0.07819445913252179,0.39302556468800554,0.9729614127170214,0.41965306624150617,topology_only_basin,transport_relaxed_topology_persistent
919,hysteresis,base_stabilized_coupling,mixed_adaptive_topology_response,topology_only_basin,0.0,0.544256112944937,0.1857292452950347,0.2891627677320326,,,,,0.544256112944937,0.544256112944937,0.9999999999981627,0.0757689856087116,0.2775009867921352,0.544256112944937,0.234745945350717,topology_only_basin,transport_relaxed_topology_persistent
920,hysteresis,base_stabilized_coupling,mixed_adaptive_topology_response,topology_only_basin,0.0,0.8498389427098945,0.1014369270948361,0.2962307440808349,,,,,0.8498389427098945,0.8498389427098945,0.9999999999988234,0.041257552997734856,0.28489017559272817,0.8498389427098945,0.36654847094472826,topology_only_basin,transport_relaxed_topology_persistent
921,hysteresis,base_stabilized_coupling,mixed_adaptive_topology_response,topology_only_basin,0.0,0.9683818501223388,0.6825016004477562,0.4853552664521533,,,,,0.9683818501223388,0.9683818501223388,0.9999999999989674,0.2791603031559488,0.4826096830809567,0.9683818501223388,0.4176778311912931,topology_only_basin,transport_relaxed_topology_persistent
922,hysteresis,base_stabilized_coupling,mixed_adaptive_topology_response,topology_only_basin,0.0,0.9884823416365368,1.858400387418424,0.4952823501150165,,,,,0.9884823416365368,0.9884823416365368,0.9999999999989884,0.760603364758351,0.4929879146714752,0.9884823416365368,0.4263474791204324,topology_only_basin,transport_relaxed_topology_persistent
923,hysteresis,base_stabilized_coupling,mixed_adaptive_topology_response,topology_only_basin,0.0,0.9947983514887564,2.4431137947486428,0.498261912802161,,,,,0.9947983514887564,0.9947983514887564,0.9999999999989948,0.9999999999995905,0.4961028870697973,0.9947983514887564,0.4290716703023764,topology_only_basin,transport_relaxed_topology_persistent
924,hysteresis,base_stabilized_coupling,mixed_adaptive_topology_response,coupled_memory_basin,0.82667174173063,0.806208031104116,0.1613451888842116,0.7294276870015959,,,,,1.1547110279168242,-0.020463710626513976,-0.012532282515188247,0.0657855287816529,0.7377742602464089,0.0,0.0,coupled_memory_basin,transport_and_topology_unrelaxed
925,hysteresis,base_stabilized_coupling,mixed_adaptive_topology_response,coupled_memory_basin,0.7049291578615676,0.5625620426305208,0.1309335544794865,0.6045167143542984,,,,,0.9018875591846485,-0.14236711523104684,-0.11232197523395994,0.05333422724245929,0.6071865623527977,0.0,0.0,coupled_memory_basin,transport_and_topology_unrelaxed
926,hysteresis,base_stabilized_coupling,mixed_adaptive_topology_response,transition_basin,0.3931865949415563,0.0938742647637118,0.0919857697204791,0.2950758120276512,,,,,0.4042376479580581,-0.2993123301778445,-0.6145275774332408,0.03738800725756219,0.283682756301593,0.0,0.0,transition_basin,intermediate_relaxation
927,hysteresis,base_stabilized_coupling,mixed_adaptive_topology_response,transition_basin,0.2215635413628715,0.4217202480580106,0.043867034237512,0.2267709767473937,,,,,0.4763804891925853,0.2001567066951391,0.3111483764809611,0.017686965307313368,0.21227372789351803,0.2001567066951391,0.08633063407813342,transition_basin,intermediate_relaxation
928,hysteresis,base_stabilized_coupling,mixed_adaptive_topology_response,coupled_memory_basin,0.6197951383184525,0.6477549537041973,0.0129904475733786,0.464245921773962,,,,,0.8965112902420785,0.02795981538574488,0.022058154199734146,0.005045300412235035,0.4605409995446317,0.02795981538574488,0.012059493937594479,coupled_memory_basin,transport_and_topology_unrelaxed
929,hysteresis,base_stabilized_coupling,mixed_adaptive_topology_response,coupled_memory_basin,0.7964700773706511,0.7372408403098829,0.0598702438731471,0.60127849825701,,,,,1.085305782149728,-0.059229237060768214,-0.03861825353000898,0.02423908894908851,0.6038011817375897,0.0,0.0,coupled_memory_basin,transport_and_topology_unrelaxed
930,hysteresis,base_stabilized_coupling,mixed_adaptive_topology_response,coupled_memory_basin,0.861958932697883,0.7703052223126968,0.1779840044512686,0.7481359259688036,,,,,1.1560031735163563,-0.09165371038518622,-0.056151273128053215,0.07259788576067364,0.7573327170144105,0.0,0.0,coupled_memory_basin,transport_and_topology_unrelaxed
931,hysteresis,base_stabilized_coupling,mixed_adaptive_topology_response,coupled_memory_basin,0.939545015995595,0.960504616646592,0.0267966560198953,0.7182026031053853,,,,,1.3436197213801155,0.020959600650997,0.011031080604899667,0.010697915532908468,0.7260390392838131,0.020959600650997,0.009040194775891427,coupled_memory_basin,transport_and_topology_unrelaxed
932,hysteresis,base_stabilized_coupling,mixed_adaptive_topology_response,coupled_memory_basin,0.8579225666443933,0.8210376118723901,0.0112156055302845,0.6398432211000049,,,,,1.1874905854223943,-0.03688495477200315,-0.021968927699384664,0.004318634651069316,0.6441185235150163,0.0,0.0,coupled_memory_basin,transport_and_topology_unrelaxed
933,hysteresis,base_stabilized_coupling,mixed_adaptive_topology_response,transport_dominant_basin,0.5890084755267653,0.3208080476136222,0.0463172655220294,0.4034401321854848,,,,,0.6707076767534632,-0.2682004279131431,-0.29478518040880225,0.01869015271112984,0.39697181973059276,0.0,0.0,transport_dominant_basin,transport_unrelaxed_topology_relaxed
934,hysteresis,base_stabilized_coupling,mixed_adaptive_topology_response,transition_basin,0.1930806316822286,0.5182260558603736,0.0645079433958346,0.2558963996686699,,,,,0.5530265593110402,0.325145424178145,0.45711003407122336,0.02613788183988377,0.24272278972419273,0.325145424178145,0.1402401703164344,transition_basin,intermediate_relaxation
935,hysteresis,base_stabilized_coupling,mixed_adaptive_topology_response,coupled_memory_basin,0.7252637708165047,0.7376474099288164,0.0988265690757681,0.6168317960501414,,,,,1.0344714779217776,0.012383639112311662,0.00846506560021915,0.04018880561020156,0.6200613173398782,0.012383639112311662,0.005341252034032404,coupled_memory_basin,transport_and_topology_unrelaxed
936,hysteresis,base_stabilized_coupling,mixed_adaptive_topology_response,coupled_memory_basin,0.8971862205057674,0.7949061413011193,0.4258309622831264,0.8693217984521866,,,,,1.198673803727961,-0.1022800792046481,-0.06044591980509192,0.17407277416906483,0.8840260232103262,0.0,0.0,coupled_memory_basin,transport_and_topology_unrelaxed
937,hysteresis,base_stabilized_coupling,mixed_adaptive_topology_response,coupled_memory_basin,0.950310137185399,0.8336478594488096,0.6874165070881371,0.9184835010696942,,,,,1.2641432317585355,-0.11666227773658944,-0.06539519313606633,0.2811725917361002,0.9354219369022171,0.0,0.0,coupled_memory_basin,transport_and_topology_unrelaxed
938,hysteresis,base_stabilized_coupling,mixed_adaptive_topology_response,coupled_memory_basin,0.9692476123690996,0.9943573050285696,0.5702335516951034,0.9688005595425284,,,,,1.3885918709782512,0.02510969265946994,0.012787548267466442,0.2331948903921093,0.98802571294757,0.02510969265946994,0.010830192625525132,coupled_memory_basin,transport_and_topology_unrelaxed
939,hysteresis,base_stabilized_coupling,mixed_adaptive_topology_response,coupled_memory_basin,0.9141054638934064,0.8909088939123856,0.6440976450253846,0.9167170375088576,,,,,1.276443283648737,-0.02319656998102082,-0.01285118308377676,0.2634367408212851,0.9335751943388239,0.0,0.0,coupled_memory_basin,transport_and_topology_unrelaxed
940,hysteresis,base_stabilized_coupling,mixed_adaptive_topology_response,transport_dominant_basin,0.6953382600214715,0.2153888240777934,0.5872216504230994,0.6380723229661562,,,,,0.7279338166257302,-0.4799494359436781,-0.5269958962709832,0.24015025283744387,0.6422671448442538,0.0,0.0,transport_dominant_basin,transport_unrelaxed_topology_relaxed
941,hysteresis,base_stabilized_coupling,mixed_adaptive_topology_response,transition_basin,0.1334730707223893,0.4290769353555663,0.0481257840982696,0.2046403697779078,,,,,0.4493574045925901,0.295603864633177,0.5254712673342112,0.019430606506947574,0.18913736960661462,0.295603864633177,0.12749844604806662,transition_basin,intermediate_relaxation
942,hysteresis,base_stabilized_coupling,mixed_adaptive_topology_response,coupled_memory_basin,0.7663273993036673,0.5573119683267387,0.5218476842658297,0.7554988332373804,,,,,0.9475517468527754,-0.20901543097692865,-0.15790965129040585,0.21338447778555344,0.7650302402153748,0.0,0.0,coupled_memory_basin,transport_and_topology_unrelaxed
943,hysteresis,base_stabilized_coupling,mixed_adaptive_topology_response,coupled_memory_basin,0.9298743147128488,0.7035152035962415,0.8129414643728461,0.881420560896244,,,,,1.166018817538444,-0.22635911111660723,-0.1385824437950349,0.33256572217579383,0.8966746280642195,0.0,0.0,coupled_memory_basin,transport_and_topology_unrelaxed
944,hysteresis,base_stabilized_coupling,mixed_adaptive_topology_response,coupled_memory_basin,0.9723113040144694,0.8381894716322726,0.9552501545526472,0.9376650768752576,,,,,1.2837253842896097,-0.13412183238219677,-0.07407996405536586,0.3908305424578988,0.9554752418548025,0.0,0.0,coupled_memory_basin,transport_and_topology_unrelaxed
945,hysteresis,base_stabilized_coupling,mixed_adaptive_topology_response,coupled_memory_basin,0.6859951248904734,0.691960861301095,0.234121333765731,0.6607722706823423,,,,,0.9743711535888414,0.0059657364106215915,0.0043294099887076385,0.0955819452688592,0.6659987182339854,0.0059657364106215915,0.0025731129152540026,coupled_memory_basin,transport_and_topology_unrelaxed
946,hysteresis,base_stabilized_coupling,mixed_adaptive_topology_response,transition_basin,0.4631418255874798,0.3115320027213615,0.1870300155674895,0.4480490703403817,,,,,0.5581689164832506,-0.1516098228661183,-0.19570794484808632,0.07630155425267234,0.44360806325401153,0.0,0.0,transition_basin,intermediate_relaxation
947,hysteresis,base_stabilized_coupling,mixed_adaptive_topology_response,transition_basin,0.0764461936503816,0.2674056331112371,0.1259049814850255,0.2147115969570424,,,,,0.2781183078174703,0.1909594394608555,0.5553538605821807,0.05127540074755206,0.19966629548409,0.1909594394608555,0.08236371273319391,transition_basin,intermediate_relaxation
948,hysteresis,base_stabilized_coupling,mixed_adaptive_topology_response,coupled_memory_basin,0.531175097190861,0.5766641346789187,0.0656692743271945,0.41649020752699,,,,,0.784020731932968,0.04548903748805777,0.04106104584438809,0.026613360448521386,0.41061497100920236,0.04548903748805777,0.019620114233441174,coupled_memory_basin,transport_and_topology_unrelaxed
949,hysteresis,base_stabilized_coupling,mixed_adaptive_topology_response,coupled_memory_basin,0.7337688242055226,0.689921709992494,0.0505970869543515,0.5398263226476087,,,,,1.0071785607800248,-0.04384711421302856,-0.030798205902027302,0.02044242115150891,0.5395562401339006,0.0,0.0,coupled_memory_basin,transport_and_topology_unrelaxed
950,hysteresis,base_stabilized_coupling,mixed_adaptive_topology_response,coupled_memory_basin,0.8193171534720535,0.7070448832594901,0.1127694181936442,0.6543535931261424,,,,,1.0822167365721962,-0.11227227021256336,-0.0735554655518704,0.04589736491917384,0.6592883363690365,0.0,0.0,coupled_memory_basin,transport_and_topology_unrelaxed
951,hysteresis,base_stabilized_coupling,mixed_adaptive_topology_response,coupled_memory_basin,0.8349866092607198,0.6810449924077979,0.2027591275819298,0.7182791608943494,,,,,1.0775086632266357,-0.15394161685292185,-0.10154248544911258,0.0827414553125483,0.7261190763310378,0.0,0.0,coupled_memory_basin,transport_and_topology_unrelaxed
952,hysteresis,base_stabilized_coupling,mixed_adaptive_topology_response,coupled_memory_basin,0.9059277335016428,0.9312909054230036,0.1007377167829526,0.7547083214125155,,,,,1.2992335466924418,0.02536317192136084,0.013805200635343273,0.04097127839911537,0.7642038026560559,0.02536317192136084,0.010939522089253913,coupled_memory_basin,transport_and_topology_unrelaxed
953,hysteresis,base_stabilized_coupling,mixed_adaptive_topology_response,coupled_memory_basin,0.7724924429569112,0.6948443788122846,0.0448191435734308,0.5815332148826615,,,,,1.0390155365501357,-0.07764806414462666,-0.052917682561085054,0.018076783239557238,0.5831585508664503,0.0,0.0,coupled_memory_basin,transport_and_topology_unrelaxed
954,hysteresis,base_stabilized_coupling,mixed_adaptive_topology_response,transition_basin,0.3435688759729972,0.0741725001568863,0.0129211969147586,0.2059178908355853,,,,,0.3514841850167259,-0.26939637581611087,-0.6448879407428046,0.0050169474200613745,0.19047294910293136,0.0,0.0,transition_basin,intermediate_relaxation
955,hysteresis,base_stabilized_coupling,mixed_adaptive_topology_response,transition_basin,0.4702914616976906,0.6394125594495087,0.0156195857191945,0.3895916371231306,,,,,0.7937395543423056,0.1691210977518181,0.15240198695218768,0.006121736864353633,0.3824939636130982,0.1691210977518181,0.07294450356411174,transition_basin,intermediate_relaxation
956,hysteresis,base_stabilized_coupling,mixed_adaptive_topology_response,coupled_memory_basin,0.8000633550931722,0.749219884770615,0.1856175443413432,0.7231091535671806,,,,,1.0960984480869576,-0.050843470322557205,-0.03281741454002597,0.07572325237918112,0.7311685736699867,0.0,0.0,coupled_memory_basin,transport_and_topology_unrelaxed
957,hysteresis,base_stabilized_coupling,mixed_adaptive_topology_response,coupled_memory_basin,0.9114986508272814,0.7660594298242746,0.4682847323518175,0.8732066947613359,,,,,1.190662353684976,-0.14543922100300688,-0.08669698097512799,0.19145443427868183,0.8880874731759724,0.0,0.0,coupled_memory_basin,transport_and_topology_unrelaxed
958,hysteresis,base_stabilized_coupling,mixed_adaptive_topology_response,coupled_memory_basin,0.9467614062789956,0.7724589997625425,0.6645499892919948,0.8988433442692472,,,,,1.2219042788752028,-0.17430240651645312,-0.10138456122544441,0.2718104540606957,0.9148892102050847,0.0,0.0,coupled_memory_basin,transport_and_topology_unrelaxed
959,hysteresis,base_stabilized_coupling,mixed_adaptive_topology_response,coupled_memory_basin,0.9649989709662788,0.9905155861368226,0.4405546301000558,0.9569208713976176,,,,,1.3828753162689507,0.02551661517054371,0.013048542685527725,0.18010102063920605,0.9756061384805746,0.02551661517054371,0.011005704498105907,coupled_memory_basin,transport_and_topology_unrelaxed
960,hysteresis,base_stabilized_coupling,mixed_adaptive_topology_response,coupled_memory_basin,0.8928746347695993,0.8240240708770477,0.5386866999823758,0.8876049217750184,,,,,1.2150064949619517,-0.06885056389255162,-0.040101704116888987,0.22027880183008294,0.9031400444562832,0.0,0.0,coupled_memory_basin,transport_and_topology_unrelaxed
961,hysteresis,base_stabilized_coupling,mixed_adaptive_topology_response,transport_dominant_basin,0.6028367599979314,0.0374840968632453,0.4466345016808533,0.5421955878618473,,,,,0.6040010072197369,-0.5653526631346861,-0.8829208936050216,0.18259027568431868,0.5420331793768641,0.0,0.0,transport_dominant_basin,transport_unrelaxed_topology_relaxed
962,hysteresis,base_stabilized_coupling,mixed_adaptive_topology_response,transition_basin,0.3348362897749438,0.4757068619207475,0.0844216360717537,0.3535898272035899,,,,,0.5817322059407879,0.14087057214580373,0.17379774519212532,0.03429105733077997,0.34485600933448407,0.14087057214580373,0.06075962188376685,transition_basin,intermediate_relaxation
963,hysteresis,base_stabilized_coupling,mixed_adaptive_topology_response,coupled_memory_basin,0.8139429005951209,0.5690063639457761,0.549943185846558,0.7826406581730855,,,,,0.9931119210038674,-0.24493653664934478,-0.17711172993065671,0.2248874952630418,0.7934055571300319,0.0,0.0,coupled_memory_basin,transport_and_topology_unrelaxed
964,hysteresis,base_stabilized_coupling,mixed_adaptive_topology_response,coupled_memory_basin,0.940357781438962,0.6815021391846912,0.7957805462784711,0.880873423197263,,,,,1.161343154638678,-0.2588556422542708,-0.1596041920528954,0.32553960305839225,0.8961026250525826,0.0,0.0,coupled_memory_basin,transport_and_topology_unrelaxed
965,hysteresis,base_stabilized_coupling,mixed_adaptive_topology_response,coupled_memory_basin,0.9742421810241416,0.79176183661315,0.9201116317171724,0.9269479532930952,,,,,1.255402179862575,-0.1824803444109916,-0.10332951827313834,0.37644393180607666,0.9442710660568311,0.0,0.0,coupled_memory_basin,transport_and_topology_unrelaxed
966,hysteresis,base_stabilized_coupling,mixed_adaptive_topology_response,coupled_memory_basin,0.6859951248904734,0.691960861301095,0.234121333765731,0.6607722706823423,,,,,0.9743711535888414,0.0059657364106215915,0.0043294099887076385,0.0955819452688592,0.6659987182339854,0.0059657364106215915,0.0025731129152540026,coupled_memory_basin,transport_and_topology_unrelaxed
967,hysteresis,base_stabilized_coupling,mixed_adaptive_topology_response,transition_basin,0.4631418255874798,0.3115320027213615,0.1870300155674895,0.4480490703403817,,,,,0.5581689164832506,-0.1516098228661183,-0.19570794484808632,0.07630155425267234,0.44360806325401153,0.0,0.0,transition_basin,intermediate_relaxation
968,hysteresis,base_stabilized_coupling,mixed_adaptive_topology_response,transition_basin,0.0764461936503816,0.2674056331112371,0.1259049814850255,0.2147115969570424,,,,,0.2781183078174703,0.1909594394608555,0.5553538605821807,0.05127540074755206,0.19966629548409,0.1909594394608555,0.08236371273319391,transition_basin,intermediate_relaxation
969,hysteresis,base_stabilized_coupling,mixed_adaptive_topology_response,coupled_memory_basin,0.531175097190861,0.5766641346789187,0.0656692743271945,0.41649020752699,,,,,0.784020731932968,0.04548903748805777,0.04106104584438809,0.026613360448521386,0.41061497100920236,0.04548903748805777,0.019620114233441174,coupled_memory_basin,transport_and_topology_unrelaxed
970,hysteresis,base_stabilized_coupling,mixed_adaptive_topology_response,coupled_memory_basin,0.7337688242055226,0.689921709992494,0.0505970869543515,0.5398263226476087,,,,,1.0071785607800248,-0.04384711421302856,-0.030798205902027302,0.02044242115150891,0.5395562401339006,0.0,0.0,coupled_memory_basin,transport_and_topology_unrelaxed
971,hysteresis,base_stabilized_coupling,mixed_adaptive_topology_response,coupled_memory_basin,0.8193171534720535,0.7070448832594901,0.1127694181936442,0.6543535931261424,,,,,1.0822167365721962,-0.11227227021256336,-0.0735554655518704,0.04589736491917384,0.6592883363690365,0.0,0.0,coupled_memory_basin,transport_and_topology_unrelaxed
972,hysteresis,base_stabilized_coupling,mixed_adaptive_topology_response,coupled_memory_basin,0.8349866092607198,0.6810449924077979,0.2027591275819298,0.7182791608943494,,,,,1.0775086632266357,-0.15394161685292185,-0.10154248544911258,0.0827414553125483,0.7261190763310378,0.0,0.0,coupled_memory_basin,transport_and_topology_unrelaxed
973,hysteresis,base_stabilized_coupling,mixed_adaptive_topology_response,coupled_memory_basin,0.9059277335016428,0.9312909054230036,0.1007377167829526,0.7547083214125155,,,,,1.2992335466924418,0.02536317192136084,0.013805200635343273,0.04097127839911537,0.7642038026560559,0.02536317192136084,0.010939522089253913,coupled_memory_basin,transport_and_topology_unrelaxed
974,hysteresis,base_stabilized_coupling,mixed_adaptive_topology_response,coupled_memory_basin,0.7724924429569112,0.6948443788122846,0.0448191435734308,0.5815332148826615,,,,,1.0390155365501357,-0.07764806414462666,-0.052917682561085054,0.018076783239557238,0.5831585508664503,0.0,0.0,coupled_memory_basin,transport_and_topology_unrelaxed
975,hysteresis,base_stabilized_coupling,mixed_adaptive_topology_response,transition_basin,0.3435688759729972,0.0741725001568863,0.0129211969147586,0.2059178908355853,,,,,0.3514841850167259,-0.26939637581611087,-0.6448879407428046,0.0050169474200613745,0.19047294910293136,0.0,0.0,transition_basin,intermediate_relaxation
976,hysteresis,base_stabilized_coupling,mixed_adaptive_topology_response,transition_basin,0.4702914616976906,0.6394125594495087,0.0156195857191945,0.3895916371231306,,,,,0.7937395543423056,0.1691210977518181,0.15240198695218768,0.006121736864353633,0.3824939636130982,0.1691210977518181,0.07294450356411174,transition_basin,intermediate_relaxation
977,hysteresis,base_stabilized_coupling,mixed_adaptive_topology_response,coupled_memory_basin,0.8000633550931722,0.749219884770615,0.1856175443413432,0.7231091535671806,,,,,1.0960984480869576,-0.050843470322557205,-0.03281741454002597,0.07572325237918112,0.7311685736699867,0.0,0.0,coupled_memory_basin,transport_and_topology_unrelaxed
978,hysteresis,base_stabilized_coupling,mixed_adaptive_topology_response,coupled_memory_basin,0.9114986508272814,0.7660594298242746,0.4682847323518175,0.8732066947613359,,,,,1.190662353684976,-0.14543922100300688,-0.08669698097512799,0.19145443427868183,0.8880874731759724,0.0,0.0,coupled_memory_basin,transport_and_topology_unrelaxed
979,hysteresis,base_stabilized_coupling,mixed_adaptive_topology_response,coupled_memory_basin,0.9467614062789956,0.7724589997625425,0.6645499892919948,0.8988433442692472,,,,,1.2219042788752028,-0.17430240651645312,-0.10138456122544441,0.2718104540606957,0.9148892102050847,0.0,0.0,coupled_memory_basin,transport_and_topology_unrelaxed
980,hysteresis,base_stabilized_coupling,mixed_adaptive_topology_response,coupled_memory_basin,0.9649989709662788,0.9905155861368226,0.4405546301000558,0.9569208713976176,,,,,1.3828753162689507,0.02551661517054371,0.013048542685527725,0.18010102063920605,0.9756061384805746,0.02551661517054371,0.011005704498105907,coupled_memory_basin,transport_and_topology_unrelaxed
981,hysteresis,base_stabilized_coupling,mixed_adaptive_topology_response,coupled_memory_basin,0.8928746347695993,0.8240240708770477,0.5386866999823758,0.8876049217750184,,,,,1.2150064949619517,-0.06885056389255162,-0.040101704116888987,0.22027880183008294,0.9031400444562832,0.0,0.0,coupled_memory_basin,transport_and_topology_unrelaxed
982,hysteresis,base_stabilized_coupling,mixed_adaptive_topology_response,transport_dominant_basin,0.6028367599979314,0.0374840968632453,0.4466345016808533,0.5421955878618473,,,,,0.6040010072197369,-0.5653526631346861,-0.8829208936050216,0.18259027568431868,0.5420331793768641,0.0,0.0,transport_dominant_basin,transport_unrelaxed_topology_relaxed
983,hysteresis,base_stabilized_coupling,mixed_adaptive_topology_response,transition_basin,0.3348362897749438,0.4757068619207475,0.0844216360717537,0.3535898272035899,,,,,0.5817322059407879,0.14087057214580373,0.17379774519212532,0.03429105733077997,0.34485600933448407,0.14087057214580373,0.06075962188376685,transition_basin,intermediate_relaxation
984,hysteresis,base_stabilized_coupling,mixed_adaptive_topology_response,coupled_memory_basin,0.8139429005951209,0.5690063639457761,0.549943185846558,0.7826406581730855,,,,,0.9931119210038674,-0.24493653664934478,-0.17711172993065671,0.2248874952630418,0.7934055571300319,0.0,0.0,coupled_memory_basin,transport_and_topology_unrelaxed
985,hysteresis,base_stabilized_coupling,mixed_adaptive_topology_response,coupled_memory_basin,0.940357781438962,0.6815021391846912,0.7957805462784711,0.880873423197263,,,,,1.161343154638678,-0.2588556422542708,-0.1596041920528954,0.32553960305839225,0.8961026250525826,0.0,0.0,coupled_memory_basin,transport_and_topology_unrelaxed
986,hysteresis,base_stabilized_coupling,mixed_adaptive_topology_response,coupled_memory_basin,0.9742421810241416,0.79176183661315,0.9201116317171724,0.9269479532930952,,,,,1.255402179862575,-0.1824803444109916,-0.10332951827313834,0.37644393180607666,0.9442710660568311,0.0,0.0,coupled_memory_basin,transport_and_topology_unrelaxed
987,hysteresis,neutral_coupling,mixed_adaptive_topology_response,coupled_memory_basin,0.7847770378797546,0.7710445411260536,0.1522219629270988,0.7024292754931507,,,,,1.1001748422789934,-0.013732496753701029,-0.00882652415868114,0.062050246557407825,0.7095488743499481,0.0,0.0,coupled_memory_basin,transport_and_topology_unrelaxed
988,hysteresis,neutral_coupling,mixed_adaptive_topology_response,transition_basin,0.6280574540790346,0.4920013429524299,0.1151062550796924,0.5261532847247272,,,,,0.7978229672623076,-0.13605611112660465,-0.12147229367518739,0.046854125753822556,0.5252618150107946,0.0,0.0,transition_basin,intermediate_relaxation
989,hysteresis,neutral_coupling,mixed_adaptive_topology_response,transition_basin,0.2664776252577019,0.0288773982324496,0.0719558194601575,0.1991937600058349,,,,,0.2680377378125321,-0.2376002270252523,-0.8044563597286184,0.029187232935891243,0.1834432322831612,0.0,0.0,transition_basin,intermediate_relaxation
990,hysteresis,neutral_coupling,mixed_adaptive_topology_response,transition_basin,0.3378505651721678,0.4697826459312565,0.0316743899102034,0.2840432545333065,,,,,0.5786525199161631,0.1319320807590887,0.16335643327330965,0.012694984637709157,0.2721488113283725,0.1319320807590887,0.05690431450057546,transition_basin,intermediate_relaxation
991,hysteresis,neutral_coupling,mixed_adaptive_topology_response,coupled_memory_basin,0.6585711809733312,0.6469498675261387,0.0398108215132104,0.4957664668046241,,,,,0.9231793604174091,-0.011621313447192527,-0.008901666855958274,0.01602624799546951,0.49349403261025904,0.0,0.0,coupled_memory_basin,transport_and_topology_unrelaxed
992,hysteresis,neutral_coupling,mixed_adaptive_topology_response,coupled_memory_basin,0.8004678652077436,0.6976411185788483,0.1418239099989993,0.6899431221203609,,,,,1.0618153952369447,-0.10282674662889535,-0.0686376944145437,0.05779301754086584,0.6964952731334784,0.0,0.0,coupled_memory_basin,transport_and_topology_unrelaxed
993,hysteresis,neutral_coupling,mixed_adaptive_topology_response,coupled_memory_basin,0.8469538671939811,0.7026338368509896,0.2910414933499208,0.7796979705846572,,,,,1.1004658839976742,-0.14432003034299157,-0.0931344705215279,0.1188865155267357,0.7903291356624158,0.0,0.0,coupled_memory_basin,transport_and_topology_unrelaxed
994,hysteresis,neutral_coupling,mixed_adaptive_topology_response,coupled_memory_basin,0.9352958222410636,0.9496155568178356,0.0554815104022852,0.7360189160264675,,,,,1.332872079703088,0.014319734576772047,0.007597033333160748,0.02244222913242693,0.7446650353833373,0.014319734576772047,0.006176319476150358,coupled_memory_basin,transport_and_topology_unrelaxed
995,hysteresis,neutral_coupling,mixed_adaptive_topology_response,coupled_memory_basin,0.8407237399266794,0.7743108661686631,0.0970120301443411,0.6898097342841861,,,,,1.1429670705419155,-0.0664128737580163,-0.041121641299402927,0.039445886926873786,0.6963558233310798,0.0,0.0,coupled_memory_basin,transport_and_topology_unrelaxed
996,hysteresis,neutral_coupling,mixed_adaptive_topology_response,transport_dominant_basin,0.5291071626769178,0.1775896120260267,0.1159171111415782,0.4083574774706224,,,,,0.5581150955632477,-0.35151755065089113,-0.497409303725989,0.04718611098016917,0.4021126395234808,0.0,0.0,transport_dominant_basin,transport_unrelaxed_topology_relaxed
997,hysteresis,neutral_coupling,mixed_adaptive_topology_response,transition_basin,0.2944137508864092,0.5584612765499879,0.068618314787086,0.3223199030429374,,,,,0.6313148613147379,0.2640475256635787,0.3095969716184009,0.027820773096218027,0.312164986897427,0.2640475256635787,0.11388771674795224,transition_basin,intermediate_relaxation
998,hysteresis,neutral_coupling,mixed_adaptive_topology_response,coupled_memory_basin,0.7555724175795201,0.7034278421638751,0.2331086956738395,0.725452344850593,,,,,1.0323276647161435,-0.05214457541564499,-0.03573993566305484,0.09516734531463064,0.7336182540218417,0.0,0.0,coupled_memory_basin,transport_and_topology_unrelaxed
999,hysteresis,neutral_coupling,mixed_adaptive_topology_response,coupled_memory_basin,0.9060407796968244,0.7323587883047429,0.6658665187369657,0.8723723245479742,,,,,1.165014716336588,-0.17368199139208151,-0.10600710277519394,0.27234947491325506,0.8872151840323952,0.0,0.0,coupled_memory_basin,transport_and_topology_unrelaxed
1000,hysteresis,neutral_coupling,mixed_adaptive_topology_response,coupled_memory_basin,0.9529886653474148,0.7647427342902072,0.9707144033859856,0.908699226248872,,,,,1.2218915033382913,-0.18824593105720755,-0.10958985269571885,0.39716200175201366,0.9251930042685935,0.0,0.0,coupled_memory_basin,transport_and_topology_unrelaxed
1001,hysteresis,neutral_coupling,mixed_adaptive_topology_response,coupled_memory_basin,0.9774142514806718,0.9915806751476136,0.8648765889381917,0.9802543171818195,,,,,1.3923256998000573,0.014166423666941763,0.0071947486889634635,0.3538292915003754,0.9999999999989546,0.014166423666941763,0.006110194147275403,coupled_memory_basin,transport_and_topology_unrelaxed
1002,hysteresis,neutral_coupling,mixed_adaptive_topology_response,coupled_memory_basin,0.9229073519335296,0.8393162895890336,0.937194122329285,0.9158170077059282,,,,,1.2474813883270814,-0.08359106234449598,-0.04743499086882399,0.3834379407048161,0.9326342616288364,0.0,0.0,coupled_memory_basin,transport_and_topology_unrelaxed
1003,hysteresis,neutral_coupling,mixed_adaptive_topology_response,transport_dominant_basin,0.6902372381193617,0.005270527616535,0.7426313821463264,0.5894168614177467,,,,,0.6902573602273293,-0.6849667105028266,-0.9848440869342391,0.30377897486069805,0.5914004789389398,0.0,0.0,transport_dominant_basin,transport_unrelaxed_topology_relaxed
1004,hysteresis,neutral_coupling,mixed_adaptive_topology_response,transition_basin,0.211911500706154,0.4122513384978026,0.0468332340526571,0.2394734778635697,,,,,0.4635273996483532,0.2003398377916486,0.3209736709843806,0.018901403434260396,0.22555350902960977,0.2003398377916486,0.08640962130740058,transition_basin,intermediate_relaxation
1005,hysteresis,neutral_coupling,mixed_adaptive_topology_response,transition_basin,0.80173969527965,0.4758986356991448,0.772855185639105,0.7611095614242764,,,,,0.9323443840381157,-0.32584105958050524,-0.255033879056074,0.31615337361683493,0.7708959545069639,0.0,0.0,transition_basin,intermediate_relaxation
1006,hysteresis,neutral_coupling,mixed_adaptive_topology_response,coupled_memory_basin,0.946003831619622,0.6070708159484648,1.1488096261974974,0.8695108732249619,,,,,1.1240365763689992,-0.3389330156711572,-0.21823356411210756,0.47007874448292947,0.8842236907072898,0.0,0.0,coupled_memory_basin,transport_and_topology_unrelaxed
1007,hysteresis,neutral_coupling,mixed_adaptive_topology_response,coupled_memory_basin,0.98159876837091,0.7665607929641133,1.3236172860741,0.927596002640789,,,,,1.2454523641541082,-0.2150379754067967,-0.12300820826815996,0.5416494748000807,0.9449485667650814,0.0,0.0,coupled_memory_basin,transport_and_topology_unrelaxed
1008,hysteresis,neutral_coupling,stable_synchronization_island,topology_only_basin,0.0,0.8529618059540844,0.1255494270566952,0.3313251853820785,,,,,0.8529618059540844,0.8529618059540844,0.9999999999988276,0.05112982766384932,0.3215795248249393,0.8529618059540844,0.3678954093934151,topology_only_basin,transport_relaxed_topology_persistent
1009,hysteresis,neutral_coupling,stable_synchronization_island,topology_only_basin,0.0,0.6692279704248792,0.1192643196781726,0.2776886452672842,,,,,0.6692279704248792,0.6692279704248792,0.9999999999985058,0.048556543829948014,0.265505409411982,0.6692279704248792,0.2886482096130793,topology_only_basin,transport_relaxed_topology_persistent
1010,hysteresis,neutral_coupling,stable_synchronization_island,transition_basin,0.0,0.2780800239090612,0.1161696025641045,0.1709730872097583,,,,,0.2780800239090612,0.2780800239090612,0.999999999996404,0.04728948743130283,0.15394003800531056,0.2780800239090612,0.11994014682254349,transition_basin,intermediate_relaxation
1011,hysteresis,neutral_coupling,stable_synchronization_island,transition_basin,0.0,0.3605308923270146,0.1132944002134141,0.1882594737820337,,,,,0.3605308923270146,0.3605308923270146,0.9999999999972263,0.04611230599546779,0.1720120246333109,0.3605308923270146,0.1555024613127405,transition_basin,intermediate_relaxation
1012,hysteresis,neutral_coupling,stable_synchronization_island,topology_only_basin,0.0,0.7070050326959663,0.1084536422402231,0.2685754878658683,,,,,0.7070050326959663,0.7070050326959663,0.9999999999985856,0.04413037577756763,0.2559780939138205,0.7070050326959663,0.30494203155550076,topology_only_basin,transport_relaxed_topology_persistent
1013,hysteresis,neutral_coupling,stable_synchronization_island,topology_only_basin,0.0,0.8698744325253602,0.0969185660001823,0.2980883560304997,,,,,0.8698744325253602,0.8698744325253602,0.9999999999988505,0.03940762031395399,0.28683220889008587,0.8698744325253602,0.3751900826518475,topology_only_basin,transport_relaxed_topology_persistent
1014,hysteresis,neutral_coupling,stable_synchronization_island,topology_only_basin,0.0,0.9472519380725672,0.0633588465485197,0.2775167660307468,,,,,0.9472519380725672,0.9472519380725672,0.9999999999989443,0.02566741217839686,0.2653257189225123,0.9472519380725672,0.40856417851688953,topology_only_basin,transport_relaxed_topology_persistent
1015,hysteresis,neutral_coupling,stable_synchronization_island,topology_only_basin,0.0,0.9806499559483866,0.0744345828363677,0.3017976430487213,,,,,0.9806499559483866,0.9806499559483866,0.9999999999989803,0.030202102108352013,0.2907100687951876,0.9806499559483866,0.4229692519604882,topology_only_basin,transport_relaxed_topology_persistent
1016,hysteresis,neutral_coupling,stable_synchronization_island,topology_only_basin,0.0,0.9109462247474358,0.0717139694969706,0.2808703096882595,,,,,0.9109462247474358,0.9109462247474358,0.9999999999989022,0.029088213370589124,0.26883166829380456,0.9109462247474358,0.39290497176949124,topology_only_basin,transport_relaxed_topology_persistent
1017,hysteresis,neutral_coupling,stable_synchronization_island,topology_only_basin,0.0,0.5973478998954794,0.0711369910848072,0.2017704483632256,,,,,0.5973478998954794,0.5973478998954794,0.999999999998326,0.02885198364035353,0.18613702125661694,0.5973478998954794,0.2576452411448,topology_only_basin,transport_relaxed_topology_persistent
1018,hysteresis,neutral_coupling,stable_synchronization_island,transition_basin,0.0,0.448981726467288,0.0708080431574771,0.1608273643899312,,,,,0.448981726467288,0.448981726467288,0.9999999999977728,0.028717303939178263,0.14333323094562217,0.448981726467288,0.1936526523413135,transition_basin,intermediate_relaxation
1019,hysteresis,neutral_coupling,stable_synchronization_island,topology_only_basin,0.0,0.8780013549492363,0.0698154838819875,0.2673819913983735,,,,,0.8780013549492363,0.8780013549492363,0.999999999998861,0.028310924766320508,0.25473035760346135,0.8780013549492363,0.3786953479888998,topology_only_basin,transport_relaxed_topology_persistent
1020,hysteresis,neutral_coupling,stable_synchronization_island,topology_only_basin,0.0,0.9733511858373168,0.0652552918287852,0.2887684687282367,,,,,0.9733511858373168,0.9733511858373168,0.9999999999989726,0.026443865417407834,0.2770887684089445,0.9733511858373168,0.4198211813208223,topology_only_basin,transport_relaxed_topology_persistent
1021,hysteresis,neutral_coupling,stable_synchronization_island,topology_only_basin,0.0,0.9945142944831966,0.0447820193083763,0.2804037837048327,,,,,0.9945142944831966,0.9945142944831966,0.9999999999989945,0.01806158361521404,0.26834394049141785,0.9945142944831966,0.42894915219239543,topology_only_basin,transport_relaxed_topology_persistent
1022,hysteresis,neutral_coupling,stable_synchronization_island,topology_only_basin,0.0,0.9997359209566647,0.0012208254484442,0.2505467253372054,,,,,0.9997359209566647,0.9997359209566647,0.9999999999989998,0.00022651585992718894,0.23712999318582068,0.9997359209566647,0.43120131916604704,topology_only_basin,transport_relaxed_topology_persistent
1023,hysteresis,neutral_coupling,stable_synchronization_island,topology_only_basin,0.0,0.99459644265667,0.0018895079400493,0.2499621358742515,,,,,0.99459644265667,0.99459644265667,0.9999999999989946,0.0005002915875369092,0.2365188363709941,0.99459644265667,0.42898458394994887,topology_only_basin,transport_relaxed_topology_persistent
1024,hysteresis,neutral_coupling,stable_synchronization_island,topology_only_basin,0.0,0.8897964759619863,0.0019105064167153,0.2244624243126254,,,,,0.8897964759619863,0.8897964759619863,0.9999999999988761,0.0005088889013593937,0.2098602605932968,0.8897964759619863,0.3837827632090652,topology_only_basin,transport_relaxed_topology_persistent
1025,hysteresis,neutral_coupling,stable_synchronization_island,topology_only_basin,0.0,0.5550019683078365,0.0019124445866496,0.1414640775111328,,,,,0.5550019683078365,0.5550019683078365,0.9999999999981982,0.0005096824377397474,0.12308995684755149,0.5550019683078365,0.2393807963257783,topology_only_basin,transport_relaxed_topology_persistent
1026,hysteresis,neutral_coupling,stable_synchronization_island,topology_only_basin,0.0,0.9781781148633002,0.0019310728683179,0.2479583942620435,,,,,0.9781781148633002,0.9781781148633002,0.9999999999989777,0.0005173093330628413,0.23442403237766743,0.9781781148633002,0.42190310927789043,topology_only_basin,transport_relaxed_topology_persistent
1027,hysteresis,neutral_coupling,stable_synchronization_island,topology_only_basin,0.0,0.9989310440506008,0.0023107487441413,0.2538469066709135,,,,,0.9989310440506008,0.9989310440506008,0.9999999999989989,0.000672758354780006,0.24058015512009115,0.9989310440506008,0.4308541635058514,topology_only_basin,transport_relaxed_topology_persistent
1028,hysteresis,neutral_coupling,stable_synchronization_island,topology_only_basin,0.0,0.9999482667506884,0.0064299591517404,0.2583028930182043,,,,,0.9999482667506884,0.9999482667506884,0.999999999999,0.0023592685306498096,0.24523864897860215,0.9999482667506884,0.4312929071390137,topology_only_basin,transport_relaxed_topology_persistent
1029,hysteresis,neutral_coupling,stable_synchronization_island,topology_only_basin,0.0,0.8529618059540844,0.1255494270566952,0.3313251853820785,,,,,0.8529618059540844,0.8529618059540844,0.9999999999988276,0.05112982766384932,0.3215795248249393,0.8529618059540844,0.3678954093934151,topology_only_basin,transport_relaxed_topology_persistent
1030,hysteresis,neutral_coupling,stable_synchronization_island,topology_only_basin,0.0,0.6692279704248792,0.1192643196781726,0.2776886452672842,,,,,0.6692279704248792,0.6692279704248792,0.9999999999985058,0.048556543829948014,0.265505409411982,0.6692279704248792,0.2886482096130793,topology_only_basin,transport_relaxed_topology_persistent
1031,hysteresis,neutral_coupling,stable_synchronization_island,transition_basin,0.0,0.2780800239090612,0.1161696025641045,0.1709730872097583,,,,,0.2780800239090612,0.2780800239090612,0.999999999996404,0.04728948743130283,0.15394003800531056,0.2780800239090612,0.11994014682254349,transition_basin,intermediate_relaxation
1032,hysteresis,neutral_coupling,stable_synchronization_island,transition_basin,0.0,0.3605308923270146,0.1132944002134141,0.1882594737820337,,,,,0.3605308923270146,0.3605308923270146,0.9999999999972263,0.04611230599546779,0.1720120246333109,0.3605308923270146,0.1555024613127405,transition_basin,intermediate_relaxation
1033,hysteresis,neutral_coupling,stable_synchronization_island,topology_only_basin,0.0,0.7070050326959663,0.1084536422402231,0.2685754878658683,,,,,0.7070050326959663,0.7070050326959663,0.9999999999985856,0.04413037577756763,0.2559780939138205,0.7070050326959663,0.30494203155550076,topology_only_basin,transport_relaxed_topology_persistent
1034,hysteresis,neutral_coupling,stable_synchronization_island,topology_only_basin,0.0,0.8698744325253602,0.0969185660001823,0.2980883560304997,,,,,0.8698744325253602,0.8698744325253602,0.9999999999988505,0.03940762031395399,0.28683220889008587,0.8698744325253602,0.3751900826518475,topology_only_basin,transport_relaxed_topology_persistent
1035,hysteresis,neutral_coupling,stable_synchronization_island,topology_only_basin,0.0,0.9472519380725672,0.0633588465485197,0.2775167660307468,,,,,0.9472519380725672,0.9472519380725672,0.9999999999989443,0.02566741217839686,0.2653257189225123,0.9472519380725672,0.40856417851688953,topology_only_basin,transport_relaxed_topology_persistent
1036,hysteresis,neutral_coupling,stable_synchronization_island,topology_only_basin,0.0,0.9806499559483866,0.0744345828363677,0.3017976430487213,,,,,0.9806499559483866,0.9806499559483866,0.9999999999989803,0.030202102108352013,0.2907100687951876,0.9806499559483866,0.4229692519604882,topology_only_basin,transport_relaxed_topology_persistent
1037,hysteresis,neutral_coupling,stable_synchronization_island,topology_only_basin,0.0,0.9109462247474358,0.0717139694969706,0.2808703096882595,,,,,0.9109462247474358,0.9109462247474358,0.9999999999989022,0.029088213370589124,0.26883166829380456,0.9109462247474358,0.39290497176949124,topology_only_basin,transport_relaxed_topology_persistent
1038,hysteresis,neutral_coupling,stable_synchronization_island,topology_only_basin,0.0,0.5973478998954794,0.0711369910848072,0.2017704483632256,,,,,0.5973478998954794,0.5973478998954794,0.999999999998326,0.02885198364035353,0.18613702125661694,0.5973478998954794,0.2576452411448,topology_only_basin,transport_relaxed_topology_persistent
1039,hysteresis,neutral_coupling,stable_synchronization_island,transition_basin,0.0,0.448981726467288,0.0708080431574771,0.1608273643899312,,,,,0.448981726467288,0.448981726467288,0.9999999999977728,0.028717303939178263,0.14333323094562217,0.448981726467288,0.1936526523413135,transition_basin,intermediate_relaxation
1040,hysteresis,neutral_coupling,stable_synchronization_island,topology_only_basin,0.0,0.8780013549492363,0.0698154838819875,0.2673819913983735,,,,,0.8780013549492363,0.8780013549492363,0.999999999998861,0.028310924766320508,0.25473035760346135,0.8780013549492363,0.3786953479888998,topology_only_basin,transport_relaxed_topology_persistent
1041,hysteresis,neutral_coupling,stable_synchronization_island,topology_only_basin,0.0,0.9733511858373168,0.0652552918287852,0.2887684687282367,,,,,0.9733511858373168,0.9733511858373168,0.9999999999989726,0.026443865417407834,0.2770887684089445,0.9733511858373168,0.4198211813208223,topology_only_basin,transport_relaxed_topology_persistent
1042,hysteresis,neutral_coupling,stable_synchronization_island,topology_only_basin,0.0,0.9945142944831966,0.0447820193083763,0.2804037837048327,,,,,0.9945142944831966,0.9945142944831966,0.9999999999989945,0.01806158361521404,0.26834394049141785,0.9945142944831966,0.42894915219239543,topology_only_basin,transport_relaxed_topology_persistent
1043,hysteresis,neutral_coupling,stable_synchronization_island,topology_only_basin,0.0,0.9997359209566647,0.0012208254484442,0.2505467253372054,,,,,0.9997359209566647,0.9997359209566647,0.9999999999989998,0.00022651585992718894,0.23712999318582068,0.9997359209566647,0.43120131916604704,topology_only_basin,transport_relaxed_topology_persistent
1044,hysteresis,neutral_coupling,stable_synchronization_island,topology_only_basin,0.0,0.99459644265667,0.0018895079400493,0.2499621358742515,,,,,0.99459644265667,0.99459644265667,0.9999999999989946,0.0005002915875369092,0.2365188363709941,0.99459644265667,0.42898458394994887,topology_only_basin,transport_relaxed_topology_persistent
1045,hysteresis,neutral_coupling,stable_synchronization_island,topology_only_basin,0.0,0.8897964759619863,0.0019105064167153,0.2244624243126254,,,,,0.8897964759619863,0.8897964759619863,0.9999999999988761,0.0005088889013593937,0.2098602605932968,0.8897964759619863,0.3837827632090652,topology_only_basin,transport_relaxed_topology_persistent
1046,hysteresis,neutral_coupling,stable_synchronization_island,topology_only_basin,0.0,0.5550019683078365,0.0019124445866496,0.1414640775111328,,,,,0.5550019683078365,0.5550019683078365,0.9999999999981982,0.0005096824377397474,0.12308995684755149,0.5550019683078365,0.2393807963257783,topology_only_basin,transport_relaxed_topology_persistent
1047,hysteresis,neutral_coupling,stable_synchronization_island,topology_only_basin,0.0,0.9781781148633002,0.0019310728683179,0.2479583942620435,,,,,0.9781781148633002,0.9781781148633002,0.9999999999989777,0.0005173093330628413,0.23442403237766743,0.9781781148633002,0.42190310927789043,topology_only_basin,transport_relaxed_topology_persistent
1048,hysteresis,neutral_coupling,stable_synchronization_island,topology_only_basin,0.0,0.9989310440506008,0.0023107487441413,0.2538469066709135,,,,,0.9989310440506008,0.9989310440506008,0.9999999999989989,0.000672758354780006,0.24058015512009115,0.9989310440506008,0.4308541635058514,topology_only_basin,transport_relaxed_topology_persistent
1049,hysteresis,neutral_coupling,stable_synchronization_island,topology_only_basin,0.0,0.9999482667506884,0.0064299591517404,0.2583028930182043,,,,,0.9999482667506884,0.9999482667506884,0.999999999999,0.0023592685306498096,0.24523864897860215,0.9999482667506884,0.4312929071390137,topology_only_basin,transport_relaxed_topology_persistent
1050,hysteresis,suppression_sensitive_coupling,stable_synchronization_island,topology_only_basin,0.0,0.8924425318939314,0.1566688341967945,0.3634292604244632,,,,,0.8924425318939314,0.8924425318939314,0.9999999999988795,0.06387090947700268,0.35514260710616163,0.8924425318939314,0.3849240474067462,topology_only_basin,transport_relaxed_topology_persistent
1051,hysteresis,suppression_sensitive_coupling,stable_synchronization_island,topology_only_basin,0.0,0.7452412854187719,0.1499717700847815,0.3240028983855053,,,,,0.7452412854187719,0.7452412854187719,0.9999999999986582,0.06112896001199694,0.31392446793174883,0.7452412854187719,0.3214339093288461,topology_only_basin,transport_relaxed_topology_persistent
1052,hysteresis,suppression_sensitive_coupling,stable_synchronization_island,transition_basin,0.0,0.4337025274018214,0.1475839542796042,0.2450677887132004,,,,,0.4337025274018214,0.4337025274018214,0.9999999999976943,0.06015132710300421,0.23140205987884,0.4337025274018214,0.18706250122768217,transition_basin,intermediate_relaxation
1053,hysteresis,suppression_sensitive_coupling,stable_synchronization_island,transition_basin,0.0,0.1904187562116685,0.1460954482138841,0.1838967058596398,,,,,0.1904187562116685,0.1904187562116685,0.9999999999947484,0.05954189462000947,0.1674509856200434,0.1904187562116685,0.08213050781836269,transition_basin,intermediate_relaxation
1054,hysteresis,suppression_sensitive_coupling,stable_synchronization_island,topology_only_basin,0.0,0.6294218812255071,0.1442350513713428,0.2925970669450322,,,,,0.6294218812255071,0.6294218812255071,0.9999999999984113,0.058780200534095876,0.2810913617495842,0.6294218812255071,0.2714792374737311,topology_only_basin,transport_relaxed_topology_persistent
1055,hysteresis,suppression_sensitive_coupling,stable_synchronization_island,topology_only_basin,0.0,0.8343876102245451,0.1402652168469487,0.3405121686625788,,,,,0.8343876102245451,0.8343876102245451,0.9999999999988015,0.05715484866822404,0.33118402130560604,0.8343876102245451,0.35988407606714873,topology_only_basin,transport_relaxed_topology_persistent
1056,hysteresis,suppression_sensitive_coupling,stable_synchronization_island,topology_only_basin,0.0,0.9317548131847688,0.1274057165309106,0.3559253979740633,,,,,0.9317548131847688,0.9317548131847688,0.9999999999989267,0.0518898400880384,0.3472977228502769,0.9317548131847688,0.4018800326791515,topology_only_basin,transport_relaxed_topology_persistent
1057,hysteresis,suppression_sensitive_coupling,stable_synchronization_island,topology_only_basin,0.0,0.9867164984459912,0.1424176252184552,0.3805201610260635,,,,,0.9867164984459912,0.9867164984459912,0.9999999999989866,0.058036099748401036,0.37301022367491155,0.9867164984459912,0.4255858440753747,topology_only_basin,transport_relaxed_topology_persistent
1058,hysteresis,suppression_sensitive_coupling,stable_synchronization_island,topology_only_basin,0.0,0.9372497795650876,0.1385512514080153,0.3648271507736249,,,,,0.9372497795650876,0.9372497795650876,0.9999999999989331,0.05645310734699467,0.35660402621719656,0.9372497795650876,0.40425009531499156,topology_only_basin,transport_relaxed_topology_persistent
1059,hysteresis,suppression_sensitive_coupling,stable_synchronization_island,topology_only_basin,0.0,0.7148028887732522,0.1377921004757376,0.3088652880196436,,,,,0.7148028887732522,0.7148028887732522,0.999999999998601,0.056142291524150206,0.2980989111580452,0.7148028887732522,0.30830536556872207,topology_only_basin,transport_relaxed_topology_persistent
1060,hysteresis,suppression_sensitive_coupling,stable_synchronization_island,transition_basin,0.0,0.2227866679238821,0.137558610954624,0.1855110927512786,,,,,0.2227866679238821,0.2227866679238821,0.9999999999955114,0.05604669493782614,0.16913874021214007,0.2227866679238821,0.0960912807948912,transition_basin,intermediate_relaxation
1061,hysteresis,suppression_sensitive_coupling,stable_synchronization_island,topology_only_basin,0.0,0.8278129960024421,0.1371906085822152,0.3360673946588738,,,,,0.8278129960024421,0.8278129960024421,0.9999999999987921,0.055896025347201034,0.326537249348749,0.8278129960024421,0.3570483448843922,topology_only_basin,transport_relaxed_topology_persistent
1062,hysteresis,suppression_sensitive_coupling,stable_synchronization_island,topology_only_basin,0.0,0.962231554299348,0.1356253677106504,0.3693218941770779,,,,,0.962231554299348,0.962231554299348,0.9999999999989607,0.055255175670595166,0.3613030384916168,0.962231554299348,0.415025114992402,topology_only_basin,transport_relaxed_topology_persistent
1063,hysteresis,suppression_sensitive_coupling,stable_synchronization_island,topology_only_basin,0.0,0.9921399612322962,0.1271392926104031,0.3706715449299227,,,,,0.9921399612322962,0.9921399612322962,0.9999999999989921,0.05178075931561607,0.3627140257014598,0.9921399612322962,0.4279250661227978,topology_only_basin,transport_relaxed_topology_persistent
1064,hysteresis,suppression_sensitive_coupling,stable_synchronization_island,topology_only_basin,0.0,0.9998376084107208,0.1211825570495914,0.3652430155480583,,,,,0.9998376084107208,0.9998376084107208,0.9999999999989999,0.04934191930886587,0.3570387904526945,0.9998376084107208,0.431245178512713,topology_only_basin,transport_relaxed_topology_persistent
1065,hysteresis,suppression_sensitive_coupling,stable_synchronization_island,topology_only_basin,0.0,0.996659059989515,0.1202496073904475,0.3632228882466785,,,,,0.996659059989515,0.996659059989515,0.9999999999989967,0.04895994583870329,0.3549268561033871,0.996659059989515,0.42987422219962423,topology_only_basin,transport_relaxed_topology_persistent
1066,hysteresis,suppression_sensitive_coupling,stable_synchronization_island,topology_only_basin,0.0,0.931845020910352,0.1202048860738158,0.3466692384208653,,,,,0.931845020910352,0.931845020910352,0.9999999999989269,0.048941635786990824,0.3376209063002919,0.931845020910352,0.40191894064420014,topology_only_basin,transport_relaxed_topology_persistent
1067,hysteresis,suppression_sensitive_coupling,stable_synchronization_island,transition_basin,0.0,0.2804667533002608,0.120202382789798,0.1834745314623201,,,,,0.2804667533002608,0.2804667533002608,0.9999999999964346,0.04894061087844007,0.16700962501346747,0.2804667533002608,0.1209695795361273,transition_basin,intermediate_relaxation
1068,hysteresis,suppression_sensitive_coupling,stable_synchronization_island,topology_only_basin,0.0,0.9647147222014288,0.1201958890837007,0.3541863836315897,,,,,0.9647147222014288,0.9647147222014288,0.9999999999989635,0.048937952188951424,0.34547967696707954,0.9647147222014288,0.416096143103569,topology_only_basin,transport_relaxed_topology_persistent
1069,hysteresis,suppression_sensitive_coupling,stable_synchronization_island,topology_only_basin,0.0,0.9982708189033892,0.1200654212776406,0.3622252677510574,,,,,0.9982708189033892,0.9982708189033892,0.9999999999989982,0.048884535329706304,0.3538838975775377,0.9982708189033892,0.43056939835091745,topology_only_basin,transport_relaxed_topology_persistent
1070,hysteresis,suppression_sensitive_coupling,stable_synchronization_island,topology_only_basin,0.0,0.9999164420482876,0.1173432093043058,0.3552837323608114,,,,,0.9999164420482876,0.9999164420482876,0.9999999999989999,0.047769992070290805,0.34662689599274643,0.9999164420482876,0.4312791806604811,topology_only_basin,transport_relaxed_topology_persistent
1071,hysteresis,base_stabilized_coupling,stable_synchronization_island,topology_only_basin,0.0,0.721148130025146,0.1961388437813869,0.3391630829264546,,,,,0.721148130025146,0.721148130025146,0.9999999999986133,0.08003094167232148,0.3297736247903294,0.721148130025146,0.3110421646982614,topology_only_basin,transport_relaxed_topology_persistent
1072,hysteresis,base_stabilized_coupling,stable_synchronization_island,transition_basin,0.0,0.3679651825082483,0.1633928490423142,0.2337104833021321,,,,,0.3679651825082483,0.3679651825082483,0.9999999999972824,0.06662389326213498,0.21952860843999916,0.3679651825082483,0.15870898382134818,transition_basin,intermediate_relaxation
1073,hysteresis,base_stabilized_coupling,stable_synchronization_island,transition_basin,0.0,0.280971894022401,0.1433257732072284,0.2047842900322108,,,,,0.280971894022401,0.280971894022401,0.999999999996441,0.058407918779892175,0.18928783048520179,0.280971894022401,0.12118745441806905,transition_basin,intermediate_relaxation
1074,hysteresis,base_stabilized_coupling,stable_synchronization_island,topology_only_basin,0.0,0.6727620353413364,0.1285042789683048,0.29187748362525,,,,,0.6727620353413364,0.6727620353413364,0.9999999999985136,0.05233961966862883,0.28033907612421866,0.6727620353413364,0.2901725056017005,topology_only_basin,transport_relaxed_topology_persistent
1075,hysteresis,base_stabilized_coupling,stable_synchronization_island,topology_only_basin,0.0,0.8497281353909787,0.1126129512927844,0.3086330142399015,,,,,0.8497281353909787,0.8497281353909787,0.9999999999988232,0.045833303365046846,0.2978560814247182,0.8497281353909787,0.3665006780615397,topology_only_basin,transport_relaxed_topology_persistent
1076,hysteresis,base_stabilized_coupling,stable_synchronization_island,topology_only_basin,0.0,0.9276427816139436,0.1067863729907419,0.3193581743950825,,,,,0.9276427816139436,0.9276427816139436,0.999999999998922,0.04344775307153214,0.3090686590271685,0.9276427816139436,0.4001064508755733,topology_only_basin,transport_relaxed_topology_persistent
1077,hysteresis,base_stabilized_coupling,stable_synchronization_island,coupled_memory_basin,0.9999999999838048,0.9631618919983994,0.1100783920415899,0.8340152629101386,,,,,1.3884094605574921,-0.03683810798540543,-0.01876468167797982,0.0447955899332205,0.8471149408664744,0.0,0.0,coupled_memory_basin,transport_and_topology_unrelaxed
1078,hysteresis,base_stabilized_coupling,stable_synchronization_island,topology_only_basin,0.0,0.949312357932598,0.1142673533462343,0.3365052603514968,,,,,0.949312357932598,0.949312357932598,0.9999999999989466,0.04651065791167935,0.32699501435989564,0.949312357932598,0.4094528689630936,topology_only_basin,transport_relaxed_topology_persistent
1079,hysteresis,base_stabilized_coupling,stable_synchronization_island,topology_only_basin,0.0,0.769900351723264,0.0766115209694802,0.2555878330288552,,,,,0.769900351723264,0.769900351723264,0.9999999999987012,0.031093396300792445,0.24240019991253584,0.769900351723264,0.3320697399487213,topology_only_basin,transport_relaxed_topology_persistent
1080,hysteresis,base_stabilized_coupling,stable_synchronization_island,erased_basin,0.0,0.0201317642475736,0.0536474658451213,0.0413599718742183,,,,,0.0201317642475736,0.0201317642475736,0.9999999999503273,0.021691324346657954,0.018436503049420648,0.0201317642475736,0.008683136335030104,erased_basin,transport_and_topology_relaxed
1081,hysteresis,base_stabilized_coupling,stable_synchronization_island,topology_only_basin,0.0,0.7778552812334465,0.0338243306083532,0.216610178851779,,,,,0.7778552812334465,0.7778552812334465,0.9999999999987145,0.013575225389251547,0.20165116065359126,0.7778552812334465,0.33550082212428345,topology_only_basin,transport_relaxed_topology_persistent
1082,hysteresis,base_stabilized_coupling,stable_synchronization_island,topology_only_basin,0.0,0.9464143493825824,0.0183210523039365,0.253672915076738,,,,,0.9464143493825824,0.9464143493825824,0.9999999999989434,0.007227786430681842,0.2403982562744199,0.9464143493825824,0.4082029137663998,topology_only_basin,transport_relaxed_topology_persistent
1083,hysteresis,base_stabilized_coupling,stable_synchronization_island,topology_only_basin,0.0,0.9842443335114232,0.0719167217070215,0.3000701870193124,,,,,0.9842443335114232,0.9842443335114232,0.999999999998984,0.02917122531501423,0.2889041065061106,0.9842443335114232,0.42451956171156635,topology_only_basin,transport_relaxed_topology_persistent
1084,hysteresis,base_stabilized_coupling,stable_synchronization_island,coupled_memory_basin,0.999999999954465,0.9929410038972778,0.318275008101315,0.9571813293907606,,,,,1.4092309381820511,-0.0070589960571871835,-0.003541999509037533,0.13003661353294485,0.9758784332918445,0.0,0.0,coupled_memory_basin,transport_and_topology_unrelaxed
1085,hysteresis,base_stabilized_coupling,stable_synchronization_island,topology_only_basin,0.0,0.9986180286220622,0.1254235677888147,0.3668638909090169,,,,,0.9986180286220622,0.9986180286220622,0.9999999999989987,0.05107829765809472,0.35873332839018796,0.9986180286220622,0.43071915518727855,topology_only_basin,transport_relaxed_topology_persistent
1086,hysteresis,base_stabilized_coupling,stable_synchronization_island,topology_only_basin,0.0,0.9729614127170214,0.1916533339400867,0.3996654232072665,,,,,0.9729614127170214,0.9729614127170214,0.9999999999989723,0.07819445913252179,0.39302556468800554,0.9729614127170214,0.41965306624150617,topology_only_basin,transport_relaxed_topology_persistent
1087,hysteresis,base_stabilized_coupling,stable_synchronization_island,topology_only_basin,0.0,0.544256112944937,0.1857292452950347,0.2891627677320326,,,,,0.544256112944937,0.544256112944937,0.9999999999981627,0.0757689856087116,0.2775009867921352,0.544256112944937,0.234745945350717,topology_only_basin,transport_relaxed_topology_persistent
1088,hysteresis,base_stabilized_coupling,stable_synchronization_island,topology_only_basin,0.0,0.8498389427098945,0.1014369270948361,0.2962307440808349,,,,,0.8498389427098945,0.8498389427098945,0.9999999999988234,0.041257552997734856,0.28489017559272817,0.8498389427098945,0.36654847094472826,topology_only_basin,transport_relaxed_topology_persistent
1089,hysteresis,base_stabilized_coupling,stable_synchronization_island,topology_only_basin,0.0,0.9683818501223388,0.6825016004477562,0.4853552664521533,,,,,0.9683818501223388,0.9683818501223388,0.9999999999989674,0.2791603031559488,0.4826096830809567,0.9683818501223388,0.4176778311912931,topology_only_basin,transport_relaxed_topology_persistent
1090,hysteresis,base_stabilized_coupling,stable_synchronization_island,topology_only_basin,0.0,0.9884823416365368,1.858400387418424,0.4952823501150165,,,,,0.9884823416365368,0.9884823416365368,0.9999999999989884,0.760603364758351,0.4929879146714752,0.9884823416365368,0.4263474791204324,topology_only_basin,transport_relaxed_topology_persistent
1091,hysteresis,base_stabilized_coupling,stable_synchronization_island,topology_only_basin,0.0,0.9947983514887564,2.4431137947486428,0.498261912802161,,,,,0.9947983514887564,0.9947983514887564,0.9999999999989948,0.9999999999995905,0.4961028870697973,0.9947983514887564,0.4290716703023764,topology_only_basin,transport_relaxed_topology_persistent
1092,hysteresis,base_stabilized_coupling,stable_synchronization_island,topology_only_basin,0.0,0.721148130025146,0.1961388437813869,0.3391630829264546,,,,,0.721148130025146,0.721148130025146,0.9999999999986133,0.08003094167232148,0.3297736247903294,0.721148130025146,0.3110421646982614,topology_only_basin,transport_relaxed_topology_persistent
1093,hysteresis,base_stabilized_coupling,stable_synchronization_island,transition_basin,0.0,0.3679651825082483,0.1633928490423142,0.2337104833021321,,,,,0.3679651825082483,0.3679651825082483,0.9999999999972824,0.06662389326213498,0.21952860843999916,0.3679651825082483,0.15870898382134818,transition_basin,intermediate_relaxation
1094,hysteresis,base_stabilized_coupling,stable_synchronization_island,transition_basin,0.0,0.280971894022401,0.1433257732072284,0.2047842900322108,,,,,0.280971894022401,0.280971894022401,0.999999999996441,0.058407918779892175,0.18928783048520179,0.280971894022401,0.12118745441806905,transition_basin,intermediate_relaxation
1095,hysteresis,base_stabilized_coupling,stable_synchronization_island,topology_only_basin,0.0,0.6727620353413364,0.1285042789683048,0.29187748362525,,,,,0.6727620353413364,0.6727620353413364,0.9999999999985136,0.05233961966862883,0.28033907612421866,0.6727620353413364,0.2901725056017005,topology_only_basin,transport_relaxed_topology_persistent
1096,hysteresis,base_stabilized_coupling,stable_synchronization_island,topology_only_basin,0.0,0.8497281353909787,0.1126129512927844,0.3086330142399015,,,,,0.8497281353909787,0.8497281353909787,0.9999999999988232,0.045833303365046846,0.2978560814247182,0.8497281353909787,0.3665006780615397,topology_only_basin,transport_relaxed_topology_persistent
1097,hysteresis,base_stabilized_coupling,stable_synchronization_island,topology_only_basin,0.0,0.9276427816139436,0.1067863729907419,0.3193581743950825,,,,,0.9276427816139436,0.9276427816139436,0.999999999998922,0.04344775307153214,0.3090686590271685,0.9276427816139436,0.4001064508755733,topology_only_basin,transport_relaxed_topology_persistent
1098,hysteresis,base_stabilized_coupling,stable_synchronization_island,coupled_memory_basin,0.9999999999838048,0.9631618919983994,0.1100783920415899,0.8340152629101386,,,,,1.3884094605574921,-0.03683810798540543,-0.01876468167797982,0.0447955899332205,0.8471149408664744,0.0,0.0,coupled_memory_basin,transport_and_topology_unrelaxed
1099,hysteresis,base_stabilized_coupling,stable_synchronization_island,topology_only_basin,0.0,0.949312357932598,0.1142673533462343,0.3365052603514968,,,,,0.949312357932598,0.949312357932598,0.9999999999989466,0.04651065791167935,0.32699501435989564,0.949312357932598,0.4094528689630936,topology_only_basin,transport_relaxed_topology_persistent
1100,hysteresis,base_stabilized_coupling,stable_synchronization_island,topology_only_basin,0.0,0.769900351723264,0.0766115209694802,0.2555878330288552,,,,,0.769900351723264,0.769900351723264,0.9999999999987012,0.031093396300792445,0.24240019991253584,0.769900351723264,0.3320697399487213,topology_only_basin,transport_relaxed_topology_persistent
1101,hysteresis,base_stabilized_coupling,stable_synchronization_island,erased_basin,0.0,0.0201317642475736,0.0536474658451213,0.0413599718742183,,,,,0.0201317642475736,0.0201317642475736,0.9999999999503273,0.021691324346657954,0.018436503049420648,0.0201317642475736,0.008683136335030104,erased_basin,transport_and_topology_relaxed
1102,hysteresis,base_stabilized_coupling,stable_synchronization_island,topology_only_basin,0.0,0.7778552812334465,0.0338243306083532,0.216610178851779,,,,,0.7778552812334465,0.7778552812334465,0.9999999999987145,0.013575225389251547,0.20165116065359126,0.7778552812334465,0.33550082212428345,topology_only_basin,transport_relaxed_topology_persistent
1103,hysteresis,base_stabilized_coupling,stable_synchronization_island,topology_only_basin,0.0,0.9464143493825824,0.0183210523039365,0.253672915076738,,,,,0.9464143493825824,0.9464143493825824,0.9999999999989434,0.007227786430681842,0.2403982562744199,0.9464143493825824,0.4082029137663998,topology_only_basin,transport_relaxed_topology_persistent
1104,hysteresis,base_stabilized_coupling,stable_synchronization_island,topology_only_basin,0.0,0.9842443335114232,0.0719167217070215,0.3000701870193124,,,,,0.9842443335114232,0.9842443335114232,0.999999999998984,0.02917122531501423,0.2889041065061106,0.9842443335114232,0.42451956171156635,topology_only_basin,transport_relaxed_topology_persistent
1105,hysteresis,base_stabilized_coupling,stable_synchronization_island,coupled_memory_basin,0.999999999954465,0.9929410038972778,0.318275008101315,0.9571813293907606,,,,,1.4092309381820511,-0.0070589960571871835,-0.003541999509037533,0.13003661353294485,0.9758784332918445,0.0,0.0,coupled_memory_basin,transport_and_topology_unrelaxed
1106,hysteresis,base_stabilized_coupling,stable_synchronization_island,topology_only_basin,0.0,0.9986180286220622,0.1254235677888147,0.3668638909090169,,,,,0.9986180286220622,0.9986180286220622,0.9999999999989987,0.05107829765809472,0.35873332839018796,0.9986180286220622,0.43071915518727855,topology_only_basin,transport_relaxed_topology_persistent
1107,hysteresis,base_stabilized_coupling,stable_synchronization_island,topology_only_basin,0.0,0.9729614127170214,0.1916533339400867,0.3996654232072665,,,,,0.9729614127170214,0.9729614127170214,0.9999999999989723,0.07819445913252179,0.39302556468800554,0.9729614127170214,0.41965306624150617,topology_only_basin,transport_relaxed_topology_persistent
1108,hysteresis,base_stabilized_coupling,stable_synchronization_island,topology_only_basin,0.0,0.544256112944937,0.1857292452950347,0.2891627677320326,,,,,0.544256112944937,0.544256112944937,0.9999999999981627,0.0757689856087116,0.2775009867921352,0.544256112944937,0.234745945350717,topology_only_basin,transport_relaxed_topology_persistent
1109,hysteresis,base_stabilized_coupling,stable_synchronization_island,topology_only_basin,0.0,0.8498389427098945,0.1014369270948361,0.2962307440808349,,,,,0.8498389427098945,0.8498389427098945,0.9999999999988234,0.041257552997734856,0.28489017559272817,0.8498389427098945,0.36654847094472826,topology_only_basin,transport_relaxed_topology_persistent
1110,hysteresis,base_stabilized_coupling,stable_synchronization_island,topology_only_basin,0.0,0.9683818501223388,0.6825016004477562,0.4853552664521533,,,,,0.9683818501223388,0.9683818501223388,0.9999999999989674,0.2791603031559488,0.4826096830809567,0.9683818501223388,0.4176778311912931,topology_only_basin,transport_relaxed_topology_persistent
1111,hysteresis,base_stabilized_coupling,stable_synchronization_island,topology_only_basin,0.0,0.9884823416365368,1.858400387418424,0.4952823501150165,,,,,0.9884823416365368,0.9884823416365368,0.9999999999989884,0.760603364758351,0.4929879146714752,0.9884823416365368,0.4263474791204324,topology_only_basin,transport_relaxed_topology_persistent
1112,hysteresis,base_stabilized_coupling,stable_synchronization_island,topology_only_basin,0.0,0.9947983514887564,2.4431137947486428,0.498261912802161,,,,,0.9947983514887564,0.9947983514887564,0.9999999999989948,0.9999999999995905,0.4961028870697973,0.9947983514887564,0.4290716703023764,topology_only_basin,transport_relaxed_topology_persistent
1113,hysteresis,gradient_driven_coupling,stable_synchronization_island,topology_only_basin,0.0,0.8828794885310727,0.1670240292295375,0.3668158105081183,,,,,0.8828794885310727,0.8828794885310727,0.9999999999988674,0.06811059137419825,0.3586830629192363,0.8828794885310727,0.3807993612502651,topology_only_basin,transport_relaxed_topology_persistent
1114,hysteresis,gradient_driven_coupling,stable_synchronization_island,topology_only_basin,0.0,0.727402458537661,0.1537942615196827,0.320768681861306,,,,,0.727402458537661,0.727402458537661,0.9999999999986253,0.0626939858456478,0.31054326865490695,0.727402458537661,0.3137397517795714,topology_only_basin,transport_relaxed_topology_persistent
1115,hysteresis,gradient_driven_coupling,stable_synchronization_island,transition_basin,0.0,0.3982502055421765,0.1486903907895609,0.236904988360334,,,,,0.3982502055421765,0.3982502055421765,0.9999999999974891,0.060604330530445887,0.22286829151682538,0.3982502055421765,0.1717713752083733,transition_basin,intermediate_relaxation
1116,hysteresis,gradient_driven_coupling,stable_synchronization_island,transition_basin,0.0,0.2354665805659079,0.1455606433712226,0.1944583818361548,,,,,0.2354665805659079,0.2354665805659079,0.9999999999957531,0.05932293182859946,0.17849264931411915,0.2354665805659079,0.10156032011171372,transition_basin,intermediate_relaxation
1117,hysteresis,gradient_driven_coupling,stable_synchronization_island,topology_only_basin,0.0,0.6491625874102792,0.1419034563232477,0.2954314031550908,,,,,0.6491625874102792,0.6491625874102792,0.9999999999984596,0.057825585842074846,0.2840545076837142,0.6491625874102792,0.2799937045141847,topology_only_basin,transport_relaxed_topology_persistent
1118,hysteresis,gradient_driven_coupling,stable_synchronization_island,topology_only_basin,0.0,0.8427226650337419,0.1345191422427216,0.339094531804654,,,,,0.8427226650337419,0.8427226650337419,0.9999999999988134,0.05480225864916153,0.329701958282622,0.8427226650337419,0.3634791120698641,topology_only_basin,transport_relaxed_topology_persistent
1119,hysteresis,gradient_driven_coupling,stable_synchronization_island,topology_only_basin,0.0,0.9348664307105122,0.1120662970395294,0.3290422379297288,,,,,0.9348664307105122,0.9348664307105122,0.9999999999989303,0.04560948912164324,0.31919282615551,0.9348664307105122,0.40322212067830715,topology_only_basin,transport_relaxed_topology_persistent
1120,hysteresis,gradient_driven_coupling,stable_synchronization_island,topology_only_basin,0.0,0.9854851394323726,0.1408952896884798,0.3786366910205581,,,,,0.9854851394323726,0.9854851394323726,0.9999999999989853,0.057412816616843776,0.37104115717212227,0.9854851394323726,0.4250547401909296,topology_only_basin,transport_relaxed_topology_persistent
1121,hysteresis,gradient_driven_coupling,stable_synchronization_island,topology_only_basin,0.0,0.9319887795343332,0.1340902338125542,0.3610609203737793,,,,,0.9319887795343332,0.9319887795343332,0.9999999999989271,0.05462665255954318,0.3526666350718926,0.9319887795343332,0.40198094592679806,topology_only_basin,transport_relaxed_topology_persistent
1122,hysteresis,gradient_driven_coupling,stable_synchronization_island,topology_only_basin,0.0,0.6914058920663461,0.1327135472311744,0.3005650584507602,,,,,0.6914058920663461,0.6914058920663461,0.9999999999985537,0.05406300183556045,0.2894214679485562,0.6914058920663461,0.2982138847755868,topology_only_basin,transport_relaxed_topology_persistent
1123,hysteresis,gradient_driven_coupling,stable_synchronization_island,transition_basin,0.0,0.2814444587800069,0.1322974523947744,0.1977245600731529,,,,,0.2814444587800069,0.2814444587800069,0.999999999996447,0.053892641959206254,0.18190726284118003,0.2814444587800069,0.12139127879068543,transition_basin,intermediate_relaxation
1124,hysteresis,gradient_driven_coupling,stable_synchronization_island,topology_only_basin,0.0,0.8407873914034765,0.1316740626904358,0.3368600131169755,,,,,0.8407873914034765,0.8407873914034765,0.9999999999988106,0.053637410258014204,0.32736588927971605,0.8407873914034765,0.3626443990973431,topology_only_basin,transport_relaxed_topology_persistent
1125,hysteresis,gradient_driven_coupling,stable_synchronization_island,topology_only_basin,0.0,0.9650694154432682,0.1290537512252867,0.3660047488188002,,,,,0.9650694154432682,0.9650694154432682,0.9999999999989638,0.05256458767488765,0.3578351415828392,0.9650694154432682,0.4162491276973746,topology_only_basin,transport_relaxed_topology_persistent
1126,hysteresis,gradient_driven_coupling,stable_synchronization_island,topology_only_basin,0.0,0.99272642663134,0.1150977305302669,0.3480590576382271,,,,,0.99272642663134,0.99272642663134,0.9999999999989927,0.04685063558509403,0.33907388747750244,0.99272642663134,0.4281780175756884,topology_only_basin,transport_relaxed_topology_persistent
1127,hysteresis,gradient_driven_coupling,stable_synchronization_island,topology_only_basin,0.0,0.9998186193346408,0.1053486560908636,0.336701853713212,,,,,0.9998186193346408,0.9998186193346408,0.9999999999989998,0.04285911497302869,0.32720054213686717,0.9998186193346408,0.43123698823517687,topology_only_basin,transport_relaxed_topology_persistent
1128,hysteresis,gradient_driven_coupling,stable_synchronization_island,topology_only_basin,0.0,0.9962743144156716,0.1038902677092417,0.3349404273434136,,,,,0.9962743144156716,0.9962743144156716,0.9999999999989962,0.04226201344079373,0.3253590656855504,0.9962743144156716,0.4297082755776145,topology_only_basin,transport_relaxed_topology_persistent
1129,hysteresis,gradient_driven_coupling,stable_synchronization_island,topology_only_basin,0.0,0.924002068321352,0.1038200473445041,0.3165222257638114,,,,,0.924002068321352,0.924002068321352,0.9999999999989178,0.042233263426115004,0.3061038273934582,0.924002068321352,0.39853615581908614,topology_only_basin,transport_relaxed_topology_persistent
1130,hysteresis,gradient_driven_coupling,stable_synchronization_island,transition_basin,0.0,0.3547198768651217,0.1038161225838969,0.1738515378437314,,,,,0.3547198768651217,0.3547198768651217,0.9999999999971809,0.042231656528664535,0.15694930319494546,0.3547198768651217,0.1529960818975998,transition_basin,intermediate_relaxation
1131,hysteresis,gradient_driven_coupling,stable_synchronization_island,topology_only_basin,0.0,0.9683560662837846,0.1038060597404526,0.3269104451423747,,,,,0.9683560662837846,0.9683560662837846,0.9999999999989674,0.042227536542990655,0.3169641515516156,0.9683560662837846,0.41766671022928237,topology_only_basin,transport_relaxed_topology_persistent
1132,hysteresis,gradient_driven_coupling,stable_synchronization_island,topology_only_basin,0.0,0.9984493078143144,0.10360395470857,0.3340836154689848,,,,,0.9984493078143144,0.9984493078143144,0.9999999999989985,0.04214478956987278,0.3244633149933714,0.9984493078143144,0.4306463833348858,topology_only_basin,transport_relaxed_topology_persistent
1133,hysteresis,gradient_driven_coupling,stable_synchronization_island,topology_only_basin,0.0,0.9999251072665032,0.0993982822389174,0.3320015849398751,,,,,0.9999251072665032,0.9999251072665032,0.9999999999989999,0.04042287961272186,0.32228666415174867,0.9999251072665032,0.43128291810098623,topology_only_basin,transport_relaxed_topology_persistent
1134,hysteresis,neutral_coupling,stable_synchronization_island,transition_basin,0.3264388906699211,0.5079933743730426,0.2841086463324451,0.4284948011970024,,,,,0.6038374100274998,0.1815544837031215,0.21757845580618332,0.11604803050515207,0.4231651274789755,0.1815544837031215,0.07830721216697188,transition_basin,intermediate_relaxation
1135,hysteresis,neutral_coupling,stable_synchronization_island,transition_basin,0.1057273170430891,0.062147394846865,0.2199299090780364,0.2439377637310312,,,,,0.12263997821013352,-0.0435799221962241,-0.2595978971778202,0.0897716127590817,0.23022067958969264,0.0,0.0,transition_basin,intermediate_relaxation
1136,hysteresis,neutral_coupling,stable_synchronization_island,transition_basin,0.5329918550412869,0.4990975277275351,0.1479696847779656,0.4938596293322219,,,,,0.7301908378801324,-0.033894327313751804,-0.03284049606516586,0.06030925504216209,0.4915005366787095,0.0,0.0,transition_basin,intermediate_relaxation
1137,hysteresis,neutral_coupling,stable_synchronization_island,coupled_memory_basin,0.738410077935416,0.6777916068027385,0.0952669047733323,0.5812063321041337,,,,,1.0023227551287186,-0.06061847113267749,-0.04280355812727521,0.038731387931885485,0.5828168125177342,0.0,0.0,coupled_memory_basin,transport_and_topology_unrelaxed
1138,hysteresis,neutral_coupling,stable_synchronization_island,coupled_memory_basin,0.8225700937563553,0.7218846395214614,0.1011787464859161,0.6404458004123085,,,,,1.0944126241593568,-0.10068545423489383,-0.06519158643202354,0.041151847248071624,0.6447484877489369,0.0,0.0,coupled_memory_basin,transport_and_topology_unrelaxed
1139,hysteresis,neutral_coupling,stable_synchronization_island,coupled_memory_basin,0.8403950275267218,0.6898691775543409,0.1479569242786702,0.6975400066963597,,,,,1.0872825228206062,-0.15052584997238094,-0.09836592235019231,0.06030403056713377,0.7044374070142575,0.0,0.0,coupled_memory_basin,transport_and_topology_unrelaxed
1140,hysteresis,neutral_coupling,stable_synchronization_island,coupled_memory_basin,0.7900983066095522,0.6083310449620499,0.1662668752791547,0.6537572502434252,,,,,0.9971569557356061,-0.18176726164750223,-0.12997958133751703,0.06780059316685616,0.6586648919865389,0.0,0.0,coupled_memory_basin,transport_and_topology_unrelaxed
1141,hysteresis,neutral_coupling,stable_synchronization_island,coupled_memory_basin,0.8360335110551887,0.8818728674144501,0.161757520472551,0.7563355621436376,,,,,1.2151756193608605,0.045839356359261396,0.026683268037033397,0.06595434788792727,0.7659049952454048,0.045839356359261396,0.019771212094611565,coupled_memory_basin,transport_and_topology_unrelaxed
1142,hysteresis,neutral_coupling,stable_synchronization_island,transition_basin,0.6052980933223261,0.4951983977020658,0.0889379714886615,0.487604883171532,,,,,0.7820532174131992,-0.11009969562026029,-0.10004547630831104,0.03614016065024253,0.48496153626327193,0.0,0.0,transition_basin,intermediate_relaxation
1143,hysteresis,neutral_coupling,stable_synchronization_island,transition_basin,0.1084559491385453,0.3839950384692947,0.0265246521703108,0.1520752713234582,,,,,0.39901739620294485,0.27553908933074944,0.5595259147893386,0.010586550194698566,0.1341833887734015,0.27553908933074944,0.1188442030646817,transition_basin,intermediate_relaxation
1144,hysteresis,neutral_coupling,stable_synchronization_island,coupled_memory_basin,0.6738692562145124,0.7113868490797355,0.05736907825084,0.5304109667254773,,,,,0.9798831682984939,0.03751759286522305,0.02708350659622373,0.02321504772366947,0.529712992349802,0.03751759286522305,0.01618190883842424,coupled_memory_basin,transport_and_topology_unrelaxed
1145,hysteresis,neutral_coupling,stable_synchronization_island,coupled_memory_basin,0.8611509973578083,0.7652131353837908,0.2377023117942092,0.7874520195435171,,,,,1.1520122320592954,-0.09593786197401755,-0.05898916487553984,0.09704808933216155,0.7984355764452526,0.0,0.0,coupled_memory_basin,transport_and_topology_unrelaxed
1146,hysteresis,neutral_coupling,stable_synchronization_island,coupled_memory_basin,0.9240721934119888,0.7579287307077969,0.4058508532614864,0.8616532261914908,,,,,1.1951424097025325,-0.1661434627041919,-0.09877727195128522,0.16589240612624273,0.876008943714174,0.0,0.0,coupled_memory_basin,transport_and_topology_unrelaxed
1147,hysteresis,neutral_coupling,stable_synchronization_island,coupled_memory_basin,0.9393986684904856,0.7337985518244788,0.4833625928950997,0.8784965249210615,,,,,1.1920277568166773,-0.20560011666600675,-0.12287859086162088,0.19762769631688218,0.8936177058542277,0.0,0.0,coupled_memory_basin,transport_and_topology_unrelaxed
1148,hysteresis,neutral_coupling,stable_synchronization_island,coupled_memory_basin,0.9520196374045484,0.9846633892895228,0.2367426636955936,0.8981641851669978,,,,,1.3696362218527292,0.03264375188497437,0.0168554954192378,0.09665518483750803,0.9141791859230973,0.03264375188497437,0.014079747041459194,coupled_memory_basin,transport_and_topology_unrelaxed
1149,hysteresis,neutral_coupling,stable_synchronization_island,coupled_memory_basin,0.8532754812794688,0.7375508439512685,0.3500364132144224,0.8240006891773102,,,,,1.1278565043328594,-0.11572463732820037,-0.07274498510159029,0.1430405457487794,0.8366452431174338,0.0,0.0,coupled_memory_basin,transport_and_topology_unrelaxed
1150,hysteresis,neutral_coupling,stable_synchronization_island,transition_basin,0.4623895669439395,0.181828073651782,0.2352926841923932,0.457184888833009,,,,,0.4968556731954681,-0.2805614932921575,-0.4355073124546558,0.09606152611533184,0.45315906970317865,0.0,0.0,transition_basin,intermediate_relaxation
1151,hysteresis,neutral_coupling,stable_synchronization_island,transition_basin,0.4903114451383521,0.5204743901517248,0.1530352086089914,0.5039142442114967,,,,,0.7150516792774275,0.03016294501337269,0.029841083996479466,0.062383210155349755,0.5020120952909285,0.03016294501337269,0.01300973727867384,transition_basin,intermediate_relaxation
1152,hysteresis,neutral_coupling,stable_synchronization_island,coupled_memory_basin,0.8462149660070569,0.6065544309024018,0.4274626718434642,0.7981757590827254,,,,,1.041147466184143,-0.23966053510465513,-0.16496805041070575,0.1747408378281819,0.8096466688701759,0.0,0.0,coupled_memory_basin,transport_and_topology_unrelaxed
1153,hysteresis,neutral_coupling,stable_synchronization_island,coupled_memory_basin,0.9436859936544166,0.6941464273311199,0.5669191087839816,0.8799660209994891,,,,,1.171487309874111,-0.24953956632329677,-0.15235964505635344,0.2318378726280654,0.8951539849006444,0.0,0.0,coupled_memory_basin,transport_and_topology_unrelaxed
1154,hysteresis,neutral_coupling,stable_synchronization_island,coupled_memory_basin,0.9704505906079804,0.7726767537912125,0.6251229534100236,0.9140647189740024,,,,,1.2404852738588654,-0.19777383681676797,-0.11345920161950163,0.25566801639918163,0.9308023380860326,0.0,0.0,coupled_memory_basin,transport_and_topology_unrelaxed
1155,hysteresis,neutral_coupling,stable_synchronization_island,coupled_memory_basin,0.619763408892291,0.6586343062730161,0.2045815790667839,0.5951177013951984,,,,,0.9043814639860385,0.03887089738072513,0.03040595029197812,0.08348761359777825,0.5973604002567999,0.03887089738072513,0.016765609673900336,coupled_memory_basin,transport_and_topology_unrelaxed
1156,hysteresis,neutral_coupling,stable_synchronization_island,transition_basin,0.3892635047526314,0.2526203982679587,0.1527350940849756,0.3800830772216054,,,,,0.4640507965227125,-0.1366431064846727,-0.21287822586209434,0.06226033558750898,0.3725532760857519,0.0,0.0,transition_basin,intermediate_relaxation
1157,hysteresis,neutral_coupling,stable_synchronization_island,transition_basin,0.1460722796330718,0.3116281480866993,0.0939020036686333,0.207306087211079,,,,,0.3441645152498266,0.16555586845362752,0.3617122869603872,0.03817256248371605,0.191924233686327,0.16555586845362752,0.07140676590331216,transition_basin,intermediate_relaxation
1158,hysteresis,neutral_coupling,stable_synchronization_island,coupled_memory_basin,0.5477695529817256,0.5896045648642665,0.045526030621064,0.4215724686634168,,,,,0.8047888083730914,0.04183501188254091,0.03678210293877011,0.018366200890285792,0.415928201447125,0.04183501188254091,0.018044077373769625,coupled_memory_basin,transport_and_topology_unrelaxed
1159,hysteresis,neutral_coupling,stable_synchronization_island,coupled_memory_basin,0.7322624968437583,0.6843638482265753,0.055942488389566,0.544698858286474,,,,,1.0022785246843027,-0.04789864861718307,-0.033811773149518234,0.022630965319577465,0.5446502138537327,0.0,0.0,coupled_memory_basin,transport_and_topology_unrelaxed
1160,hysteresis,neutral_coupling,stable_synchronization_island,coupled_memory_basin,0.8087377601053054,0.6910192609264267,0.1401479625190402,0.6814275782732236,,,,,1.0637501509242908,-0.11771849917887867,-0.07849171400965854,0.05710684174514536,0.6875927304365312,0.0,0.0,coupled_memory_basin,transport_and_topology_unrelaxed
1161,hysteresis,neutral_coupling,stable_synchronization_island,coupled_memory_basin,0.8127293167724942,0.658108080737171,0.2370234285551902,0.7217594837034809,,,,,1.0457701412227487,-0.15462123603532318,-0.10512462920579364,0.09677013715746303,0.7297575664807735,0.0,0.0,coupled_memory_basin,transport_and_topology_unrelaxed
1162,hysteresis,neutral_coupling,stable_synchronization_island,coupled_memory_basin,0.8921011131258914,0.9193168730574692,0.0268018634827034,0.6792321587467768,,,,,1.281010503129704,0.027215759931577876,0.015024560945707612,0.010700047601471929,0.685297537501969,0.027215759931577876,0.011738571495333437,coupled_memory_basin,transport_and_topology_unrelaxed
1163,hysteresis,neutral_coupling,stable_synchronization_island,coupled_memory_basin,0.7534271062224086,0.647629724264983,0.0319227181772845,0.5489161586902245,,,,,0.9935173194978588,-0.1057973819574256,-0.07551255570450051,0.012796656586443744,0.5490591744068349,0.0,0.0,coupled_memory_basin,transport_and_topology_unrelaxed
1164,hysteresis,neutral_coupling,stable_synchronization_island,transition_basin,0.3154609667619146,0.1640294070504512,0.0754474103428881,0.2611440917529766,,,,,0.3555576857947025,-0.1514315597114634,-0.3158177264480513,0.03061677961377789,0.2482089693129077,0.0,0.0,transition_basin,intermediate_relaxation
1165,hysteresis,neutral_coupling,stable_synchronization_island,transition_basin,0.4765833436627802,0.645070966092327,0.03193309046926,0.4012857552858955,,,,,0.8020275773014814,0.16848762242954674,0.15021350247045606,0.012800903268266916,0.3947195346530685,0.16848762242954674,0.07267127601581962,transition_basin,intermediate_relaxation
1166,hysteresis,neutral_coupling,stable_synchronization_island,coupled_memory_basin,0.795752425553636,0.7344754553150361,0.2150348722402264,0.7398643412251473,,,,,1.082901711714745,-0.061276970238599904,-0.040044343071160386,0.0877674593846888,0.7486852204277337,0.0,0.0,coupled_memory_basin,transport_and_topology_unrelaxed
1167,hysteresis,neutral_coupling,stable_synchronization_island,coupled_memory_basin,0.9051971437764084,0.7481133823767286,0.4899521873443202,0.8664724079422337,,,,,1.1743319385898165,-0.15708376139967972,-0.09501165021012811,0.2003256449511553,0.8810471388160359,0.0,0.0,coupled_memory_basin,transport_and_topology_unrelaxed
1168,hysteresis,neutral_coupling,stable_synchronization_island,coupled_memory_basin,0.9387350607269264,0.7534577033923955,0.6625565457731308,0.8886480367211372,,,,,1.2037117699180853,-0.18527735733453088,-0.10948951045234281,0.27099428726004293,0.904230564981143,0.0,0.0,coupled_memory_basin,transport_and_topology_unrelaxed
1169,hysteresis,neutral_coupling,stable_synchronization_island,coupled_memory_basin,0.9553138115756604,0.9881585609757711,0.4930483819280529,0.9572290007702944,,,,,1.3744387291607156,0.03284474940011073,0.016900034116242437,0.20159330626369834,0.9759282711529771,0.03284474940011073,0.01416644032901553,coupled_memory_basin,transport_and_topology_unrelaxed
1170,hysteresis,neutral_coupling,stable_synchronization_island,coupled_memory_basin,0.877239690728341,0.7876261701881555,0.5893917390678975,0.871740635612289,,,,,1.1789420931302845,-0.08961352054018545,-0.053826270718771316,0.24103874267404943,0.886554787254212,0.0,0.0,coupled_memory_basin,transport_and_topology_unrelaxed
1171,hysteresis,neutral_coupling,stable_synchronization_island,transport_dominant_basin,0.579339162004472,0.0874013695836542,0.4454523300501711,0.5424537211027698,,,,,0.5858949257649723,-0.4919377924208178,-0.737824939558303,0.18210626435994157,0.5423030437848299,0.0,0.0,transport_dominant_basin,transport_unrelaxed_topology_relaxed
1172,hysteresis,neutral_coupling,stable_synchronization_island,transition_basin,0.3304550131946898,0.4705650898901172,0.0908352465273014,0.3524886925918134,,,,,0.5750061039404684,0.1401100766954274,0.17491455726975497,0.03691695361357041,0.34370483237240174,0.1401100766954274,0.06043160862091615,transition_basin,intermediate_relaxation
1173,hysteresis,neutral_coupling,stable_synchronization_island,coupled_memory_basin,0.7990470175230472,0.5601524596046463,0.496866933303445,0.7715910425978424,,,,,0.9758313964069878,-0.23889455791840086,-0.1757612197019566,0.2031567189361367,0.7818537788514757,0.0,0.0,coupled_memory_basin,transport_and_topology_unrelaxed
1174,hysteresis,neutral_coupling,stable_synchronization_island,coupled_memory_basin,0.9293938471195444,0.6705637123024373,0.7161705938699199,0.8712436879455491,,,,,1.1460491330307323,-0.25883013481710715,-0.16177312535118318,0.2929452508519974,0.8860352552195332,0.0,0.0,coupled_memory_basin,transport_and_topology_unrelaxed
1175,hysteresis,neutral_coupling,stable_synchronization_island,coupled_memory_basin,0.9658255830948907,0.7800446532479067,0.8394064560111703,0.9179295104300644,,,,,1.2414864953036069,-0.18578092984698402,-0.1064116484602238,0.34340116714845254,0.9348427695100285,0.0,0.0,coupled_memory_basin,transport_and_topology_unrelaxed
1176,hysteresis,neutral_coupling,stable_synchronization_island,coupled_memory_basin,0.619763408892291,0.6586343062730161,0.2045815790667839,0.5951177013951984,,,,,0.9043814639860385,0.03887089738072513,0.03040595029197812,0.08348761359777825,0.5973604002567999,0.03887089738072513,0.016765609673900336,coupled_memory_basin,transport_and_topology_unrelaxed
1177,hysteresis,neutral_coupling,stable_synchronization_island,transition_basin,0.3892635047526314,0.2526203982679587,0.1527350940849756,0.3800830772216054,,,,,0.4640507965227125,-0.1366431064846727,-0.21287822586209434,0.06226033558750898,0.3725532760857519,0.0,0.0,transition_basin,intermediate_relaxation
1178,hysteresis,neutral_coupling,stable_synchronization_island,transition_basin,0.1460722796330718,0.3116281480866993,0.0939020036686333,0.207306087211079,,,,,0.3441645152498266,0.16555586845362752,0.3617122869603872,0.03817256248371605,0.191924233686327,0.16555586845362752,0.07140676590331216,transition_basin,intermediate_relaxation
1179,hysteresis,neutral_coupling,stable_synchronization_island,coupled_memory_basin,0.5477695529817256,0.5896045648642665,0.045526030621064,0.4215724686634168,,,,,0.8047888083730914,0.04183501188254091,0.03678210293877011,0.018366200890285792,0.415928201447125,0.04183501188254091,0.018044077373769625,coupled_memory_basin,transport_and_topology_unrelaxed
1180,hysteresis,neutral_coupling,stable_synchronization_island,coupled_memory_basin,0.7322624968437583,0.6843638482265753,0.055942488389566,0.544698858286474,,,,,1.0022785246843027,-0.04789864861718307,-0.033811773149518234,0.022630965319577465,0.5446502138537327,0.0,0.0,coupled_memory_basin,transport_and_topology_unrelaxed
1181,hysteresis,neutral_coupling,stable_synchronization_island,coupled_memory_basin,0.8087377601053054,0.6910192609264267,0.1401479625190402,0.6814275782732236,,,,,1.0637501509242908,-0.11771849917887867,-0.07849171400965854,0.05710684174514536,0.6875927304365312,0.0,0.0,coupled_memory_basin,transport_and_topology_unrelaxed
1182,hysteresis,neutral_coupling,stable_synchronization_island,coupled_memory_basin,0.8127293167724942,0.658108080737171,0.2370234285551902,0.7217594837034809,,,,,1.0457701412227487,-0.15462123603532318,-0.10512462920579364,0.09677013715746303,0.7297575664807735,0.0,0.0,coupled_memory_basin,transport_and_topology_unrelaxed
1183,hysteresis,neutral_coupling,stable_synchronization_island,coupled_memory_basin,0.8921011131258914,0.9193168730574692,0.0268018634827034,0.6792321587467768,,,,,1.281010503129704,0.027215759931577876,0.015024560945707612,0.010700047601471929,0.685297537501969,0.027215759931577876,0.011738571495333437,coupled_memory_basin,transport_and_topology_unrelaxed
1184,hysteresis,neutral_coupling,stable_synchronization_island,coupled_memory_basin,0.7534271062224086,0.647629724264983,0.0319227181772845,0.5489161586902245,,,,,0.9935173194978588,-0.1057973819574256,-0.07551255570450051,0.012796656586443744,0.5490591744068349,0.0,0.0,coupled_memory_basin,transport_and_topology_unrelaxed
1185,hysteresis,neutral_coupling,stable_synchronization_island,transition_basin,0.3154609667619146,0.1640294070504512,0.0754474103428881,0.2611440917529766,,,,,0.3555576857947025,-0.1514315597114634,-0.3158177264480513,0.03061677961377789,0.2482089693129077,0.0,0.0,transition_basin,intermediate_relaxation
1186,hysteresis,neutral_coupling,stable_synchronization_island,transition_basin,0.4765833436627802,0.645070966092327,0.03193309046926,0.4012857552858955,,,,,0.8020275773014814,0.16848762242954674,0.15021350247045606,0.012800903268266916,0.3947195346530685,0.16848762242954674,0.07267127601581962,transition_basin,intermediate_relaxation
1187,hysteresis,neutral_coupling,stable_synchronization_island,coupled_memory_basin,0.795752425553636,0.7344754553150361,0.2150348722402264,0.7398643412251473,,,,,1.082901711714745,-0.061276970238599904,-0.040044343071160386,0.0877674593846888,0.7486852204277337,0.0,0.0,coupled_memory_basin,transport_and_topology_unrelaxed
1188,hysteresis,neutral_coupling,stable_synchronization_island,coupled_memory_basin,0.9051971437764084,0.7481133823767286,0.4899521873443202,0.8664724079422337,,,,,1.1743319385898165,-0.15708376139967972,-0.09501165021012811,0.2003256449511553,0.8810471388160359,0.0,0.0,coupled_memory_basin,transport_and_topology_unrelaxed
1189,hysteresis,neutral_coupling,stable_synchronization_island,coupled_memory_basin,0.9387350607269264,0.7534577033923955,0.6625565457731308,0.8886480367211372,,,,,1.2037117699180853,-0.18527735733453088,-0.10948951045234281,0.27099428726004293,0.904230564981143,0.0,0.0,coupled_memory_basin,transport_and_topology_unrelaxed
1190,hysteresis,neutral_coupling,stable_synchronization_island,coupled_memory_basin,0.9553138115756604,0.9881585609757711,0.4930483819280529,0.9572290007702944,,,,,1.3744387291607156,0.03284474940011073,0.016900034116242437,0.20159330626369834,0.9759282711529771,0.03284474940011073,0.01416644032901553,coupled_memory_basin,transport_and_topology_unrelaxed
1191,hysteresis,neutral_coupling,stable_synchronization_island,coupled_memory_basin,0.877239690728341,0.7876261701881555,0.5893917390678975,0.871740635612289,,,,,1.1789420931302845,-0.08961352054018545,-0.053826270718771316,0.24103874267404943,0.886554787254212,0.0,0.0,coupled_memory_basin,transport_and_topology_unrelaxed
1192,hysteresis,neutral_coupling,stable_synchronization_island,transport_dominant_basin,0.579339162004472,0.0874013695836542,0.4454523300501711,0.5424537211027698,,,,,0.5858949257649723,-0.4919377924208178,-0.737824939558303,0.18210626435994157,0.5423030437848299,0.0,0.0,transport_dominant_basin,transport_unrelaxed_topology_relaxed
1193,hysteresis,neutral_coupling,stable_synchronization_island,transition_basin,0.3304550131946898,0.4705650898901172,0.0908352465273014,0.3524886925918134,,,,,0.5750061039404684,0.1401100766954274,0.17491455726975497,0.03691695361357041,0.34370483237240174,0.1401100766954274,0.06043160862091615,transition_basin,intermediate_relaxation
1194,hysteresis,neutral_coupling,stable_synchronization_island,coupled_memory_basin,0.7990470175230472,0.5601524596046463,0.496866933303445,0.7715910425978424,,,,,0.9758313964069878,-0.23889455791840086,-0.1757612197019566,0.2031567189361367,0.7818537788514757,0.0,0.0,coupled_memory_basin,transport_and_topology_unrelaxed
1195,hysteresis,neutral_coupling,stable_synchronization_island,coupled_memory_basin,0.9293938471195444,0.6705637123024373,0.7161705938699199,0.8712436879455491,,,,,1.1460491330307323,-0.25883013481710715,-0.16177312535118318,0.2929452508519974,0.8860352552195332,0.0,0.0,coupled_memory_basin,transport_and_topology_unrelaxed
1196,hysteresis,neutral_coupling,stable_synchronization_island,coupled_memory_basin,0.9658255830948907,0.7800446532479067,0.8394064560111703,0.9179295104300644,,,,,1.2414864953036069,-0.18578092984698402,-0.1064116484602238,0.34340116714845254,0.9348427695100285,0.0,0.0,coupled_memory_basin,transport_and_topology_unrelaxed
1197,hysteresis,base_stabilized_coupling,stable_synchronization_island,coupled_memory_basin,0.6859951248904734,0.691960861301095,0.234121333765731,0.6607722706823423,,,,,0.9743711535888414,0.0059657364106215915,0.0043294099887076385,0.0955819452688592,0.6659987182339854,0.0059657364106215915,0.0025731129152540026,coupled_memory_basin,transport_and_topology_unrelaxed
1198,hysteresis,base_stabilized_coupling,stable_synchronization_island,transition_basin,0.4631418255874798,0.3115320027213615,0.1870300155674895,0.4480490703403817,,,,,0.5581689164832506,-0.1516098228661183,-0.19570794484808632,0.07630155425267234,0.44360806325401153,0.0,0.0,transition_basin,intermediate_relaxation
1199,hysteresis,base_stabilized_coupling,stable_synchronization_island,transition_basin,0.0764461936503816,0.2674056331112371,0.1259049814850255,0.2147115969570424,,,,,0.2781183078174703,0.1909594394608555,0.5553538605821807,0.05127540074755206,0.19966629548409,0.1909594394608555,0.08236371273319391,transition_basin,intermediate_relaxation
1200,hysteresis,base_stabilized_coupling,stable_synchronization_island,coupled_memory_basin,0.531175097190861,0.5766641346789187,0.0656692743271945,0.41649020752699,,,,,0.784020731932968,0.04548903748805777,0.04106104584438809,0.026613360448521386,0.41061497100920236,0.04548903748805777,0.019620114233441174,coupled_memory_basin,transport_and_topology_unrelaxed
1201,hysteresis,base_stabilized_coupling,stable_synchronization_island,coupled_memory_basin,0.7337688242055226,0.689921709992494,0.0505970869543515,0.5398263226476087,,,,,1.0071785607800248,-0.04384711421302856,-0.030798205902027302,0.02044242115150891,0.5395562401339006,0.0,0.0,coupled_memory_basin,transport_and_topology_unrelaxed
1202,hysteresis,base_stabilized_coupling,stable_synchronization_island,coupled_memory_basin,0.8193171534720535,0.7070448832594901,0.1127694181936442,0.6543535931261424,,,,,1.0822167365721962,-0.11227227021256336,-0.0735554655518704,0.04589736491917384,0.6592883363690365,0.0,0.0,coupled_memory_basin,transport_and_topology_unrelaxed
1203,hysteresis,base_stabilized_coupling,stable_synchronization_island,coupled_memory_basin,0.8349866092607198,0.6810449924077979,0.2027591275819298,0.7182791608943494,,,,,1.0775086632266357,-0.15394161685292185,-0.10154248544911258,0.0827414553125483,0.7261190763310378,0.0,0.0,coupled_memory_basin,transport_and_topology_unrelaxed
1204,hysteresis,base_stabilized_coupling,stable_synchronization_island,coupled_memory_basin,0.9059277335016428,0.9312909054230036,0.1007377167829526,0.7547083214125155,,,,,1.2992335466924418,0.02536317192136084,0.013805200635343273,0.04097127839911537,0.7642038026560559,0.02536317192136084,0.010939522089253913,coupled_memory_basin,transport_and_topology_unrelaxed
1205,hysteresis,base_stabilized_coupling,stable_synchronization_island,coupled_memory_basin,0.7724924429569112,0.6948443788122846,0.0448191435734308,0.5815332148826615,,,,,1.0390155365501357,-0.07764806414462666,-0.052917682561085054,0.018076783239557238,0.5831585508664503,0.0,0.0,coupled_memory_basin,transport_and_topology_unrelaxed
1206,hysteresis,base_stabilized_coupling,stable_synchronization_island,transition_basin,0.3435688759729972,0.0741725001568863,0.0129211969147586,0.2059178908355853,,,,,0.3514841850167259,-0.26939637581611087,-0.6448879407428046,0.0050169474200613745,0.19047294910293136,0.0,0.0,transition_basin,intermediate_relaxation
1207,hysteresis,base_stabilized_coupling,stable_synchronization_island,transition_basin,0.4702914616976906,0.6394125594495087,0.0156195857191945,0.3895916371231306,,,,,0.7937395543423056,0.1691210977518181,0.15240198695218768,0.006121736864353633,0.3824939636130982,0.1691210977518181,0.07294450356411174,transition_basin,intermediate_relaxation
1208,hysteresis,base_stabilized_coupling,stable_synchronization_island,coupled_memory_basin,0.8000633550931722,0.749219884770615,0.1856175443413432,0.7231091535671806,,,,,1.0960984480869576,-0.050843470322557205,-0.03281741454002597,0.07572325237918112,0.7311685736699867,0.0,0.0,coupled_memory_basin,transport_and_topology_unrelaxed
1209,hysteresis,base_stabilized_coupling,stable_synchronization_island,coupled_memory_basin,0.9114986508272814,0.7660594298242746,0.4682847323518175,0.8732066947613359,,,,,1.190662353684976,-0.14543922100300688,-0.08669698097512799,0.19145443427868183,0.8880874731759724,0.0,0.0,coupled_memory_basin,transport_and_topology_unrelaxed
1210,hysteresis,base_stabilized_coupling,stable_synchronization_island,coupled_memory_basin,0.9467614062789956,0.7724589997625425,0.6645499892919948,0.8988433442692472,,,,,1.2219042788752028,-0.17430240651645312,-0.10138456122544441,0.2718104540606957,0.9148892102050847,0.0,0.0,coupled_memory_basin,transport_and_topology_unrelaxed
1211,hysteresis,base_stabilized_coupling,stable_synchronization_island,coupled_memory_basin,0.9649989709662788,0.9905155861368226,0.4405546301000558,0.9569208713976176,,,,,1.3828753162689507,0.02551661517054371,0.013048542685527725,0.18010102063920605,0.9756061384805746,0.02551661517054371,0.011005704498105907,coupled_memory_basin,transport_and_topology_unrelaxed
1212,hysteresis,base_stabilized_coupling,stable_synchronization_island,coupled_memory_basin,0.8928746347695993,0.8240240708770477,0.5386866999823758,0.8876049217750184,,,,,1.2150064949619517,-0.06885056389255162,-0.040101704116888987,0.22027880183008294,0.9031400444562832,0.0,0.0,coupled_memory_basin,transport_and_topology_unrelaxed
1213,hysteresis,base_stabilized_coupling,stable_synchronization_island,transport_dominant_basin,0.6028367599979314,0.0374840968632453,0.4466345016808533,0.5421955878618473,,,,,0.6040010072197369,-0.5653526631346861,-0.8829208936050216,0.18259027568431868,0.5420331793768641,0.0,0.0,transport_dominant_basin,transport_unrelaxed_topology_relaxed
1214,hysteresis,base_stabilized_coupling,stable_synchronization_island,transition_basin,0.3348362897749438,0.4757068619207475,0.0844216360717537,0.3535898272035899,,,,,0.5817322059407879,0.14087057214580373,0.17379774519212532,0.03429105733077997,0.34485600933448407,0.14087057214580373,0.06075962188376685,transition_basin,intermediate_relaxation
1215,hysteresis,base_stabilized_coupling,stable_synchronization_island,coupled_memory_basin,0.8139429005951209,0.5690063639457761,0.549943185846558,0.7826406581730855,,,,,0.9931119210038674,-0.24493653664934478,-0.17711172993065671,0.2248874952630418,0.7934055571300319,0.0,0.0,coupled_memory_basin,transport_and_topology_unrelaxed
1216,hysteresis,base_stabilized_coupling,stable_synchronization_island,coupled_memory_basin,0.940357781438962,0.6815021391846912,0.7957805462784711,0.880873423197263,,,,,1.161343154638678,-0.2588556422542708,-0.1596041920528954,0.32553960305839225,0.8961026250525826,0.0,0.0,coupled_memory_basin,transport_and_topology_unrelaxed
1217,hysteresis,base_stabilized_coupling,stable_synchronization_island,coupled_memory_basin,0.9742421810241416,0.79176183661315,0.9201116317171724,0.9269479532930952,,,,,1.255402179862575,-0.1824803444109916,-0.10332951827313834,0.37644393180607666,0.9442710660568311,0.0,0.0,coupled_memory_basin,transport_and_topology_unrelaxed
1218,hysteresis,neutral_coupling,self_reinforced_transport,topology_only_basin,0.0,0.8529618059540844,0.1255494270566952,0.3313251853820785,,,,,0.8529618059540844,0.8529618059540844,0.9999999999988276,0.05112982766384932,0.3215795248249393,0.8529618059540844,0.3678954093934151,topology_only_basin,transport_relaxed_topology_persistent
1219,hysteresis,neutral_coupling,self_reinforced_transport,topology_only_basin,0.0,0.6692279704248792,0.1192643196781726,0.2776886452672842,,,,,0.6692279704248792,0.6692279704248792,0.9999999999985058,0.048556543829948014,0.265505409411982,0.6692279704248792,0.2886482096130793,topology_only_basin,transport_relaxed_topology_persistent
1220,hysteresis,neutral_coupling,self_reinforced_transport,transition_basin,0.0,0.2780800239090612,0.1161696025641045,0.1709730872097583,,,,,0.2780800239090612,0.2780800239090612,0.999999999996404,0.04728948743130283,0.15394003800531056,0.2780800239090612,0.11994014682254349,transition_basin,intermediate_relaxation
1221,hysteresis,neutral_coupling,self_reinforced_transport,transition_basin,0.0,0.3605308923270146,0.1132944002134141,0.1882594737820337,,,,,0.3605308923270146,0.3605308923270146,0.9999999999972263,0.04611230599546779,0.1720120246333109,0.3605308923270146,0.1555024613127405,transition_basin,intermediate_relaxation
1222,hysteresis,neutral_coupling,self_reinforced_transport,topology_only_basin,0.0,0.7070050326959663,0.1084536422402231,0.2685754878658683,,,,,0.7070050326959663,0.7070050326959663,0.9999999999985856,0.04413037577756763,0.2559780939138205,0.7070050326959663,0.30494203155550076,topology_only_basin,transport_relaxed_topology_persistent
1223,hysteresis,neutral_coupling,self_reinforced_transport,topology_only_basin,0.0,0.8698744325253602,0.0969185660001823,0.2980883560304997,,,,,0.8698744325253602,0.8698744325253602,0.9999999999988505,0.03940762031395399,0.28683220889008587,0.8698744325253602,0.3751900826518475,topology_only_basin,transport_relaxed_topology_persistent
1224,hysteresis,neutral_coupling,self_reinforced_transport,topology_only_basin,0.0,0.9472519380725672,0.0633588465485197,0.2775167660307468,,,,,0.9472519380725672,0.9472519380725672,0.9999999999989443,0.02566741217839686,0.2653257189225123,0.9472519380725672,0.40856417851688953,topology_only_basin,transport_relaxed_topology_persistent
1225,hysteresis,neutral_coupling,self_reinforced_transport,topology_only_basin,0.0,0.9806499559483866,0.0744345828363677,0.3017976430487213,,,,,0.9806499559483866,0.9806499559483866,0.9999999999989803,0.030202102108352013,0.2907100687951876,0.9806499559483866,0.4229692519604882,topology_only_basin,transport_relaxed_topology_persistent
1226,hysteresis,neutral_coupling,self_reinforced_transport,topology_only_basin,0.0,0.9109462247474358,0.0717139694969706,0.2808703096882595,,,,,0.9109462247474358,0.9109462247474358,0.9999999999989022,0.029088213370589124,0.26883166829380456,0.9109462247474358,0.39290497176949124,topology_only_basin,transport_relaxed_topology_persistent
1227,hysteresis,neutral_coupling,self_reinforced_transport,topology_only_basin,0.0,0.5973478998954794,0.0711369910848072,0.2017704483632256,,,,,0.5973478998954794,0.5973478998954794,0.999999999998326,0.02885198364035353,0.18613702125661694,0.5973478998954794,0.2576452411448,topology_only_basin,transport_relaxed_topology_persistent
1228,hysteresis,neutral_coupling,self_reinforced_transport,transition_basin,0.0,0.448981726467288,0.0708080431574771,0.1608273643899312,,,,,0.448981726467288,0.448981726467288,0.9999999999977728,0.028717303939178263,0.14333323094562217,0.448981726467288,0.1936526523413135,transition_basin,intermediate_relaxation
1229,hysteresis,neutral_coupling,self_reinforced_transport,topology_only_basin,0.0,0.8780013549492363,0.0698154838819875,0.2673819913983735,,,,,0.8780013549492363,0.8780013549492363,0.999999999998861,0.028310924766320508,0.25473035760346135,0.8780013549492363,0.3786953479888998,topology_only_basin,transport_relaxed_topology_persistent
1230,hysteresis,neutral_coupling,self_reinforced_transport,topology_only_basin,0.0,0.9733511858373168,0.0652552918287852,0.2887684687282367,,,,,0.9733511858373168,0.9733511858373168,0.9999999999989726,0.026443865417407834,0.2770887684089445,0.9733511858373168,0.4198211813208223,topology_only_basin,transport_relaxed_topology_persistent
1231,hysteresis,neutral_coupling,self_reinforced_transport,topology_only_basin,0.0,0.9945142944831966,0.0447820193083763,0.2804037837048327,,,,,0.9945142944831966,0.9945142944831966,0.9999999999989945,0.01806158361521404,0.26834394049141785,0.9945142944831966,0.42894915219239543,topology_only_basin,transport_relaxed_topology_persistent
1232,hysteresis,neutral_coupling,self_reinforced_transport,topology_only_basin,0.0,0.9997359209566647,0.0012208254484442,0.2505467253372054,,,,,0.9997359209566647,0.9997359209566647,0.9999999999989998,0.00022651585992718894,0.23712999318582068,0.9997359209566647,0.43120131916604704,topology_only_basin,transport_relaxed_topology_persistent
1233,hysteresis,neutral_coupling,self_reinforced_transport,topology_only_basin,0.0,0.99459644265667,0.0018895079400493,0.2499621358742515,,,,,0.99459644265667,0.99459644265667,0.9999999999989946,0.0005002915875369092,0.2365188363709941,0.99459644265667,0.42898458394994887,topology_only_basin,transport_relaxed_topology_persistent
1234,hysteresis,neutral_coupling,self_reinforced_transport,topology_only_basin,0.0,0.8897964759619863,0.0019105064167153,0.2244624243126254,,,,,0.8897964759619863,0.8897964759619863,0.9999999999988761,0.0005088889013593937,0.2098602605932968,0.8897964759619863,0.3837827632090652,topology_only_basin,transport_relaxed_topology_persistent
1235,hysteresis,neutral_coupling,self_reinforced_transport,topology_only_basin,0.0,0.5550019683078365,0.0019124445866496,0.1414640775111328,,,,,0.5550019683078365,0.5550019683078365,0.9999999999981982,0.0005096824377397474,0.12308995684755149,0.5550019683078365,0.2393807963257783,topology_only_basin,transport_relaxed_topology_persistent
1236,hysteresis,neutral_coupling,self_reinforced_transport,topology_only_basin,0.0,0.9781781148633002,0.0019310728683179,0.2479583942620435,,,,,0.9781781148633002,0.9781781148633002,0.9999999999989777,0.0005173093330628413,0.23442403237766743,0.9781781148633002,0.42190310927789043,topology_only_basin,transport_relaxed_topology_persistent
1237,hysteresis,neutral_coupling,self_reinforced_transport,topology_only_basin,0.0,0.9989310440506008,0.0023107487441413,0.2538469066709135,,,,,0.9989310440506008,0.9989310440506008,0.9999999999989989,0.000672758354780006,0.24058015512009115,0.9989310440506008,0.4308541635058514,topology_only_basin,transport_relaxed_topology_persistent
1238,hysteresis,neutral_coupling,self_reinforced_transport,topology_only_basin,0.0,0.9999482667506884,0.0064299591517404,0.2583028930182043,,,,,0.9999482667506884,0.9999482667506884,0.999999999999,0.0023592685306498096,0.24523864897860215,0.9999482667506884,0.4312929071390137,topology_only_basin,transport_relaxed_topology_persistent
1239,hysteresis,neutral_coupling,self_reinforced_transport,topology_only_basin,0.0,0.8529618059540844,0.1255494270566952,0.3313251853820785,,,,,0.8529618059540844,0.8529618059540844,0.9999999999988276,0.05112982766384932,0.3215795248249393,0.8529618059540844,0.3678954093934151,topology_only_basin,transport_relaxed_topology_persistent
1240,hysteresis,neutral_coupling,self_reinforced_transport,topology_only_basin,0.0,0.6692279704248792,0.1192643196781726,0.2776886452672842,,,,,0.6692279704248792,0.6692279704248792,0.9999999999985058,0.048556543829948014,0.265505409411982,0.6692279704248792,0.2886482096130793,topology_only_basin,transport_relaxed_topology_persistent
1241,hysteresis,neutral_coupling,self_reinforced_transport,transition_basin,0.0,0.2780800239090612,0.1161696025641045,0.1709730872097583,,,,,0.2780800239090612,0.2780800239090612,0.999999999996404,0.04728948743130283,0.15394003800531056,0.2780800239090612,0.11994014682254349,transition_basin,intermediate_relaxation
1242,hysteresis,neutral_coupling,self_reinforced_transport,transition_basin,0.0,0.3605308923270146,0.1132944002134141,0.1882594737820337,,,,,0.3605308923270146,0.3605308923270146,0.9999999999972263,0.04611230599546779,0.1720120246333109,0.3605308923270146,0.1555024613127405,transition_basin,intermediate_relaxation
1243,hysteresis,neutral_coupling,self_reinforced_transport,topology_only_basin,0.0,0.7070050326959663,0.1084536422402231,0.2685754878658683,,,,,0.7070050326959663,0.7070050326959663,0.9999999999985856,0.04413037577756763,0.2559780939138205,0.7070050326959663,0.30494203155550076,topology_only_basin,transport_relaxed_topology_persistent
1244,hysteresis,neutral_coupling,self_reinforced_transport,topology_only_basin,0.0,0.8698744325253602,0.0969185660001823,0.2980883560304997,,,,,0.8698744325253602,0.8698744325253602,0.9999999999988505,0.03940762031395399,0.28683220889008587,0.8698744325253602,0.3751900826518475,topology_only_basin,transport_relaxed_topology_persistent
1245,hysteresis,neutral_coupling,self_reinforced_transport,topology_only_basin,0.0,0.9472519380725672,0.0633588465485197,0.2775167660307468,,,,,0.9472519380725672,0.9472519380725672,0.9999999999989443,0.02566741217839686,0.2653257189225123,0.9472519380725672,0.40856417851688953,topology_only_basin,transport_relaxed_topology_persistent
1246,hysteresis,neutral_coupling,self_reinforced_transport,topology_only_basin,0.0,0.9806499559483866,0.0744345828363677,0.3017976430487213,,,,,0.9806499559483866,0.9806499559483866,0.9999999999989803,0.030202102108352013,0.2907100687951876,0.9806499559483866,0.4229692519604882,topology_only_basin,transport_relaxed_topology_persistent
1247,hysteresis,neutral_coupling,self_reinforced_transport,topology_only_basin,0.0,0.9109462247474358,0.0717139694969706,0.2808703096882595,,,,,0.9109462247474358,0.9109462247474358,0.9999999999989022,0.029088213370589124,0.26883166829380456,0.9109462247474358,0.39290497176949124,topology_only_basin,transport_relaxed_topology_persistent
1248,hysteresis,neutral_coupling,self_reinforced_transport,topology_only_basin,0.0,0.5973478998954794,0.0711369910848072,0.2017704483632256,,,,,0.5973478998954794,0.5973478998954794,0.999999999998326,0.02885198364035353,0.18613702125661694,0.5973478998954794,0.2576452411448,topology_only_basin,transport_relaxed_topology_persistent
1249,hysteresis,neutral_coupling,self_reinforced_transport,transition_basin,0.0,0.448981726467288,0.0708080431574771,0.1608273643899312,,,,,0.448981726467288,0.448981726467288,0.9999999999977728,0.028717303939178263,0.14333323094562217,0.448981726467288,0.1936526523413135,transition_basin,intermediate_relaxation
1250,hysteresis,neutral_coupling,self_reinforced_transport,topology_only_basin,0.0,0.8780013549492363,0.0698154838819875,0.2673819913983735,,,,,0.8780013549492363,0.8780013549492363,0.999999999998861,0.028310924766320508,0.25473035760346135,0.8780013549492363,0.3786953479888998,topology_only_basin,transport_relaxed_topology_persistent
1251,hysteresis,neutral_coupling,self_reinforced_transport,topology_only_basin,0.0,0.9733511858373168,0.0652552918287852,0.2887684687282367,,,,,0.9733511858373168,0.9733511858373168,0.9999999999989726,0.026443865417407834,0.2770887684089445,0.9733511858373168,0.4198211813208223,topology_only_basin,transport_relaxed_topology_persistent
1252,hysteresis,neutral_coupling,self_reinforced_transport,topology_only_basin,0.0,0.9945142944831966,0.0447820193083763,0.2804037837048327,,,,,0.9945142944831966,0.9945142944831966,0.9999999999989945,0.01806158361521404,0.26834394049141785,0.9945142944831966,0.42894915219239543,topology_only_basin,transport_relaxed_topology_persistent
1253,hysteresis,neutral_coupling,self_reinforced_transport,topology_only_basin,0.0,0.9997359209566647,0.0012208254484442,0.2505467253372054,,,,,0.9997359209566647,0.9997359209566647,0.9999999999989998,0.00022651585992718894,0.23712999318582068,0.9997359209566647,0.43120131916604704,topology_only_basin,transport_relaxed_topology_persistent
1254,hysteresis,neutral_coupling,self_reinforced_transport,topology_only_basin,0.0,0.99459644265667,0.0018895079400493,0.2499621358742515,,,,,0.99459644265667,0.99459644265667,0.9999999999989946,0.0005002915875369092,0.2365188363709941,0.99459644265667,0.42898458394994887,topology_only_basin,transport_relaxed_topology_persistent
1255,hysteresis,neutral_coupling,self_reinforced_transport,topology_only_basin,0.0,0.8897964759619863,0.0019105064167153,0.2244624243126254,,,,,0.8897964759619863,0.8897964759619863,0.9999999999988761,0.0005088889013593937,0.2098602605932968,0.8897964759619863,0.3837827632090652,topology_only_basin,transport_relaxed_topology_persistent
1256,hysteresis,neutral_coupling,self_reinforced_transport,topology_only_basin,0.0,0.5550019683078365,0.0019124445866496,0.1414640775111328,,,,,0.5550019683078365,0.5550019683078365,0.9999999999981982,0.0005096824377397474,0.12308995684755149,0.5550019683078365,0.2393807963257783,topology_only_basin,transport_relaxed_topology_persistent
1257,hysteresis,neutral_coupling,self_reinforced_transport,topology_only_basin,0.0,0.9781781148633002,0.0019310728683179,0.2479583942620435,,,,,0.9781781148633002,0.9781781148633002,0.9999999999989777,0.0005173093330628413,0.23442403237766743,0.9781781148633002,0.42190310927789043,topology_only_basin,transport_relaxed_topology_persistent
1258,hysteresis,neutral_coupling,self_reinforced_transport,topology_only_basin,0.0,0.9989310440506008,0.0023107487441413,0.2538469066709135,,,,,0.9989310440506008,0.9989310440506008,0.9999999999989989,0.000672758354780006,0.24058015512009115,0.9989310440506008,0.4308541635058514,topology_only_basin,transport_relaxed_topology_persistent
1259,hysteresis,neutral_coupling,self_reinforced_transport,topology_only_basin,0.0,0.9999482667506884,0.0064299591517404,0.2583028930182043,,,,,0.9999482667506884,0.9999482667506884,0.999999999999,0.0023592685306498096,0.24523864897860215,0.9999482667506884,0.4312929071390137,topology_only_basin,transport_relaxed_topology_persistent
1260,hysteresis,suppression_sensitive_coupling,self_reinforced_transport,topology_only_basin,0.0,0.8924425318939314,0.1566688341967945,0.3634292604244632,,,,,0.8924425318939314,0.8924425318939314,0.9999999999988795,0.06387090947700268,0.35514260710616163,0.8924425318939314,0.3849240474067462,topology_only_basin,transport_relaxed_topology_persistent
1261,hysteresis,suppression_sensitive_coupling,self_reinforced_transport,topology_only_basin,0.0,0.7452412854187719,0.1499717700847815,0.3240028983855053,,,,,0.7452412854187719,0.7452412854187719,0.9999999999986582,0.06112896001199694,0.31392446793174883,0.7452412854187719,0.3214339093288461,topology_only_basin,transport_relaxed_topology_persistent
1262,hysteresis,suppression_sensitive_coupling,self_reinforced_transport,transition_basin,0.0,0.4337025274018214,0.1475839542796042,0.2450677887132004,,,,,0.4337025274018214,0.4337025274018214,0.9999999999976943,0.06015132710300421,0.23140205987884,0.4337025274018214,0.18706250122768217,transition_basin,intermediate_relaxation
1263,hysteresis,suppression_sensitive_coupling,self_reinforced_transport,transition_basin,0.0,0.1904187562116685,0.1460954482138841,0.1838967058596398,,,,,0.1904187562116685,0.1904187562116685,0.9999999999947484,0.05954189462000947,0.1674509856200434,0.1904187562116685,0.08213050781836269,transition_basin,intermediate_relaxation
1264,hysteresis,suppression_sensitive_coupling,self_reinforced_transport,topology_only_basin,0.0,0.6294218812255071,0.1442350513713428,0.2925970669450322,,,,,0.6294218812255071,0.6294218812255071,0.9999999999984113,0.058780200534095876,0.2810913617495842,0.6294218812255071,0.2714792374737311,topology_only_basin,transport_relaxed_topology_persistent
1265,hysteresis,suppression_sensitive_coupling,self_reinforced_transport,topology_only_basin,0.0,0.8343876102245451,0.1402652168469487,0.3405121686625788,,,,,0.8343876102245451,0.8343876102245451,0.9999999999988015,0.05715484866822404,0.33118402130560604,0.8343876102245451,0.35988407606714873,topology_only_basin,transport_relaxed_topology_persistent
1266,hysteresis,suppression_sensitive_coupling,self_reinforced_transport,topology_only_basin,0.0,0.9317548131847688,0.1274057165309106,0.3559253979740633,,,,,0.9317548131847688,0.9317548131847688,0.9999999999989267,0.0518898400880384,0.3472977228502769,0.9317548131847688,0.4018800326791515,topology_only_basin,transport_relaxed_topology_persistent
1267,hysteresis,suppression_sensitive_coupling,self_reinforced_transport,topology_only_basin,0.0,0.9867164984459912,0.1424176252184552,0.3805201610260635,,,,,0.9867164984459912,0.9867164984459912,0.9999999999989866,0.058036099748401036,0.37301022367491155,0.9867164984459912,0.4255858440753747,topology_only_basin,transport_relaxed_topology_persistent
1268,hysteresis,suppression_sensitive_coupling,self_reinforced_transport,topology_only_basin,0.0,0.9372497795650876,0.1385512514080153,0.3648271507736249,,,,,0.9372497795650876,0.9372497795650876,0.9999999999989331,0.05645310734699467,0.35660402621719656,0.9372497795650876,0.40425009531499156,topology_only_basin,transport_relaxed_topology_persistent
1269,hysteresis,suppression_sensitive_coupling,self_reinforced_transport,topology_only_basin,0.0,0.7148028887732522,0.1377921004757376,0.3088652880196436,,,,,0.7148028887732522,0.7148028887732522,0.999999999998601,0.056142291524150206,0.2980989111580452,0.7148028887732522,0.30830536556872207,topology_only_basin,transport_relaxed_topology_persistent
1270,hysteresis,suppression_sensitive_coupling,self_reinforced_transport,transition_basin,0.0,0.2227866679238821,0.137558610954624,0.1855110927512786,,,,,0.2227866679238821,0.2227866679238821,0.9999999999955114,0.05604669493782614,0.16913874021214007,0.2227866679238821,0.0960912807948912,transition_basin,intermediate_relaxation
1271,hysteresis,suppression_sensitive_coupling,self_reinforced_transport,topology_only_basin,0.0,0.8278129960024421,0.1371906085822152,0.3360673946588738,,,,,0.8278129960024421,0.8278129960024421,0.9999999999987921,0.055896025347201034,0.326537249348749,0.8278129960024421,0.3570483448843922,topology_only_basin,transport_relaxed_topology_persistent
1272,hysteresis,suppression_sensitive_coupling,self_reinforced_transport,topology_only_basin,0.0,0.962231554299348,0.1356253677106504,0.3693218941770779,,,,,0.962231554299348,0.962231554299348,0.9999999999989607,0.055255175670595166,0.3613030384916168,0.962231554299348,0.415025114992402,topology_only_basin,transport_relaxed_topology_persistent
1273,hysteresis,suppression_sensitive_coupling,self_reinforced_transport,topology_only_basin,0.0,0.9921399612322962,0.1271392926104031,0.3706715449299227,,,,,0.9921399612322962,0.9921399612322962,0.9999999999989921,0.05178075931561607,0.3627140257014598,0.9921399612322962,0.4279250661227978,topology_only_basin,transport_relaxed_topology_persistent
1274,hysteresis,suppression_sensitive_coupling,self_reinforced_transport,topology_only_basin,0.0,0.9998376084107208,0.1211825570495914,0.3652430155480583,,,,,0.9998376084107208,0.9998376084107208,0.9999999999989999,0.04934191930886587,0.3570387904526945,0.9998376084107208,0.431245178512713,topology_only_basin,transport_relaxed_topology_persistent
1275,hysteresis,suppression_sensitive_coupling,self_reinforced_transport,topology_only_basin,0.0,0.996659059989515,0.1202496073904475,0.3632228882466785,,,,,0.996659059989515,0.996659059989515,0.9999999999989967,0.04895994583870329,0.3549268561033871,0.996659059989515,0.42987422219962423,topology_only_basin,transport_relaxed_topology_persistent
1276,hysteresis,suppression_sensitive_coupling,self_reinforced_transport,topology_only_basin,0.0,0.931845020910352,0.1202048860738158,0.3466692384208653,,,,,0.931845020910352,0.931845020910352,0.9999999999989269,0.048941635786990824,0.3376209063002919,0.931845020910352,0.40191894064420014,topology_only_basin,transport_relaxed_topology_persistent
1277,hysteresis,suppression_sensitive_coupling,self_reinforced_transport,transition_basin,0.0,0.2804667533002608,0.120202382789798,0.1834745314623201,,,,,0.2804667533002608,0.2804667533002608,0.9999999999964346,0.04894061087844007,0.16700962501346747,0.2804667533002608,0.1209695795361273,transition_basin,intermediate_relaxation
1278,hysteresis,suppression_sensitive_coupling,self_reinforced_transport,topology_only_basin,0.0,0.9647147222014288,0.1201958890837007,0.3541863836315897,,,,,0.9647147222014288,0.9647147222014288,0.9999999999989635,0.048937952188951424,0.34547967696707954,0.9647147222014288,0.416096143103569,topology_only_basin,transport_relaxed_topology_persistent
1279,hysteresis,suppression_sensitive_coupling,self_reinforced_transport,topology_only_basin,0.0,0.9982708189033892,0.1200654212776406,0.3622252677510574,,,,,0.9982708189033892,0.9982708189033892,0.9999999999989982,0.048884535329706304,0.3538838975775377,0.9982708189033892,0.43056939835091745,topology_only_basin,transport_relaxed_topology_persistent
1280,hysteresis,suppression_sensitive_coupling,self_reinforced_transport,topology_only_basin,0.0,0.9999164420482876,0.1173432093043058,0.3552837323608114,,,,,0.9999164420482876,0.9999164420482876,0.9999999999989999,0.047769992070290805,0.34662689599274643,0.9999164420482876,0.4312791806604811,topology_only_basin,transport_relaxed_topology_persistent
1281,hysteresis,base_stabilized_coupling,self_reinforced_transport,topology_only_basin,0.0,0.721148130025146,0.1961388437813869,0.3391630829264546,,,,,0.721148130025146,0.721148130025146,0.9999999999986133,0.08003094167232148,0.3297736247903294,0.721148130025146,0.3110421646982614,topology_only_basin,transport_relaxed_topology_persistent
1282,hysteresis,base_stabilized_coupling,self_reinforced_transport,transition_basin,0.0,0.3679651825082483,0.1633928490423142,0.2337104833021321,,,,,0.3679651825082483,0.3679651825082483,0.9999999999972824,0.06662389326213498,0.21952860843999916,0.3679651825082483,0.15870898382134818,transition_basin,intermediate_relaxation
1283,hysteresis,base_stabilized_coupling,self_reinforced_transport,transition_basin,0.0,0.280971894022401,0.1433257732072284,0.2047842900322108,,,,,0.280971894022401,0.280971894022401,0.999999999996441,0.058407918779892175,0.18928783048520179,0.280971894022401,0.12118745441806905,transition_basin,intermediate_relaxation
1284,hysteresis,base_stabilized_coupling,self_reinforced_transport,topology_only_basin,0.0,0.6727620353413364,0.1285042789683048,0.29187748362525,,,,,0.6727620353413364,0.6727620353413364,0.9999999999985136,0.05233961966862883,0.28033907612421866,0.6727620353413364,0.2901725056017005,topology_only_basin,transport_relaxed_topology_persistent
1285,hysteresis,base_stabilized_coupling,self_reinforced_transport,topology_only_basin,0.0,0.8497281353909787,0.1126129512927844,0.3086330142399015,,,,,0.8497281353909787,0.8497281353909787,0.9999999999988232,0.045833303365046846,0.2978560814247182,0.8497281353909787,0.3665006780615397,topology_only_basin,transport_relaxed_topology_persistent
1286,hysteresis,base_stabilized_coupling,self_reinforced_transport,topology_only_basin,0.0,0.9276427816139436,0.1067863729907419,0.3193581743950825,,,,,0.9276427816139436,0.9276427816139436,0.999999999998922,0.04344775307153214,0.3090686590271685,0.9276427816139436,0.4001064508755733,topology_only_basin,transport_relaxed_topology_persistent
1287,hysteresis,base_stabilized_coupling,self_reinforced_transport,coupled_memory_basin,0.9999999999838048,0.9631618919983994,0.1100783920415899,0.8340152629101386,,,,,1.3884094605574921,-0.03683810798540543,-0.01876468167797982,0.0447955899332205,0.8471149408664744,0.0,0.0,coupled_memory_basin,transport_and_topology_unrelaxed
1288,hysteresis,base_stabilized_coupling,self_reinforced_transport,topology_only_basin,0.0,0.949312357932598,0.1142673533462343,0.3365052603514968,,,,,0.949312357932598,0.949312357932598,0.9999999999989466,0.04651065791167935,0.32699501435989564,0.949312357932598,0.4094528689630936,topology_only_basin,transport_relaxed_topology_persistent
1289,hysteresis,base_stabilized_coupling,self_reinforced_transport,topology_only_basin,0.0,0.769900351723264,0.0766115209694802,0.2555878330288552,,,,,0.769900351723264,0.769900351723264,0.9999999999987012,0.031093396300792445,0.24240019991253584,0.769900351723264,0.3320697399487213,topology_only_basin,transport_relaxed_topology_persistent
1290,hysteresis,base_stabilized_coupling,self_reinforced_transport,erased_basin,0.0,0.0201317642475736,0.0536474658451213,0.0413599718742183,,,,,0.0201317642475736,0.0201317642475736,0.9999999999503273,0.021691324346657954,0.018436503049420648,0.0201317642475736,0.008683136335030104,erased_basin,transport_and_topology_relaxed
1291,hysteresis,base_stabilized_coupling,self_reinforced_transport,topology_only_basin,0.0,0.7778552812334465,0.0338243306083532,0.216610178851779,,,,,0.7778552812334465,0.7778552812334465,0.9999999999987145,0.013575225389251547,0.20165116065359126,0.7778552812334465,0.33550082212428345,topology_only_basin,transport_relaxed_topology_persistent
1292,hysteresis,base_stabilized_coupling,self_reinforced_transport,topology_only_basin,0.0,0.9464143493825824,0.0183210523039365,0.253672915076738,,,,,0.9464143493825824,0.9464143493825824,0.9999999999989434,0.007227786430681842,0.2403982562744199,0.9464143493825824,0.4082029137663998,topology_only_basin,transport_relaxed_topology_persistent
1293,hysteresis,base_stabilized_coupling,self_reinforced_transport,topology_only_basin,0.0,0.9842443335114232,0.0719167217070215,0.3000701870193124,,,,,0.9842443335114232,0.9842443335114232,0.999999999998984,0.02917122531501423,0.2889041065061106,0.9842443335114232,0.42451956171156635,topology_only_basin,transport_relaxed_topology_persistent
1294,hysteresis,base_stabilized_coupling,self_reinforced_transport,coupled_memory_basin,0.999999999954465,0.9929410038972778,0.318275008101315,0.9571813293907606,,,,,1.4092309381820511,-0.0070589960571871835,-0.003541999509037533,0.13003661353294485,0.9758784332918445,0.0,0.0,coupled_memory_basin,transport_and_topology_unrelaxed
1295,hysteresis,base_stabilized_coupling,self_reinforced_transport,topology_only_basin,0.0,0.9986180286220622,0.1254235677888147,0.3668638909090169,,,,,0.9986180286220622,0.9986180286220622,0.9999999999989987,0.05107829765809472,0.35873332839018796,0.9986180286220622,0.43071915518727855,topology_only_basin,transport_relaxed_topology_persistent
1296,hysteresis,base_stabilized_coupling,self_reinforced_transport,topology_only_basin,0.0,0.9729614127170214,0.1916533339400867,0.3996654232072665,,,,,0.9729614127170214,0.9729614127170214,0.9999999999989723,0.07819445913252179,0.39302556468800554,0.9729614127170214,0.41965306624150617,topology_only_basin,transport_relaxed_topology_persistent
1297,hysteresis,base_stabilized_coupling,self_reinforced_transport,topology_only_basin,0.0,0.544256112944937,0.1857292452950347,0.2891627677320326,,,,,0.544256112944937,0.544256112944937,0.9999999999981627,0.0757689856087116,0.2775009867921352,0.544256112944937,0.234745945350717,topology_only_basin,transport_relaxed_topology_persistent
1298,hysteresis,base_stabilized_coupling,self_reinforced_transport,topology_only_basin,0.0,0.8498389427098945,0.1014369270948361,0.2962307440808349,,,,,0.8498389427098945,0.8498389427098945,0.9999999999988234,0.041257552997734856,0.28489017559272817,0.8498389427098945,0.36654847094472826,topology_only_basin,transport_relaxed_topology_persistent
1299,hysteresis,base_stabilized_coupling,self_reinforced_transport,topology_only_basin,0.0,0.9683818501223388,0.6825016004477562,0.4853552664521533,,,,,0.9683818501223388,0.9683818501223388,0.9999999999989674,0.2791603031559488,0.4826096830809567,0.9683818501223388,0.4176778311912931,topology_only_basin,transport_relaxed_topology_persistent
1300,hysteresis,base_stabilized_coupling,self_reinforced_transport,topology_only_basin,0.0,0.9884823416365368,1.858400387418424,0.4952823501150165,,,,,0.9884823416365368,0.9884823416365368,0.9999999999989884,0.760603364758351,0.4929879146714752,0.9884823416365368,0.4263474791204324,topology_only_basin,transport_relaxed_topology_persistent
1301,hysteresis,base_stabilized_coupling,self_reinforced_transport,topology_only_basin,0.0,0.9947983514887564,2.4431137947486428,0.498261912802161,,,,,0.9947983514887564,0.9947983514887564,0.9999999999989948,0.9999999999995905,0.4961028870697973,0.9947983514887564,0.4290716703023764,topology_only_basin,transport_relaxed_topology_persistent
1302,hysteresis,base_stabilized_coupling,self_reinforced_transport,topology_only_basin,0.0,0.721148130025146,0.1961388437813869,0.3391630829264546,,,,,0.721148130025146,0.721148130025146,0.9999999999986133,0.08003094167232148,0.3297736247903294,0.721148130025146,0.3110421646982614,topology_only_basin,transport_relaxed_topology_persistent
1303,hysteresis,base_stabilized_coupling,self_reinforced_transport,transition_basin,0.0,0.3679651825082483,0.1633928490423142,0.2337104833021321,,,,,0.3679651825082483,0.3679651825082483,0.9999999999972824,0.06662389326213498,0.21952860843999916,0.3679651825082483,0.15870898382134818,transition_basin,intermediate_relaxation
1304,hysteresis,base_stabilized_coupling,self_reinforced_transport,transition_basin,0.0,0.280971894022401,0.1433257732072284,0.2047842900322108,,,,,0.280971894022401,0.280971894022401,0.999999999996441,0.058407918779892175,0.18928783048520179,0.280971894022401,0.12118745441806905,transition_basin,intermediate_relaxation
1305,hysteresis,base_stabilized_coupling,self_reinforced_transport,topology_only_basin,0.0,0.6727620353413364,0.1285042789683048,0.29187748362525,,,,,0.6727620353413364,0.6727620353413364,0.9999999999985136,0.05233961966862883,0.28033907612421866,0.6727620353413364,0.2901725056017005,topology_only_basin,transport_relaxed_topology_persistent
1306,hysteresis,base_stabilized_coupling,self_reinforced_transport,topology_only_basin,0.0,0.8497281353909787,0.1126129512927844,0.3086330142399015,,,,,0.8497281353909787,0.8497281353909787,0.9999999999988232,0.045833303365046846,0.2978560814247182,0.8497281353909787,0.3665006780615397,topology_only_basin,transport_relaxed_topology_persistent
1307,hysteresis,base_stabilized_coupling,self_reinforced_transport,topology_only_basin,0.0,0.9276427816139436,0.1067863729907419,0.3193581743950825,,,,,0.9276427816139436,0.9276427816139436,0.999999999998922,0.04344775307153214,0.3090686590271685,0.9276427816139436,0.4001064508755733,topology_only_basin,transport_relaxed_topology_persistent
1308,hysteresis,base_stabilized_coupling,self_reinforced_transport,coupled_memory_basin,0.9999999999838048,0.9631618919983994,0.1100783920415899,0.8340152629101386,,,,,1.3884094605574921,-0.03683810798540543,-0.01876468167797982,0.0447955899332205,0.8471149408664744,0.0,0.0,coupled_memory_basin,transport_and_topology_unrelaxed
1309,hysteresis,base_stabilized_coupling,self_reinforced_transport,topology_only_basin,0.0,0.949312357932598,0.1142673533462343,0.3365052603514968,,,,,0.949312357932598,0.949312357932598,0.9999999999989466,0.04651065791167935,0.32699501435989564,0.949312357932598,0.4094528689630936,topology_only_basin,transport_relaxed_topology_persistent
1310,hysteresis,base_stabilized_coupling,self_reinforced_transport,topology_only_basin,0.0,0.769900351723264,0.0766115209694802,0.2555878330288552,,,,,0.769900351723264,0.769900351723264,0.9999999999987012,0.031093396300792445,0.24240019991253584,0.769900351723264,0.3320697399487213,topology_only_basin,transport_relaxed_topology_persistent
1311,hysteresis,base_stabilized_coupling,self_reinforced_transport,erased_basin,0.0,0.0201317642475736,0.0536474658451213,0.0413599718742183,,,,,0.0201317642475736,0.0201317642475736,0.9999999999503273,0.021691324346657954,0.018436503049420648,0.0201317642475736,0.008683136335030104,erased_basin,transport_and_topology_relaxed
1312,hysteresis,base_stabilized_coupling,self_reinforced_transport,topology_only_basin,0.0,0.7778552812334465,0.0338243306083532,0.216610178851779,,,,,0.7778552812334465,0.7778552812334465,0.9999999999987145,0.013575225389251547,0.20165116065359126,0.7778552812334465,0.33550082212428345,topology_only_basin,transport_relaxed_topology_persistent
1313,hysteresis,base_stabilized_coupling,self_reinforced_transport,topology_only_basin,0.0,0.9464143493825824,0.0183210523039365,0.253672915076738,,,,,0.9464143493825824,0.9464143493825824,0.9999999999989434,0.007227786430681842,0.2403982562744199,0.9464143493825824,0.4082029137663998,topology_only_basin,transport_relaxed_topology_persistent
1314,hysteresis,base_stabilized_coupling,self_reinforced_transport,topology_only_basin,0.0,0.9842443335114232,0.0719167217070215,0.3000701870193124,,,,,0.9842443335114232,0.9842443335114232,0.999999999998984,0.02917122531501423,0.2889041065061106,0.9842443335114232,0.42451956171156635,topology_only_basin,transport_relaxed_topology_persistent
1315,hysteresis,base_stabilized_coupling,self_reinforced_transport,coupled_memory_basin,0.999999999954465,0.9929410038972778,0.318275008101315,0.9571813293907606,,,,,1.4092309381820511,-0.0070589960571871835,-0.003541999509037533,0.13003661353294485,0.9758784332918445,0.0,0.0,coupled_memory_basin,transport_and_topology_unrelaxed
1316,hysteresis,base_stabilized_coupling,self_reinforced_transport,topology_only_basin,0.0,0.9986180286220622,0.1254235677888147,0.3668638909090169,,,,,0.9986180286220622,0.9986180286220622,0.9999999999989987,0.05107829765809472,0.35873332839018796,0.9986180286220622,0.43071915518727855,topology_only_basin,transport_relaxed_topology_persistent
1317,hysteresis,base_stabilized_coupling,self_reinforced_transport,topology_only_basin,0.0,0.9729614127170214,0.1916533339400867,0.3996654232072665,,,,,0.9729614127170214,0.9729614127170214,0.9999999999989723,0.07819445913252179,0.39302556468800554,0.9729614127170214,0.41965306624150617,topology_only_basin,transport_relaxed_topology_persistent
1318,hysteresis,base_stabilized_coupling,self_reinforced_transport,topology_only_basin,0.0,0.544256112944937,0.1857292452950347,0.2891627677320326,,,,,0.544256112944937,0.544256112944937,0.9999999999981627,0.0757689856087116,0.2775009867921352,0.544256112944937,0.234745945350717,topology_only_basin,transport_relaxed_topology_persistent
1319,hysteresis,base_stabilized_coupling,self_reinforced_transport,topology_only_basin,0.0,0.8498389427098945,0.1014369270948361,0.2962307440808349,,,,,0.8498389427098945,0.8498389427098945,0.9999999999988234,0.041257552997734856,0.28489017559272817,0.8498389427098945,0.36654847094472826,topology_only_basin,transport_relaxed_topology_persistent
1320,hysteresis,base_stabilized_coupling,self_reinforced_transport,topology_only_basin,0.0,0.9683818501223388,0.6825016004477562,0.4853552664521533,,,,,0.9683818501223388,0.9683818501223388,0.9999999999989674,0.2791603031559488,0.4826096830809567,0.9683818501223388,0.4176778311912931,topology_only_basin,transport_relaxed_topology_persistent
1321,hysteresis,base_stabilized_coupling,self_reinforced_transport,topology_only_basin,0.0,0.9884823416365368,1.858400387418424,0.4952823501150165,,,,,0.9884823416365368,0.9884823416365368,0.9999999999989884,0.760603364758351,0.4929879146714752,0.9884823416365368,0.4263474791204324,topology_only_basin,transport_relaxed_topology_persistent
1322,hysteresis,base_stabilized_coupling,self_reinforced_transport,topology_only_basin,0.0,0.9947983514887564,2.4431137947486428,0.498261912802161,,,,,0.9947983514887564,0.9947983514887564,0.9999999999989948,0.9999999999995905,0.4961028870697973,0.9947983514887564,0.4290716703023764,topology_only_basin,transport_relaxed_topology_persistent
1323,hysteresis,neutral_coupling,self_reinforced_transport,coupled_memory_basin,0.7671014308863727,0.5852246024968951,0.0683188875623339,0.5665405975352875,,,,,0.9648484029294805,-0.1818768283894776,-0.13449184878466117,0.02769817992628787,0.5674845764885416,0.0,0.0,coupled_memory_basin,transport_and_topology_unrelaxed
1324,hysteresis,neutral_coupling,self_reinforced_transport,transport_dominant_basin,0.6411378529154506,0.1107276714517892,0.0026770736118013,0.3508698277358648,,,,,0.6506292059738552,-0.5304101814636614,-0.7054588410731324,0.0008227411320236777,0.34201239630966984,0.0,0.0,transport_dominant_basin,transport_unrelaxed_topology_relaxed
1325,hysteresis,neutral_coupling,self_reinforced_transport,transition_basin,0.3815645140317336,0.3478964161946532,0.0670544843837106,0.3246754594604195,,,,,0.5163558799600876,-0.03366809783708036,-0.04615476503530542,0.027180500901391152,0.31462759433133175,0.0,0.0,transition_basin,intermediate_relaxation
1326,hysteresis,neutral_coupling,self_reinforced_transport,transition_basin,0.0843445921032675,0.4997414166445647,0.0652175019413814,0.2092573244755258,,,,,0.5068091294826712,0.41539682454129717,0.7111911915697429,0.02642839327023761,0.19396414721040003,0.41539682454129717,0.17916697296241152,transition_basin,intermediate_relaxation
1327,hysteresis,neutral_coupling,self_reinforced_transport,transition_basin,0.4740948020234867,0.4744902873061405,0.0372189449449167,0.3778660760556944,,,,,0.6707510074935056,0.000395485282653818,0.00041692125155888093,0.014965067386933024,0.37023552070887844,0.000395485282653818,0.00017057882188317947,transition_basin,intermediate_relaxation
1328,hysteresis,neutral_coupling,self_reinforced_transport,transition_basin,0.6822522746887347,0.4146541634030529,0.1546212173210377,0.580837036604303,,,,,0.7983772551528747,-0.26759811128568184,-0.2439570978824409,0.06303256271742082,0.5824307339519901,0.0,0.0,transition_basin,intermediate_relaxation
1329,hysteresis,neutral_coupling,self_reinforced_transport,transition_basin,0.7805068101319568,0.4236564461229901,0.2310393002032063,0.6659873426378876,,,,,0.8880741326060141,-0.3568503640089667,-0.2963471623594513,0.09432008184086312,0.6714507952340352,0.0,0.0,transition_basin,intermediate_relaxation
1330,hysteresis,neutral_coupling,self_reinforced_transport,coupled_memory_basin,0.88569566137908,0.8536314102393115,0.0879002006589244,0.7275904837930725,,,,,1.2300989346930116,-0.03206425113976841,-0.01843486004614138,0.035715270709844316,0.7358535631893035,0.0,0.0,coupled_memory_basin,transport_and_topology_unrelaxed
1331,hysteresis,neutral_coupling,self_reinforced_transport,transport_dominant_basin,0.7912281806168585,0.3939170328193763,0.1736779109861088,0.6406930361962151,,,,,0.8838623549781299,-0.3973111477974822,-0.33524258740004925,0.07083486087759384,0.6450069594522071,0.0,0.0,transport_dominant_basin,transport_unrelaxed_topology_relaxed
1332,hysteresis,neutral_coupling,self_reinforced_transport,transport_dominant_basin,0.5402483288088658,0.3386540289952827,0.212502144118579,0.5230553983518689,,,,,0.6376165055387997,-0.20159429981358307,-0.22937053021113443,0.08673049566416849,0.5220231415684714,0.0,0.0,transport_dominant_basin,transport_unrelaxed_topology_relaxed
1333,hysteresis,neutral_coupling,self_reinforced_transport,topology_only_basin,0.0757725880889391,0.5245960709722814,0.0809796110829594,0.2376442272487822,,,,,0.5300401143170684,0.44882348288334234,0.7475798013580645,0.03288180419855573,0.22364112598116395,0.44882348288334234,0.19358439947501496,topology_only_basin,transport_relaxed_topology_persistent
1334,hysteresis,neutral_coupling,self_reinforced_transport,transition_basin,0.6009240700106019,0.4871928580304351,0.1084346041354114,0.5119708012482065,,,,,0.7736062427578841,-0.11373121198016678,-0.1045211310008891,0.044122581090159825,0.5104347919850228,0.0,0.0,transition_basin,intermediate_relaxation
1335,hysteresis,neutral_coupling,self_reinforced_transport,transition_basin,0.8107130297244122,0.4579281971706357,0.232688256174534,0.6986580796284204,,,,,0.9311035658447905,-0.35278483255377646,-0.27808085144523176,0.09499520662207729,0.7056062920784002,0.0,0.0,transition_basin,intermediate_relaxation
1336,hysteresis,neutral_coupling,self_reinforced_transport,coupled_memory_basin,0.8899328355531735,0.5156532943461981,0.3077528663473674,0.7761228953695434,,,,,1.028532338706858,-0.3742795412069754,-0.2662800473376216,0.12572857937493243,0.7865915869727865,0.0,0.0,coupled_memory_basin,transport_and_topology_unrelaxed
1337,hysteresis,neutral_coupling,self_reinforced_transport,coupled_memory_basin,0.900861251138424,0.9653677908975,0.2149126338088938,0.857301390914895,,,,,1.3204112864956152,0.06450653975907605,0.03456517839239572,0.08771741184209557,0.8714593341935797,0.06450653975907605,0.027822652418384355,coupled_memory_basin,transport_and_topology_unrelaxed
1338,hysteresis,neutral_coupling,self_reinforced_transport,transition_basin,0.8097120678294928,0.4804979138548393,0.3457238418518256,0.7419255230953363,,,,,0.9415475973138935,-0.3292141539746535,-0.2551632359444458,0.1412748686486811,0.7508400751187467,0.0,0.0,transition_basin,intermediate_relaxation
1339,hysteresis,neutral_coupling,self_reinforced_transport,transport_dominant_basin,0.5676211641796782,0.245275479481812,0.2076121593526236,0.5126238664897044,,,,,0.6183476747427179,-0.32234568469786623,-0.3965395689734232,0.0847284107373053,0.5111175365402378,0.0,0.0,transport_dominant_basin,transport_unrelaxed_topology_relaxed
1340,hysteresis,neutral_coupling,self_reinforced_transport,transition_basin,0.0476986299738319,0.3366193975081525,0.006868176748525,0.1192552922894393,,,,,0.3399820261133405,0.2889207675343206,0.7517752144663902,0.0025386860313579614,0.09987186740633253,0.2889207675343206,0.12461592454940522,transition_basin,intermediate_relaxation
1341,hysteresis,neutral_coupling,self_reinforced_transport,transport_dominant_basin,0.6029286848789541,0.3139314340353988,0.082703513259406,0.453325582783194,,,,,0.6797616820072953,-0.2889972508435553,-0.3152032080809007,0.03358761387446298,0.44912437297613234,0.0,0.0,transport_dominant_basin,transport_unrelaxed_topology_relaxed
1342,hysteresis,neutral_coupling,self_reinforced_transport,transport_dominant_basin,0.8198013854209366,0.3835720517644286,0.170442115521042,0.6515371281124319,,,,,0.9050976910990661,-0.436229333656508,-0.36250537046626663,0.06951004339101896,0.6563438738086746,0.0,0.0,transport_dominant_basin,transport_unrelaxed_topology_relaxed
1343,hysteresis,neutral_coupling,self_reinforced_transport,coupled_memory_basin,0.9025363738655996,0.5752524447040153,0.2729367969605518,0.7879571816931549,,,,,1.0702743953250549,-0.32728392916158433,-0.2214686733644042,0.11147398941848552,0.7989636962796123,0.0,0.0,coupled_memory_basin,transport_and_topology_unrelaxed
1344,hysteresis,suppression_sensitive_coupling,self_reinforced_transport,coupled_memory_basin,0.9999999998722978,0.7188798531265163,0.1132350994722344,0.777321503857715,,,,,1.2315795723280722,-0.28112014674578156,-0.16354845642943955,0.04608802675417153,0.7878446676255811,0.0,0.0,coupled_memory_basin,transport_and_topology_unrelaxed
1345,hysteresis,suppression_sensitive_coupling,self_reinforced_transport,transport_dominant_basin,0.9999999998179472,0.3517689806787135,0.0537030330020309,0.624969556038296,,,,,1.060066703280334,-0.6482310191392338,-0.47954275360023735,0.021714074962989497,0.6285689073485199,0.0,0.0,transport_dominant_basin,transport_unrelaxed_topology_relaxed
1346,hysteresis,suppression_sensitive_coupling,self_reinforced_transport,transport_dominant_basin,0.8587794605536964,0.1721088332547462,0.0106870905364528,0.4855983341439499,,,,,0.875855931277061,-0.6866706272989501,-0.6660960565974567,0.00410224708476472,0.4828637972682959,0.0,0.0,transport_dominant_basin,transport_unrelaxed_topology_relaxed
1347,hysteresis,suppression_sensitive_coupling,self_reinforced_transport,transition_basin,0.111405985301076,0.429897283728207,0.0345148232710119,0.1843828304815856,,,,,0.4440979262705401,0.31849129842713103,0.5883786717151954,0.013857930759142104,0.167959202743999,0.31849129842713103,0.13737014460105515,transition_basin,intermediate_relaxation
1348,hysteresis,suppression_sensitive_coupling,self_reinforced_transport,transition_basin,0.9083551757370264,0.4579184558109067,0.0468811484463325,0.6030750046055356,,,,,1.0172504300615899,-0.4504367199261197,-0.3296826561861282,0.01892102081344431,0.6056793324182962,0.0,0.0,transition_basin,intermediate_relaxation
1349,hysteresis,suppression_sensitive_coupling,self_reinforced_transport,transition_basin,0.9999999998251364,0.4281825095954408,0.17720621189775,0.7557676161407011,,,,,1.087814442436633,-0.5718174902296956,-0.4003812443139954,0.07227943758094361,0.7653112382721021,0.0,0.0,transition_basin,intermediate_relaxation
1350,hysteresis,suppression_sensitive_coupling,self_reinforced_transport,transition_basin,0.999999999874588,0.4618461723007132,0.2756680890049363,0.8135532797303201,,,,,1.1014998350512795,-0.5381538275738749,-0.3681330073004238,0.11259225029140159,0.8257230389289619,0.0,0.0,transition_basin,intermediate_relaxation
1351,hysteresis,suppression_sensitive_coupling,self_reinforced_transport,coupled_memory_basin,0.9999999998522602,0.9063107425945988,0.0567230564188978,0.7651806267786764,,,,,1.3495922205788287,-0.09368925725766142,-0.049146896763198604,0.022950549850146277,0.7751520341878632,0.0,0.0,coupled_memory_basin,transport_and_topology_unrelaxed
1352,hysteresis,suppression_sensitive_coupling,self_reinforced_transport,coupled_memory_basin,0.9999999997366716,0.5860108586986196,0.1266247072160675,0.7687891291598844,,,,,1.1590551004961054,-0.41398914103805207,-0.26102541406697544,0.05157007488388616,0.7789245291802457,0.0,0.0,coupled_memory_basin,transport_and_topology_unrelaxed
1353,hysteresis,suppression_sensitive_coupling,self_reinforced_transport,transport_dominant_basin,0.9999999992563502,0.1507626054565258,0.1787838479777965,0.6872879900730977,,,,,1.0113008265183712,-0.8492373937998243,-0.7379779203122241,0.07292536217316871,0.6937194755049171,0.0,0.0,transport_dominant_basin,transport_unrelaxed_topology_relaxed
1354,hysteresis,suppression_sensitive_coupling,self_reinforced_transport,transition_basin,0.0,0.4809040877455538,0.0815763101751918,0.1941931087711223,,,,,0.4809040877455538,0.4809040877455538,0.9999999999979207,0.03312610807998061,0.1782153206043861,0.4809040877455538,0.20742125263419028,transition_basin,intermediate_relaxation
1355,hysteresis,suppression_sensitive_coupling,self_reinforced_transport,transition_basin,0.9999999993290216,0.48280954030664,0.1387413921667701,0.7515672308102538,,,,,1.1104526333298292,-0.5171904590223817,-0.3487908899946185,0.0565309558404574,0.7609199615175929,0.0,0.0,transition_basin,intermediate_relaxation
1356,hysteresis,suppression_sensitive_coupling,self_reinforced_transport,transition_basin,0.9999999997478836,0.4725675174074785,0.2989599187628218,0.8199100865574573,,,,,1.1060380002533523,-0.5274324823404051,-0.35817202009108323,0.12212852157019666,0.8323687382772026,0.0,0.0,transition_basin,intermediate_relaxation
1357,hysteresis,suppression_sensitive_coupling,self_reinforced_transport,coupled_memory_basin,0.9999999998548892,0.5492199698413505,0.3876027942223143,0.8586810428347845,,,,,1.1408955144895225,-0.4507800300135387,-0.2909722562520502,0.15842118367966362,0.8729016860085926,0.0,0.0,coupled_memory_basin,transport_and_topology_unrelaxed
1358,hysteresis,suppression_sensitive_coupling,self_reinforced_transport,coupled_memory_basin,0.9999999998052932,0.9791979493835506,0.2302949124502951,0.9243338010102068,,,,,1.3995815887927139,-0.020802050421742546,-0.01051034356126812,0.09401531044152853,0.941538110565966,0.0,0.0,coupled_memory_basin,transport_and_topology_unrelaxed
1359,hysteresis,suppression_sensitive_coupling,self_reinforced_transport,coupled_memory_basin,0.9999999994507266,0.6476709065936054,0.343544789535505,0.8796173063123255,,,,,1.1914183153490783,-0.3523290928571212,-0.213834626541271,0.14038270885552082,0.8947894224666701,0.0,0.0,coupled_memory_basin,transport_and_topology_unrelaxed
1360,hysteresis,suppression_sensitive_coupling,self_reinforced_transport,transition_basin,0.0,0.1640457355506978,0.2721440158666151,0.238052750414285,,,,,0.1640457355506978,0.1640457355506978,0.9999999999939041,0.11114940454666278,0.22406821495972676,0.1640457355506978,0.07075542259733568,transition_basin,intermediate_relaxation
1361,hysteresis,suppression_sensitive_coupling,self_reinforced_transport,transition_basin,0.0,0.327872965691348,0.0155871870212793,0.097812078957851,,,,,0.327872965691348,0.327872965691348,0.9999999999969501,0.006108472008152524,0.07745414216516819,0.327872965691348,0.1414166004855613,transition_basin,intermediate_relaxation
1362,hysteresis,suppression_sensitive_coupling,self_reinforced_transport,transition_basin,0.0,0.3157315296592852,0.1192325269589482,0.1887893249918521,,,,,0.3157315296592852,0.3157315296592852,0.9999999999968329,0.04854352707693351,0.17256595555106705,0.3157315296592852,0.1361798143264866,transition_basin,intermediate_relaxation
1363,hysteresis,suppression_sensitive_coupling,self_reinforced_transport,transport_dominant_basin,0.9999999994776236,0.396032764981562,0.2446600851552425,0.783619535623188,,,,,1.0755658742699996,-0.6039672344960616,-0.4326311314975491,0.09989677983681047,0.7944289208107375,0.0,0.0,transport_dominant_basin,transport_unrelaxed_topology_relaxed
1364,hysteresis,suppression_sensitive_coupling,self_reinforced_transport,coupled_memory_basin,0.9999999998086336,0.6031769313759571,0.3643680508759486,0.8707697229798291,,,,,1.167828073888183,-0.39682306843267656,-0.24752294067705655,0.14890828503892423,0.8855397503616024,0.0,0.0,coupled_memory_basin,transport_and_topology_unrelaxed
1365,hysteresis,gradient_driven_coupling,self_reinforced_transport,topology_only_basin,0.0,0.8828794885310727,0.1670240292295375,0.3668158105081183,,,,,0.8828794885310727,0.8828794885310727,0.9999999999988674,0.06811059137419825,0.3586830629192363,0.8828794885310727,0.3807993612502651,topology_only_basin,transport_relaxed_topology_persistent
1366,hysteresis,gradient_driven_coupling,self_reinforced_transport,topology_only_basin,0.0,0.727402458537661,0.1537942615196827,0.320768681861306,,,,,0.727402458537661,0.727402458537661,0.9999999999986253,0.0626939858456478,0.31054326865490695,0.727402458537661,0.3137397517795714,topology_only_basin,transport_relaxed_topology_persistent
1367,hysteresis,gradient_driven_coupling,self_reinforced_transport,transition_basin,0.0,0.3982502055421765,0.1486903907895609,0.236904988360334,,,,,0.3982502055421765,0.3982502055421765,0.9999999999974891,0.060604330530445887,0.22286829151682538,0.3982502055421765,0.1717713752083733,transition_basin,intermediate_relaxation
1368,hysteresis,gradient_driven_coupling,self_reinforced_transport,transition_basin,0.0,0.2354665805659079,0.1455606433712226,0.1944583818361548,,,,,0.2354665805659079,0.2354665805659079,0.9999999999957531,0.05932293182859946,0.17849264931411915,0.2354665805659079,0.10156032011171372,transition_basin,intermediate_relaxation
1369,hysteresis,gradient_driven_coupling,self_reinforced_transport,topology_only_basin,0.0,0.6491625874102792,0.1419034563232477,0.2954314031550908,,,,,0.6491625874102792,0.6491625874102792,0.9999999999984596,0.057825585842074846,0.2840545076837142,0.6491625874102792,0.2799937045141847,topology_only_basin,transport_relaxed_topology_persistent
1370,hysteresis,gradient_driven_coupling,self_reinforced_transport,topology_only_basin,0.0,0.8427226650337419,0.1345191422427216,0.339094531804654,,,,,0.8427226650337419,0.8427226650337419,0.9999999999988134,0.05480225864916153,0.329701958282622,0.8427226650337419,0.3634791120698641,topology_only_basin,transport_relaxed_topology_persistent
1371,hysteresis,gradient_driven_coupling,self_reinforced_transport,topology_only_basin,0.0,0.9348664307105122,0.1120662970395294,0.3290422379297288,,,,,0.9348664307105122,0.9348664307105122,0.9999999999989303,0.04560948912164324,0.31919282615551,0.9348664307105122,0.40322212067830715,topology_only_basin,transport_relaxed_topology_persistent
1372,hysteresis,gradient_driven_coupling,self_reinforced_transport,topology_only_basin,0.0,0.9854851394323726,0.1408952896884798,0.3786366910205581,,,,,0.9854851394323726,0.9854851394323726,0.9999999999989853,0.057412816616843776,0.37104115717212227,0.9854851394323726,0.4250547401909296,topology_only_basin,transport_relaxed_topology_persistent
1373,hysteresis,gradient_driven_coupling,self_reinforced_transport,topology_only_basin,0.0,0.9319887795343332,0.1340902338125542,0.3610609203737793,,,,,0.9319887795343332,0.9319887795343332,0.9999999999989271,0.05462665255954318,0.3526666350718926,0.9319887795343332,0.40198094592679806,topology_only_basin,transport_relaxed_topology_persistent
1374,hysteresis,gradient_driven_coupling,self_reinforced_transport,topology_only_basin,0.0,0.6914058920663461,0.1327135472311744,0.3005650584507602,,,,,0.6914058920663461,0.6914058920663461,0.9999999999985537,0.05406300183556045,0.2894214679485562,0.6914058920663461,0.2982138847755868,topology_only_basin,transport_relaxed_topology_persistent
1375,hysteresis,gradient_driven_coupling,self_reinforced_transport,transition_basin,0.0,0.2814444587800069,0.1322974523947744,0.1977245600731529,,,,,0.2814444587800069,0.2814444587800069,0.999999999996447,0.053892641959206254,0.18190726284118003,0.2814444587800069,0.12139127879068543,transition_basin,intermediate_relaxation
1376,hysteresis,gradient_driven_coupling,self_reinforced_transport,topology_only_basin,0.0,0.8407873914034765,0.1316740626904358,0.3368600131169755,,,,,0.8407873914034765,0.8407873914034765,0.9999999999988106,0.053637410258014204,0.32736588927971605,0.8407873914034765,0.3626443990973431,topology_only_basin,transport_relaxed_topology_persistent
1377,hysteresis,gradient_driven_coupling,self_reinforced_transport,topology_only_basin,0.0,0.9650694154432682,0.1290537512252867,0.3660047488188002,,,,,0.9650694154432682,0.9650694154432682,0.9999999999989638,0.05256458767488765,0.3578351415828392,0.9650694154432682,0.4162491276973746,topology_only_basin,transport_relaxed_topology_persistent
1378,hysteresis,gradient_driven_coupling,self_reinforced_transport,topology_only_basin,0.0,0.99272642663134,0.1150977305302669,0.3480590576382271,,,,,0.99272642663134,0.99272642663134,0.9999999999989927,0.04685063558509403,0.33907388747750244,0.99272642663134,0.4281780175756884,topology_only_basin,transport_relaxed_topology_persistent
1379,hysteresis,gradient_driven_coupling,self_reinforced_transport,topology_only_basin,0.0,0.9998186193346408,0.1053486560908636,0.336701853713212,,,,,0.9998186193346408,0.9998186193346408,0.9999999999989998,0.04285911497302869,0.32720054213686717,0.9998186193346408,0.43123698823517687,topology_only_basin,transport_relaxed_topology_persistent
1380,hysteresis,gradient_driven_coupling,self_reinforced_transport,topology_only_basin,0.0,0.9962743144156716,0.1038902677092417,0.3349404273434136,,,,,0.9962743144156716,0.9962743144156716,0.9999999999989962,0.04226201344079373,0.3253590656855504,0.9962743144156716,0.4297082755776145,topology_only_basin,transport_relaxed_topology_persistent
1381,hysteresis,gradient_driven_coupling,self_reinforced_transport,topology_only_basin,0.0,0.924002068321352,0.1038200473445041,0.3165222257638114,,,,,0.924002068321352,0.924002068321352,0.9999999999989178,0.042233263426115004,0.3061038273934582,0.924002068321352,0.39853615581908614,topology_only_basin,transport_relaxed_topology_persistent
1382,hysteresis,gradient_driven_coupling,self_reinforced_transport,transition_basin,0.0,0.3547198768651217,0.1038161225838969,0.1738515378437314,,,,,0.3547198768651217,0.3547198768651217,0.9999999999971809,0.042231656528664535,0.15694930319494546,0.3547198768651217,0.1529960818975998,transition_basin,intermediate_relaxation
1383,hysteresis,gradient_driven_coupling,self_reinforced_transport,topology_only_basin,0.0,0.9683560662837846,0.1038060597404526,0.3269104451423747,,,,,0.9683560662837846,0.9683560662837846,0.9999999999989674,0.042227536542990655,0.3169641515516156,0.9683560662837846,0.41766671022928237,topology_only_basin,transport_relaxed_topology_persistent
1384,hysteresis,gradient_driven_coupling,self_reinforced_transport,topology_only_basin,0.0,0.9984493078143144,0.10360395470857,0.3340836154689848,,,,,0.9984493078143144,0.9984493078143144,0.9999999999989985,0.04214478956987278,0.3244633149933714,0.9984493078143144,0.4306463833348858,topology_only_basin,transport_relaxed_topology_persistent
1385,hysteresis,gradient_driven_coupling,self_reinforced_transport,topology_only_basin,0.0,0.9999251072665032,0.0993982822389174,0.3320015849398751,,,,,0.9999251072665032,0.9999251072665032,0.9999999999989999,0.04042287961272186,0.32228666415174867,0.9999251072665032,0.43128291810098623,topology_only_basin,transport_relaxed_topology_persistent
1386,hysteresis,gradient_driven_coupling,self_reinforced_transport,coupled_memory_basin,0.9999999998436064,0.6635339844331468,0.110754287767453,0.7599836361151441,,,,,1.200115556179879,-0.3364660154104596,-0.20225977863418348,0.045072318943564844,0.7697188602052895,0.0,0.0,coupled_memory_basin,transport_and_topology_unrelaxed
1387,hysteresis,gradient_driven_coupling,self_reinforced_transport,transport_dominant_basin,0.9999999997716128,0.2449010309642525,0.0379975674471304,0.5863478066907448,,,,,1.0295516084736012,-0.7550989688073603,-0.6065534128125929,0.01528385536890212,0.5881919474303401,0.0,0.0,transport_dominant_basin,transport_unrelaxed_topology_relaxed
1388,hysteresis,gradient_driven_coupling,self_reinforced_transport,transport_dominant_basin,0.9683573312709172,0.2638978548680093,0.0313863963236711,0.5701959633135599,,,,,1.0036722566804712,-0.7044594764029078,-0.5716831094131133,0.012577072691920727,0.5713060646398791,0.0,0.0,transport_dominant_basin,transport_unrelaxed_topology_relaxed
1389,hysteresis,gradient_driven_coupling,self_reinforced_transport,transition_basin,0.147222642370198,0.4654569778833519,0.0465272750071745,0.2220202243560331,,,,,0.4881851131351368,0.3182343355131539,0.5194139399984239,0.018776135969735177,0.20730707200330975,0.3182343355131539,0.13725931258515872,transition_basin,intermediate_relaxation
1390,hysteresis,gradient_driven_coupling,self_reinforced_transport,transition_basin,0.9999999996216884,0.4652456664521943,0.0451674944950437,0.6491370467495807,,,,,1.1029295214998658,-0.5347543331694942,-0.36495882264030194,0.01821940702322946,0.6538347179411828,0.0,0.0,transition_basin,intermediate_relaxation
1391,hysteresis,gradient_driven_coupling,self_reinforced_transport,transition_basin,0.9999999997818164,0.4203267132238779,0.1700849701023985,0.7518778967263932,,,,,1.0847463046322035,-0.5796732865579386,-0.4081267227107391,0.06936381891515914,0.7612447460096423,0.0,0.0,transition_basin,intermediate_relaxation
1392,hysteresis,gradient_driven_coupling,self_reinforced_transport,transition_basin,0.9999999998467664,0.4428009215317632,0.2566336877402233,0.7972373451805805,,,,,1.0936510667497708,-0.5571990783150031,-0.38619262717287356,0.10479907921052978,0.8086656076506905,0.0,0.0,transition_basin,intermediate_relaxation
1393,hysteresis,gradient_driven_coupling,self_reinforced_transport,coupled_memory_basin,0.9999999998177588,0.8854109777839242,0.0467699122090961,0.7555789348649009,,,,,1.335646884178525,-0.11458902203383459,-0.06077668126210634,0.01887547785072539,0.7651139821550438,0.0,0.0,coupled_memory_basin,transport_and_topology_unrelaxed
1394,hysteresis,gradient_driven_coupling,self_reinforced_transport,coupled_memory_basin,0.9999999996557524,0.5062575684517224,0.1298344453006685,0.7518269970496017,,,,,1.120846432356438,-0.49374243120402994,-0.3277941579567038,0.052884223811935596,0.7611915331375073,0.0,0.0,coupled_memory_basin,transport_and_topology_unrelaxed
1395,hysteresis,gradient_driven_coupling,self_reinforced_transport,transport_dominant_basin,0.9999999987508316,0.2445548694667512,0.1854073373635003,0.7130119662857864,,,,,1.029469320417837,-0.7554451292840804,-0.607000260555327,0.0756371882620103,0.7206125079030418,0.0,0.0,transport_dominant_basin,transport_unrelaxed_topology_relaxed
1396,hysteresis,gradient_driven_coupling,self_reinforced_transport,topology_only_basin,0.0,0.501158838582723,0.0788879341430113,0.1950551158081457,,,,,0.501158838582723,0.501158838582723,0.9999999999980047,0.03202541812093587,0.17911650255939998,0.501158838582723,0.21615743495722753,topology_only_basin,transport_relaxed_topology_persistent
1397,hysteresis,gradient_driven_coupling,self_reinforced_transport,transition_basin,0.9999999989191346,0.4839172612798846,0.1233380280456506,0.7374884186315549,,,,,1.110934702672886,-0.51608273763925,-0.3477840385586502,0.050224424305925455,0.7462013212530252,0.0,0.0,transition_basin,intermediate_relaxation
1398,hysteresis,gradient_driven_coupling,self_reinforced_transport,transition_basin,0.9999999996724244,0.4649872157254052,0.2635953366177563,0.8082110895451731,,,,,1.1028205248964644,-0.5350127839470191,-0.365199626538288,0.10764935645083108,0.8201380666626902,0.0,0.0,transition_basin,intermediate_relaxation
1399,hysteresis,gradient_driven_coupling,self_reinforced_transport,coupled_memory_basin,0.9999999998213658,0.5333902920938812,0.3433920465935376,0.8506970127431062,,,,,1.133360138412644,-0.46660970772748456,-0.30429937517366945,0.14032017198548255,0.8645548123313733,0.0,0.0,coupled_memory_basin,transport_and_topology_unrelaxed
1400,hysteresis,gradient_driven_coupling,self_reinforced_transport,coupled_memory_basin,0.9999999997568366,0.9740315337124672,0.1824405196613945,0.8948559225674277,,,,,1.3959718579469769,-0.02596846604436942,-0.013155041145020327,0.07442249715632618,0.9107205754603861,0.0,0.0,coupled_memory_basin,transport_and_topology_unrelaxed
1401,hysteresis,gradient_driven_coupling,self_reinforced_transport,coupled_memory_basin,0.9999999991859984,0.5814224431456751,0.3138169122538534,0.8536014088567864,,,,,1.1567420005193392,-0.4185775560403232,-0.26468421393015096,0.12821135498390918,0.8675912021233861,0.0,0.0,coupled_memory_basin,transport_and_topology_unrelaxed
1402,hysteresis,gradient_driven_coupling,self_reinforced_transport,transition_basin,0.0,0.2010205270432672,0.232214196246669,0.2304897255983518,,,,,0.2010205270432672,0.2010205270432672,0.9999999999950253,0.09480111435360722,0.21616147963541144,0.2010205270432672,0.08670321294203868,transition_basin,intermediate_relaxation
1403,hysteresis,gradient_driven_coupling,self_reinforced_transport,transition_basin,0.0,0.3308562984459017,0.0123289381482694,0.0964570718103549,,,,,0.3308562984459017,0.3308562984459017,0.9999999999969776,0.004774461521650004,0.07603755513305423,0.3308562984459017,0.14270335731034742,transition_basin,intermediate_relaxation
1404,hysteresis,gradient_driven_coupling,self_reinforced_transport,transition_basin,0.0,0.3140693031784039,0.094628137952188,0.1584367935817158,,,,,0.3140693031784039,0.3140693031784039,0.9999999999968161,0.03846986044548166,0.14083401785104482,0.3140693031784039,0.13546287074540284,transition_basin,intermediate_relaxation
1405,hysteresis,gradient_driven_coupling,self_reinforced_transport,transport_dominant_basin,0.9999999992352048,0.390212543933102,0.2010064843905574,0.7573045363092318,,,,,1.0734364573243973,-0.6097874553021028,-0.43862894080350695,0.08202387832947758,0.7669180055752548,0.0,0.0,transport_dominant_basin,transport_unrelaxed_topology_relaxed
1406,hysteresis,gradient_driven_coupling,self_reinforced_transport,coupled_memory_basin,0.9999999997614004,0.5909303732839758,0.3112063257479387,0.8556282515092034,,,,,1.161550130468909,-0.4090696264774246,-0.25712603983675414,0.12714251404801252,0.8697101570107129,0.0,0.0,coupled_memory_basin,transport_and_topology_unrelaxed
1407,hysteresis,suppression_sensitive_coupling,self_reinforced_transport,coupled_memory_basin,0.8132509425539286,0.7219092788180019,0.1204490707586591,0.6929431674683613,,,,,1.0874419995606115,-0.09134166373592667,-0.05949975935035474,0.04904161124709844,0.6996316590511352,0.0,0.0,coupled_memory_basin,transport_and_topology_unrelaxed
1408,hysteresis,suppression_sensitive_coupling,self_reinforced_transport,transport_dominant_basin,0.6937370437191694,0.3585646138007488,0.061785607941172,0.4739121051731577,,,,,0.7809223188629538,-0.33517242991842067,-0.3185136386728136,0.025023288024052046,0.47064647395385456,0.0,0.0,transport_dominant_basin,transport_unrelaxed_topology_relaxed
1409,hysteresis,suppression_sensitive_coupling,self_reinforced_transport,transition_basin,0.4392402882241887,0.1661195661788095,0.0027654923397255,0.2663515206731208,,,,,0.469603812874964,-0.2731207220453792,-0.45117085326756234,0.0008589420223949324,0.2536530559308735,0.0,0.0,transition_basin,intermediate_relaxation
1410,hysteresis,suppression_sensitive_coupling,self_reinforced_transport,transition_basin,0.0495765295981728,0.4300307996696286,0.0302406962077572,0.1494661703360718,,,,,0.43287910662389184,0.3804542700714558,0.7932620017535761,0.012107993739211871,0.13145571414007046,0.3804542700714558,0.16409571737722767,transition_basin,intermediate_relaxation
1411,hysteresis,suppression_sensitive_coupling,self_reinforced_transport,transition_basin,0.4890804042576482,0.463222291498528,0.0428158307288901,0.3876614545284285,,,,,0.6736278892459633,-0.0258581127591202,-0.027153249564793477,0.017256575684357886,0.3804760616128617,0.0,0.0,transition_basin,intermediate_relaxation
1412,hysteresis,suppression_sensitive_coupling,self_reinforced_transport,transition_basin,0.7140243778919102,0.4370371105374718,0.1644639166456616,0.6062122728680026,,,,,0.8371572422256596,-0.2769872673544384,-0.24063637793333317,0.06706241575391096,0.6089591775062618,0.0,0.0,transition_basin,intermediate_relaxation
1413,hysteresis,suppression_sensitive_coupling,self_reinforced_transport,transition_basin,0.8188867844329302,0.4705354516515516,0.2575142936396557,0.7054979705162533,,,,,0.9444464923857963,-0.3483513327813786,-0.2701607922001779,0.10515962180567955,0.712757029807484,0.0,0.0,transition_basin,intermediate_relaxation
1414,hysteresis,suppression_sensitive_coupling,self_reinforced_transport,coupled_memory_basin,0.9091880064382264,0.9083556436813672,0.0425723294907154,0.7043047129121884,,,,,1.2851975748727926,-0.0008323627568591618,-0.0004579602568576192,0.017156880044809846,0.7115095432159828,0.0,0.0,coupled_memory_basin,transport_and_topology_unrelaxed
1415,hysteresis,suppression_sensitive_coupling,self_reinforced_transport,coupled_memory_basin,0.8225272369542975,0.5945403948752668,0.1115879316058214,0.6531986186133735,,,,,1.0149036095463002,-0.22798684207903075,-0.16088635218103028,0.04541363406887764,0.6580808726886906,0.0,0.0,coupled_memory_basin,transport_and_topology_unrelaxed
1416,hysteresis,suppression_sensitive_coupling,self_reinforced_transport,transport_dominant_basin,0.5824117269762892,0.1395600768605322,0.1653066534152882,0.4694768851301357,,,,,0.5988993527904511,-0.442851650115757,-0.6133918911537383,0.06740745375802285,0.4660096901485979,0.0,0.0,transport_dominant_basin,transport_unrelaxed_topology_relaxed
1417,hysteresis,suppression_sensitive_coupling,self_reinforced_transport,transition_basin,0.0481260983584079,0.4815107411673648,0.078148867040698,0.2108235924092507,,,,,0.4839098213538842,0.4333846428089569,0.8182675570607654,0.03172282513214303,0.19560159602226102,0.4333846428089569,0.18692539276442463,transition_basin,intermediate_relaxation
1418,hysteresis,suppression_sensitive_coupling,self_reinforced_transport,transition_basin,0.6178952238958159,0.4890167337933139,0.1308985849832011,0.5558544426431108,,,,,0.7879923055735641,-0.12887849010250196,-0.11643066027712057,0.053319909835603446,0.5563127767888929,0.0,0.0,transition_basin,intermediate_relaxation
1419,hysteresis,suppression_sensitive_coupling,self_reinforced_transport,transition_basin,0.8331575093500554,0.4819897803474723,0.2862530186677334,0.7342998248575112,,,,,0.9625308222315753,-0.3511677290025831,-0.26701779470121667,0.11692599142641157,0.7428678181055796,0.0,0.0,transition_basin,intermediate_relaxation
1420,hysteresis,suppression_sensitive_coupling,self_reinforced_transport,coupled_memory_basin,0.9113266923760596,0.5582741701404627,0.3734868213771931,0.8115019599264531,,,,,1.0687312053473086,-0.3530525222355969,-0.24023701349140125,0.15264174308549533,0.8235784944974095,0.0,0.0,coupled_memory_basin,transport_and_topology_unrelaxed
1421,hysteresis,suppression_sensitive_coupling,self_reinforced_transport,coupled_memory_basin,0.9255111687310316,0.9798150511624584,0.2144280170110479,0.8734792156030715,,,,,1.3478161810611902,0.05430388243142681,0.028501094387098688,0.08751899732084248,0.8883723790460977,0.05430388243142681,0.023422091023659605,coupled_memory_basin,transport_and_topology_unrelaxed
1422,hysteresis,suppression_sensitive_coupling,self_reinforced_transport,coupled_memory_basin,0.8474275268786343,0.656835719903732,0.3269311821025971,0.8031439095868543,,,,,1.0721784255678215,-0.1905918069749023,-0.1267010992806301,0.1335806727318462,0.8148406027846534,0.0,0.0,coupled_memory_basin,transport_and_topology_unrelaxed
1423,hysteresis,suppression_sensitive_coupling,self_reinforced_transport,transport_dominant_basin,0.6196436807712212,0.1563523567159712,0.2630913731865094,0.5398584741917449,,,,,0.6390652162106348,-0.46329132405525003,-0.5970279507545804,0.10744302092266864,0.5395898528425641,0.0,0.0,transport_dominant_basin,transport_unrelaxed_topology_relaxed
1424,hysteresis,suppression_sensitive_coupling,self_reinforced_transport,transition_basin,0.0327895169136267,0.3288494845236369,0.0132165096074943,0.113168773269233,,,,,0.3304801596024952,0.2960599676100102,0.8186616112547569,0.005137855995268767,0.0935087394105342,0.2960599676100102,0.12769517020407958,transition_basin,intermediate_relaxation
1425,hysteresis,suppression_sensitive_coupling,self_reinforced_transport,transport_dominant_basin,0.6410887590567627,0.3201844471199768,0.1200182810246066,0.5118732220796,,,,,0.7165981280790964,-0.32090431193678587,-0.3338325773302066,0.048865234903515825,0.5103327782169716,0.0,0.0,transport_dominant_basin,transport_unrelaxed_topology_relaxed
1426,hysteresis,suppression_sensitive_coupling,self_reinforced_transport,transition_basin,0.8529395446927301,0.4041464833645571,0.2391473222946381,0.7100250409088221,,,,,0.9438433381216292,-0.44879306132817304,-0.35701061925044625,0.09763971361741687,0.7174898382088497,0.0,0.0,transition_basin,intermediate_relaxation
1427,hysteresis,suppression_sensitive_coupling,self_reinforced_transport,coupled_memory_basin,0.926347408001774,0.6110339085774446,0.3549498614002879,0.8315514999859351,,,,,1.1097215676659773,-0.3153134994243294,-0.2050977828491626,0.14505223720032168,0.8445392093545934,0.0,0.0,coupled_memory_basin,transport_and_topology_unrelaxed
